# ************************************************************
# Sequel Pro SQL dump
# Version 4541
#
# http://www.sequelpro.com/
# https://github.com/sequelpro/sequelpro
#
# Host: 127.0.0.1 (MySQL 11.7.2-MariaDB-ubu2404)
# Database: strapi
# Generation Time: 2026-06-08 16:58:54 +0000
# ************************************************************


/*!40101 SET @OLD_CHARACTER_SET_CLIENT=@@CHARACTER_SET_CLIENT */;
/*!40101 SET @OLD_CHARACTER_SET_RESULTS=@@CHARACTER_SET_RESULTS */;
/*!40101 SET @OLD_COLLATION_CONNECTION=@@COLLATION_CONNECTION */;
/*!40101 SET NAMES utf8 */;
/*!40014 SET @OLD_FOREIGN_KEY_CHECKS=@@FOREIGN_KEY_CHECKS, FOREIGN_KEY_CHECKS=0 */;
/*!40101 SET @OLD_SQL_MODE=@@SQL_MODE, SQL_MODE='NO_AUTO_VALUE_ON_ZERO' */;
/*!40111 SET @OLD_SQL_NOTES=@@SQL_NOTES, SQL_NOTES=0 */;


# Dump of table admin_permissions
# ------------------------------------------------------------

DROP TABLE IF EXISTS `admin_permissions`;

CREATE TABLE `admin_permissions` (
  `id` int(10) unsigned NOT NULL AUTO_INCREMENT,
  `document_id` varchar(255) DEFAULT NULL,
  `action` varchar(255) DEFAULT NULL,
  `action_parameters` longtext CHARACTER SET utf8mb4 COLLATE utf8mb4_bin DEFAULT NULL CHECK (json_valid(`action_parameters`)),
  `subject` varchar(255) DEFAULT NULL,
  `properties` longtext CHARACTER SET utf8mb4 COLLATE utf8mb4_bin DEFAULT NULL CHECK (json_valid(`properties`)),
  `conditions` longtext CHARACTER SET utf8mb4 COLLATE utf8mb4_bin DEFAULT NULL CHECK (json_valid(`conditions`)),
  `created_at` datetime(6) DEFAULT NULL,
  `updated_at` datetime(6) DEFAULT NULL,
  `published_at` datetime(6) DEFAULT NULL,
  `created_by_id` int(10) unsigned DEFAULT NULL,
  `updated_by_id` int(10) unsigned DEFAULT NULL,
  `locale` varchar(255) DEFAULT NULL,
  PRIMARY KEY (`id`),
  KEY `admin_permissions_documents_idx` (`document_id`,`locale`,`published_at`),
  KEY `admin_permissions_created_by_id_fk` (`created_by_id`),
  KEY `admin_permissions_updated_by_id_fk` (`updated_by_id`),
  CONSTRAINT `admin_permissions_created_by_id_fk` FOREIGN KEY (`created_by_id`) REFERENCES `admin_users` (`id`) ON DELETE SET NULL,
  CONSTRAINT `admin_permissions_updated_by_id_fk` FOREIGN KEY (`updated_by_id`) REFERENCES `admin_users` (`id`) ON DELETE SET NULL
) ENGINE=InnoDB DEFAULT CHARSET=utf8mb4 COLLATE=utf8mb4_uca1400_ai_ci;

LOCK TABLES `admin_permissions` WRITE;
/*!40000 ALTER TABLE `admin_permissions` DISABLE KEYS */;

INSERT INTO `admin_permissions` (`id`, `document_id`, `action`, `action_parameters`, `subject`, `properties`, `conditions`, `created_at`, `updated_at`, `published_at`, `created_by_id`, `updated_by_id`, `locale`)
VALUES
	(1,'i7ygiwj7sejlehhydh231azo','plugin::content-manager.explorer.create',X'7B7D','api::page.page',X'7B226669656C6473223A5B227469746C65222C22736C7567222C2273656F2E6D6574615469746C65222C2273656F2E6D6574614465736372697074696F6E222C2273656F2E6D657461496D616765222C2273656F2E6F70656E47726170682E6F675469746C65222C2273656F2E6F70656E47726170682E6F674465736372697074696F6E222C2273656F2E6F70656E47726170682E6F67496D616765222C2273656F2E6F70656E47726170682E6F6755726C222C2273656F2E6F70656E47726170682E6F6754797065222C2273656F2E6B6579776F726473222C2273656F2E6D657461526F626F7473222C2273656F2E6D65746156696577706F7274222C2273656F2E63616E6F6E6963616C55524C222C2273656F2E7374727563747572656444617461222C2273656F2E617574686F72732E6E616D65222C2273656F2E617574686F72732E75726C222C2273656F2E726F626F74732E696E646578222C2273656F2E726F626F74732E666F6C6C6F77222C2273656F2E726F626F74732E6E6F6361636865222C2273656F2E726F626F74732E6E6F696D616765696E646578225D7D',X'5B5D','2025-10-21 18:18:02.929000','2026-01-18 01:29:31.661000','2025-10-21 18:18:02.929000',NULL,NULL,NULL),
	(2,'i3s245a6wgcpeiw6wiytoqnk','plugin::content-manager.explorer.read',X'7B7D','api::page.page',X'7B226669656C6473223A5B227469746C65222C22736C7567222C2273656F2E6D6574615469746C65222C2273656F2E6D6574614465736372697074696F6E222C2273656F2E6D657461496D616765222C2273656F2E6F70656E47726170682E6F675469746C65222C2273656F2E6F70656E47726170682E6F674465736372697074696F6E222C2273656F2E6F70656E47726170682E6F67496D616765222C2273656F2E6F70656E47726170682E6F6755726C222C2273656F2E6F70656E47726170682E6F6754797065222C2273656F2E6B6579776F726473222C2273656F2E6D657461526F626F7473222C2273656F2E6D65746156696577706F7274222C2273656F2E63616E6F6E6963616C55524C222C2273656F2E7374727563747572656444617461222C2273656F2E617574686F72732E6E616D65222C2273656F2E617574686F72732E75726C222C2273656F2E726F626F74732E696E646578222C2273656F2E726F626F74732E666F6C6C6F77222C2273656F2E726F626F74732E6E6F6361636865222C2273656F2E726F626F74732E6E6F696D616765696E646578225D7D',X'5B5D','2025-10-21 18:18:02.932000','2026-01-18 01:29:31.661000','2025-10-21 18:18:02.932000',NULL,NULL,NULL),
	(3,'dwyn4hfgqq22rvkcxoi406ms','plugin::content-manager.explorer.update',X'7B7D','api::page.page',X'7B226669656C6473223A5B227469746C65222C22736C7567222C2273656F2E6D6574615469746C65222C2273656F2E6D6574614465736372697074696F6E222C2273656F2E6D657461496D616765222C2273656F2E6F70656E47726170682E6F675469746C65222C2273656F2E6F70656E47726170682E6F674465736372697074696F6E222C2273656F2E6F70656E47726170682E6F67496D616765222C2273656F2E6F70656E47726170682E6F6755726C222C2273656F2E6F70656E47726170682E6F6754797065222C2273656F2E6B6579776F726473222C2273656F2E6D657461526F626F7473222C2273656F2E6D65746156696577706F7274222C2273656F2E63616E6F6E6963616C55524C222C2273656F2E7374727563747572656444617461222C2273656F2E617574686F72732E6E616D65222C2273656F2E617574686F72732E75726C222C2273656F2E726F626F74732E696E646578222C2273656F2E726F626F74732E666F6C6C6F77222C2273656F2E726F626F74732E6E6F6361636865222C2273656F2E726F626F74732E6E6F696D616765696E646578225D7D',X'5B5D','2025-10-21 18:18:02.935000','2026-01-18 01:29:31.661000','2025-10-21 18:18:02.935000',NULL,NULL,NULL),
	(6,'l66ktybe9suk5p6fkl3x610s','plugin::upload.read',X'7B7D',NULL,X'7B7D',X'5B5D','2025-10-21 18:18:02.943000','2025-10-21 18:18:02.943000','2025-10-21 18:18:02.943000',NULL,NULL,NULL),
	(7,'g0tf46x7p0ubevyke89ouyib','plugin::upload.configure-view',X'7B7D',NULL,X'7B7D',X'5B5D','2025-10-21 18:18:02.945000','2025-10-21 18:18:02.945000','2025-10-21 18:18:02.945000',NULL,NULL,NULL),
	(8,'y6prc4o9nb4l9za3c4lm6cbp','plugin::upload.assets.create',X'7B7D',NULL,X'7B7D',X'5B5D','2025-10-21 18:18:02.948000','2025-10-21 18:18:02.948000','2025-10-21 18:18:02.948000',NULL,NULL,NULL),
	(9,'e3am94origxmt1y3lca8b3o1','plugin::upload.assets.update',X'7B7D',NULL,X'7B7D',X'5B5D','2025-10-21 18:18:02.950000','2025-10-21 18:18:02.950000','2025-10-21 18:18:02.950000',NULL,NULL,NULL),
	(10,'a4hx3vyugk499dpik8a34x0b','plugin::upload.assets.download',X'7B7D',NULL,X'7B7D',X'5B5D','2025-10-21 18:18:02.952000','2025-10-21 18:18:02.952000','2025-10-21 18:18:02.952000',NULL,NULL,NULL),
	(11,'pt1ykm87bjx7h6kv5ng5c9c7','plugin::upload.assets.copy-link',X'7B7D',NULL,X'7B7D',X'5B5D','2025-10-21 18:18:02.955000','2025-10-21 18:18:02.955000','2025-10-21 18:18:02.955000',NULL,NULL,NULL),
	(12,'y5cmcpf76fy5tow68bmre8hp','plugin::content-manager.explorer.create',X'7B7D','api::page.page',X'7B226669656C6473223A5B227469746C65222C22736C7567222C2273656F2E6D6574615469746C65222C2273656F2E6D6574614465736372697074696F6E222C2273656F2E6D657461496D616765222C2273656F2E6F70656E47726170682E6F675469746C65222C2273656F2E6F70656E47726170682E6F674465736372697074696F6E222C2273656F2E6F70656E47726170682E6F67496D616765222C2273656F2E6F70656E47726170682E6F6755726C222C2273656F2E6F70656E47726170682E6F6754797065222C2273656F2E6B6579776F726473222C2273656F2E6D657461526F626F7473222C2273656F2E6D65746156696577706F7274222C2273656F2E63616E6F6E6963616C55524C222C2273656F2E7374727563747572656444617461222C2273656F2E617574686F72732E6E616D65222C2273656F2E617574686F72732E75726C222C2273656F2E726F626F74732E696E646578222C2273656F2E726F626F74732E666F6C6C6F77222C2273656F2E726F626F74732E6E6F6361636865222C2273656F2E726F626F74732E6E6F696D616765696E646578225D7D',X'5B2261646D696E3A3A69732D63726561746F72225D','2025-10-21 18:18:02.958000','2026-01-18 01:29:31.661000','2025-10-21 18:18:02.958000',NULL,NULL,NULL),
	(13,'tatjlylxa49a9140tu3rjtzx','plugin::content-manager.explorer.read',X'7B7D','api::page.page',X'7B226669656C6473223A5B227469746C65222C22736C7567222C2273656F2E6D6574615469746C65222C2273656F2E6D6574614465736372697074696F6E222C2273656F2E6D657461496D616765222C2273656F2E6F70656E47726170682E6F675469746C65222C2273656F2E6F70656E47726170682E6F674465736372697074696F6E222C2273656F2E6F70656E47726170682E6F67496D616765222C2273656F2E6F70656E47726170682E6F6755726C222C2273656F2E6F70656E47726170682E6F6754797065222C2273656F2E6B6579776F726473222C2273656F2E6D657461526F626F7473222C2273656F2E6D65746156696577706F7274222C2273656F2E63616E6F6E6963616C55524C222C2273656F2E7374727563747572656444617461222C2273656F2E617574686F72732E6E616D65222C2273656F2E617574686F72732E75726C222C2273656F2E726F626F74732E696E646578222C2273656F2E726F626F74732E666F6C6C6F77222C2273656F2E726F626F74732E6E6F6361636865222C2273656F2E726F626F74732E6E6F696D616765696E646578225D7D',X'5B2261646D696E3A3A69732D63726561746F72225D','2025-10-21 18:18:02.961000','2026-01-18 01:29:31.661000','2025-10-21 18:18:02.961000',NULL,NULL,NULL),
	(14,'fhopoavpixwan4zrzx5qta7d','plugin::content-manager.explorer.update',X'7B7D','api::page.page',X'7B226669656C6473223A5B227469746C65222C22736C7567222C2273656F2E6D6574615469746C65222C2273656F2E6D6574614465736372697074696F6E222C2273656F2E6D657461496D616765222C2273656F2E6F70656E47726170682E6F675469746C65222C2273656F2E6F70656E47726170682E6F674465736372697074696F6E222C2273656F2E6F70656E47726170682E6F67496D616765222C2273656F2E6F70656E47726170682E6F6755726C222C2273656F2E6F70656E47726170682E6F6754797065222C2273656F2E6B6579776F726473222C2273656F2E6D657461526F626F7473222C2273656F2E6D65746156696577706F7274222C2273656F2E63616E6F6E6963616C55524C222C2273656F2E7374727563747572656444617461222C2273656F2E617574686F72732E6E616D65222C2273656F2E617574686F72732E75726C222C2273656F2E726F626F74732E696E646578222C2273656F2E726F626F74732E666F6C6C6F77222C2273656F2E726F626F74732E6E6F6361636865222C2273656F2E726F626F74732E6E6F696D616765696E646578225D7D',X'5B2261646D696E3A3A69732D63726561746F72225D','2025-10-21 18:18:02.963000','2026-01-18 01:29:31.661000','2025-10-21 18:18:02.963000',NULL,NULL,NULL),
	(16,'gp2ybybug36vxc57s6sgf4nv','plugin::upload.read',X'7B7D',NULL,X'7B7D',X'5B2261646D696E3A3A69732D63726561746F72225D','2025-10-21 18:18:02.968000','2025-10-21 18:18:02.968000','2025-10-21 18:18:02.968000',NULL,NULL,NULL),
	(17,'ummqdw0uub49lc8mcdvj3z4l','plugin::upload.configure-view',X'7B7D',NULL,X'7B7D',X'5B5D','2025-10-21 18:18:02.970000','2025-10-21 18:18:02.970000','2025-10-21 18:18:02.970000',NULL,NULL,NULL),
	(18,'gf5az9wyi9ev9w02fld5hfdu','plugin::upload.assets.create',X'7B7D',NULL,X'7B7D',X'5B5D','2025-10-21 18:18:02.973000','2025-10-21 18:18:02.973000','2025-10-21 18:18:02.973000',NULL,NULL,NULL),
	(19,'o54f9be9sj1mhkuhct4nleke','plugin::upload.assets.update',X'7B7D',NULL,X'7B7D',X'5B2261646D696E3A3A69732D63726561746F72225D','2025-10-21 18:18:02.975000','2025-10-21 18:18:02.975000','2025-10-21 18:18:02.975000',NULL,NULL,NULL),
	(20,'d7uo4r4pueic1wdsf27t15zp','plugin::upload.assets.download',X'7B7D',NULL,X'7B7D',X'5B5D','2025-10-21 18:18:02.978000','2025-10-21 18:18:02.978000','2025-10-21 18:18:02.978000',NULL,NULL,NULL),
	(21,'mldhp298k6jfn94b4t0har2f','plugin::upload.assets.copy-link',X'7B7D',NULL,X'7B7D',X'5B5D','2025-10-21 18:18:02.980000','2025-10-21 18:18:02.980000','2025-10-21 18:18:02.980000',NULL,NULL,NULL),
	(23,'w8oy2sk8j0f23mlu824298z9','plugin::content-manager.explorer.create',X'7B7D','plugin::users-permissions.user',X'7B226669656C6473223A5B22757365726E616D65222C22656D61696C222C2270726F7669646572222C2270617373776F7264222C22726573657450617373776F7264546F6B656E222C22636F6E6669726D6174696F6E546F6B656E222C22636F6E6669726D6564222C22626C6F636B6564222C22726F6C65225D7D',X'5B5D','2025-10-21 18:18:02.993000','2025-10-21 18:18:02.993000','2025-10-21 18:18:02.993000',NULL,NULL,NULL),
	(25,'w96xqitm3dhy73uap5cg6rvc','plugin::content-manager.explorer.read',X'7B7D','plugin::users-permissions.user',X'7B226669656C6473223A5B22757365726E616D65222C22656D61696C222C2270726F7669646572222C2270617373776F7264222C22726573657450617373776F7264546F6B656E222C22636F6E6669726D6174696F6E546F6B656E222C22636F6E6669726D6564222C22626C6F636B6564222C22726F6C65225D7D',X'5B5D','2025-10-21 18:18:02.998000','2025-10-21 18:18:02.998000','2025-10-21 18:18:02.998000',NULL,NULL,NULL),
	(27,'troaq2rwbxwqya4urxr3yg13','plugin::content-manager.explorer.update',X'7B7D','plugin::users-permissions.user',X'7B226669656C6473223A5B22757365726E616D65222C22656D61696C222C2270726F7669646572222C2270617373776F7264222C22726573657450617373776F7264546F6B656E222C22636F6E6669726D6174696F6E546F6B656E222C22636F6E6669726D6564222C22626C6F636B6564222C22726F6C65225D7D',X'5B5D','2025-10-21 18:18:03.003000','2025-10-21 18:18:03.003000','2025-10-21 18:18:03.003000',NULL,NULL,NULL),
	(28,'z72kmzdhihihv3gdgjsoogym','plugin::content-manager.explorer.delete',X'7B7D','api::page.page',X'7B226C6F63616C6573223A5B22656E225D7D',X'5B5D','2025-10-21 18:18:03.006000','2025-10-21 18:18:03.006000','2025-10-21 18:18:03.006000',NULL,NULL,NULL),
	(29,'gfa3mpql28b0t2n0sazar72t','plugin::content-manager.explorer.delete',X'7B7D','plugin::users-permissions.user',X'7B7D',X'5B5D','2025-10-21 18:18:03.008000','2025-10-21 18:18:03.008000','2025-10-21 18:18:03.008000',NULL,NULL,NULL),
	(30,'nxu04i8eramr3bfwpxq26cr2','plugin::content-manager.explorer.publish',X'7B7D','api::page.page',X'7B226C6F63616C6573223A5B22656E225D7D',X'5B5D','2025-10-21 18:18:03.010000','2025-10-21 18:18:03.010000','2025-10-21 18:18:03.011000',NULL,NULL,NULL),
	(31,'hmm5p5sdicxx5a9ku7ia9w4f','plugin::content-manager.explorer.publish',X'7B7D','plugin::users-permissions.user',X'7B7D',X'5B5D','2025-10-21 18:18:03.013000','2025-10-21 18:18:03.013000','2025-10-21 18:18:03.013000',NULL,NULL,NULL),
	(32,'jtjchbs41ubw1k2ttwtn0mbw','plugin::content-manager.single-types.configure-view',X'7B7D',NULL,X'7B7D',X'5B5D','2025-10-21 18:18:03.015000','2025-10-21 18:18:03.015000','2025-10-21 18:18:03.015000',NULL,NULL,NULL),
	(33,'wfyxqp08687dpvcghbd19m42','plugin::content-manager.collection-types.configure-view',X'7B7D',NULL,X'7B7D',X'5B5D','2025-10-21 18:18:03.017000','2025-10-21 18:18:03.017000','2025-10-21 18:18:03.017000',NULL,NULL,NULL),
	(34,'i5h8rax7v693mi7cq275k9dp','plugin::content-manager.components.configure-layout',X'7B7D',NULL,X'7B7D',X'5B5D','2025-10-21 18:18:03.020000','2025-10-21 18:18:03.020000','2025-10-21 18:18:03.020000',NULL,NULL,NULL),
	(35,'xrb72ta4jtzdf3i4z08po571','plugin::content-type-builder.read',X'7B7D',NULL,X'7B7D',X'5B5D','2025-10-21 18:18:03.022000','2025-10-21 18:18:03.022000','2025-10-21 18:18:03.022000',NULL,NULL,NULL),
	(36,'icqdnenj9atr9q2v1qg37ncg','plugin::email.settings.read',X'7B7D',NULL,X'7B7D',X'5B5D','2025-10-21 18:18:03.024000','2025-10-21 18:18:03.024000','2025-10-21 18:18:03.024000',NULL,NULL,NULL),
	(37,'x2p1smxrd2a7z7cv0dvjdc7n','plugin::upload.read',X'7B7D',NULL,X'7B7D',X'5B5D','2025-10-21 18:18:03.027000','2025-10-21 18:18:03.027000','2025-10-21 18:18:03.027000',NULL,NULL,NULL),
	(38,'ultk6op3q0c1vxezkn6vls4k','plugin::upload.assets.create',X'7B7D',NULL,X'7B7D',X'5B5D','2025-10-21 18:18:03.029000','2025-10-21 18:18:03.029000','2025-10-21 18:18:03.029000',NULL,NULL,NULL),
	(39,'toq62l3m9yhslksqnmj8m0fj','plugin::upload.assets.update',X'7B7D',NULL,X'7B7D',X'5B5D','2025-10-21 18:18:03.031000','2025-10-21 18:18:03.031000','2025-10-21 18:18:03.031000',NULL,NULL,NULL),
	(40,'lpqhy8glfwh4j1z74pubwkym','plugin::upload.assets.download',X'7B7D',NULL,X'7B7D',X'5B5D','2025-10-21 18:18:03.034000','2025-10-21 18:18:03.034000','2025-10-21 18:18:03.034000',NULL,NULL,NULL),
	(41,'tq7dvd43piiaqpm62nxcnpbu','plugin::upload.assets.copy-link',X'7B7D',NULL,X'7B7D',X'5B5D','2025-10-21 18:18:03.036000','2025-10-21 18:18:03.036000','2025-10-21 18:18:03.036000',NULL,NULL,NULL),
	(42,'gkbttkxcgl1srp70n0m9tdbx','plugin::upload.configure-view',X'7B7D',NULL,X'7B7D',X'5B5D','2025-10-21 18:18:03.038000','2025-10-21 18:18:03.038000','2025-10-21 18:18:03.038000',NULL,NULL,NULL),
	(43,'d7r84t0u4spwtif1tf6g1ew3','plugin::upload.settings.read',X'7B7D',NULL,X'7B7D',X'5B5D','2025-10-21 18:18:03.040000','2025-10-21 18:18:03.040000','2025-10-21 18:18:03.040000',NULL,NULL,NULL),
	(44,'wo9kdn5k5pfcsy6i9bci82su','plugin::i18n.locale.create',X'7B7D',NULL,X'7B7D',X'5B5D','2025-10-21 18:18:03.043000','2025-10-21 18:18:03.043000','2025-10-21 18:18:03.043000',NULL,NULL,NULL),
	(45,'o6ixtee8o7i6v1pi6joc9wjj','plugin::i18n.locale.read',X'7B7D',NULL,X'7B7D',X'5B5D','2025-10-21 18:18:03.046000','2025-10-21 18:18:03.046000','2025-10-21 18:18:03.046000',NULL,NULL,NULL),
	(46,'jntducfhvnbolu480v4aej9c','plugin::i18n.locale.update',X'7B7D',NULL,X'7B7D',X'5B5D','2025-10-21 18:18:03.053000','2025-10-21 18:18:03.053000','2025-10-21 18:18:03.053000',NULL,NULL,NULL),
	(47,'ksh8v8iewu4sz7xq7c195odb','plugin::i18n.locale.delete',X'7B7D',NULL,X'7B7D',X'5B5D','2025-10-21 18:18:03.056000','2025-10-21 18:18:03.056000','2025-10-21 18:18:03.056000',NULL,NULL,NULL),
	(49,'gl8gsc9y81gxpst8ymwhqish','plugin::users-permissions.roles.create',X'7B7D',NULL,X'7B7D',X'5B5D','2025-10-21 18:18:03.062000','2025-10-21 18:18:03.062000','2025-10-21 18:18:03.062000',NULL,NULL,NULL),
	(50,'b37jkjl2rnkljp3v7y97qtc9','plugin::users-permissions.roles.read',X'7B7D',NULL,X'7B7D',X'5B5D','2025-10-21 18:18:03.064000','2025-10-21 18:18:03.064000','2025-10-21 18:18:03.064000',NULL,NULL,NULL),
	(51,'crer5g57v37da5on87sqliuf','plugin::users-permissions.roles.update',X'7B7D',NULL,X'7B7D',X'5B5D','2025-10-21 18:18:03.067000','2025-10-21 18:18:03.067000','2025-10-21 18:18:03.068000',NULL,NULL,NULL),
	(52,'puym7dkdki0nd63k517wqqe0','plugin::users-permissions.roles.delete',X'7B7D',NULL,X'7B7D',X'5B5D','2025-10-21 18:18:03.070000','2025-10-21 18:18:03.070000','2025-10-21 18:18:03.070000',NULL,NULL,NULL),
	(53,'x4szdou857lqj1lmao0mkruu','plugin::users-permissions.providers.read',X'7B7D',NULL,X'7B7D',X'5B5D','2025-10-21 18:18:03.073000','2025-10-21 18:18:03.073000','2025-10-21 18:18:03.073000',NULL,NULL,NULL),
	(54,'ootp7pv9njf5wwox524mtmta','plugin::users-permissions.providers.update',X'7B7D',NULL,X'7B7D',X'5B5D','2025-10-21 18:18:03.076000','2025-10-21 18:18:03.076000','2025-10-21 18:18:03.076000',NULL,NULL,NULL),
	(55,'wut7fhk9ucu8262cwt6ermef','plugin::users-permissions.email-templates.read',X'7B7D',NULL,X'7B7D',X'5B5D','2025-10-21 18:18:03.078000','2025-10-21 18:18:03.078000','2025-10-21 18:18:03.078000',NULL,NULL,NULL),
	(56,'ey5yyam6skfeg567fqehf24u','plugin::users-permissions.email-templates.update',X'7B7D',NULL,X'7B7D',X'5B5D','2025-10-21 18:18:03.081000','2025-10-21 18:18:03.081000','2025-10-21 18:18:03.081000',NULL,NULL,NULL),
	(57,'ls3pclp0ugz9sytskukmnrwt','plugin::users-permissions.advanced-settings.read',X'7B7D',NULL,X'7B7D',X'5B5D','2025-10-21 18:18:03.083000','2025-10-21 18:18:03.083000','2025-10-21 18:18:03.083000',NULL,NULL,NULL),
	(58,'eaqho7av7vov3bhx72ynj151','plugin::users-permissions.advanced-settings.update',X'7B7D',NULL,X'7B7D',X'5B5D','2025-10-21 18:18:03.085000','2025-10-21 18:18:03.085000','2025-10-21 18:18:03.085000',NULL,NULL,NULL),
	(59,'wb27ixfh25apukfn8vpz4elt','admin::marketplace.read',X'7B7D',NULL,X'7B7D',X'5B5D','2025-10-21 18:18:03.088000','2025-10-21 18:18:03.088000','2025-10-21 18:18:03.088000',NULL,NULL,NULL),
	(60,'rqrqvgj57n4fy46ojpv2wg9g','admin::webhooks.create',X'7B7D',NULL,X'7B7D',X'5B5D','2025-10-21 18:18:03.091000','2025-10-21 18:18:03.091000','2025-10-21 18:18:03.091000',NULL,NULL,NULL),
	(61,'hsb0pgr56gphfa9cc6v3va1t','admin::webhooks.read',X'7B7D',NULL,X'7B7D',X'5B5D','2025-10-21 18:18:03.093000','2025-10-21 18:18:03.093000','2025-10-21 18:18:03.093000',NULL,NULL,NULL),
	(62,'tae8t79wate1hqara6j3noa3','admin::webhooks.update',X'7B7D',NULL,X'7B7D',X'5B5D','2025-10-21 18:18:03.095000','2025-10-21 18:18:03.095000','2025-10-21 18:18:03.095000',NULL,NULL,NULL),
	(63,'n5fb7irpk5poiyvzggise9eh','admin::webhooks.delete',X'7B7D',NULL,X'7B7D',X'5B5D','2025-10-21 18:18:03.098000','2025-10-21 18:18:03.098000','2025-10-21 18:18:03.098000',NULL,NULL,NULL),
	(64,'rmuwlsuxk1okbw2en9cnznz4','admin::users.create',X'7B7D',NULL,X'7B7D',X'5B5D','2025-10-21 18:18:03.100000','2025-10-21 18:18:03.100000','2025-10-21 18:18:03.100000',NULL,NULL,NULL),
	(65,'gd5w9nj12gnz773k9wwsfezk','admin::users.read',X'7B7D',NULL,X'7B7D',X'5B5D','2025-10-21 18:18:03.102000','2025-10-21 18:18:03.102000','2025-10-21 18:18:03.102000',NULL,NULL,NULL),
	(66,'r84n9fzr0ums1i6dte54mnt2','admin::users.update',X'7B7D',NULL,X'7B7D',X'5B5D','2025-10-21 18:18:03.105000','2025-10-21 18:18:03.105000','2025-10-21 18:18:03.105000',NULL,NULL,NULL),
	(67,'ji3xko8lo1ou1ifqel27isrq','admin::users.delete',X'7B7D',NULL,X'7B7D',X'5B5D','2025-10-21 18:18:03.108000','2025-10-21 18:18:03.108000','2025-10-21 18:18:03.108000',NULL,NULL,NULL),
	(68,'elny1j16epncapsx1vgucwey','admin::roles.create',X'7B7D',NULL,X'7B7D',X'5B5D','2025-10-21 18:18:03.110000','2025-10-21 18:18:03.110000','2025-10-21 18:18:03.110000',NULL,NULL,NULL),
	(69,'vymhliv4krbudftoszk4pf57','admin::roles.read',X'7B7D',NULL,X'7B7D',X'5B5D','2025-10-21 18:18:03.112000','2025-10-21 18:18:03.112000','2025-10-21 18:18:03.112000',NULL,NULL,NULL),
	(70,'dxvmw4hi99pnnf65ob2wx9tw','admin::roles.update',X'7B7D',NULL,X'7B7D',X'5B5D','2025-10-21 18:18:03.115000','2025-10-21 18:18:03.115000','2025-10-21 18:18:03.115000',NULL,NULL,NULL),
	(71,'ozlw9hsfkiiz5xtt7s6oofy1','admin::roles.delete',X'7B7D',NULL,X'7B7D',X'5B5D','2025-10-21 18:18:03.120000','2025-10-21 18:18:03.120000','2025-10-21 18:18:03.120000',NULL,NULL,NULL),
	(72,'x6uk6ifitpym7jrz846zqt3v','admin::api-tokens.access',X'7B7D',NULL,X'7B7D',X'5B5D','2025-10-21 18:18:03.123000','2025-10-21 18:18:03.123000','2025-10-21 18:18:03.123000',NULL,NULL,NULL),
	(73,'ao6iyuhanvzwagxkbzx70b7o','admin::api-tokens.create',X'7B7D',NULL,X'7B7D',X'5B5D','2025-10-21 18:18:03.127000','2025-10-21 18:18:03.127000','2025-10-21 18:18:03.127000',NULL,NULL,NULL),
	(74,'y07mp6uvni5n83em38st2vg6','admin::api-tokens.read',X'7B7D',NULL,X'7B7D',X'5B5D','2025-10-21 18:18:03.130000','2025-10-21 18:18:03.130000','2025-10-21 18:18:03.130000',NULL,NULL,NULL),
	(75,'pg9s1c32crvfpozucvd1wgmx','admin::api-tokens.update',X'7B7D',NULL,X'7B7D',X'5B5D','2025-10-21 18:18:03.132000','2025-10-21 18:18:03.132000','2025-10-21 18:18:03.133000',NULL,NULL,NULL),
	(76,'nx1zb4q1450qy82mlli8xz1a','admin::api-tokens.regenerate',X'7B7D',NULL,X'7B7D',X'5B5D','2025-10-21 18:18:03.135000','2025-10-21 18:18:03.135000','2025-10-21 18:18:03.135000',NULL,NULL,NULL),
	(77,'sn78j36ottghpn3gw5v7yik8','admin::api-tokens.delete',X'7B7D',NULL,X'7B7D',X'5B5D','2025-10-21 18:18:03.138000','2025-10-21 18:18:03.138000','2025-10-21 18:18:03.138000',NULL,NULL,NULL),
	(78,'mtjdyudxrhj4c5veazvqy5vu','admin::project-settings.update',X'7B7D',NULL,X'7B7D',X'5B5D','2025-10-21 18:18:03.140000','2025-10-21 18:18:03.140000','2025-10-21 18:18:03.140000',NULL,NULL,NULL),
	(79,'ias2z2v7qxmb70x1wrq3nqex','admin::project-settings.read',X'7B7D',NULL,X'7B7D',X'5B5D','2025-10-21 18:18:03.143000','2025-10-21 18:18:03.143000','2025-10-21 18:18:03.143000',NULL,NULL,NULL),
	(80,'e7omf7jy1147ghezqvmpccyo','admin::transfer.tokens.access',X'7B7D',NULL,X'7B7D',X'5B5D','2025-10-21 18:18:03.145000','2025-10-21 18:18:03.145000','2025-10-21 18:18:03.145000',NULL,NULL,NULL),
	(81,'hj532ce8cret7ymufdtfnuuo','admin::transfer.tokens.create',X'7B7D',NULL,X'7B7D',X'5B5D','2025-10-21 18:18:03.148000','2025-10-21 18:18:03.148000','2025-10-21 18:18:03.148000',NULL,NULL,NULL),
	(82,'n6sz9rlsctlco7qvdysox8a9','admin::transfer.tokens.read',X'7B7D',NULL,X'7B7D',X'5B5D','2025-10-21 18:18:03.151000','2025-10-21 18:18:03.151000','2025-10-21 18:18:03.151000',NULL,NULL,NULL),
	(83,'ny8706228ga1ck86x2x9ns60','admin::transfer.tokens.update',X'7B7D',NULL,X'7B7D',X'5B5D','2025-10-21 18:18:03.153000','2025-10-21 18:18:03.153000','2025-10-21 18:18:03.153000',NULL,NULL,NULL),
	(84,'mr7vx2d6jrfdqqy4n3o07rms','admin::transfer.tokens.regenerate',X'7B7D',NULL,X'7B7D',X'5B5D','2025-10-21 18:18:03.156000','2025-10-21 18:18:03.156000','2025-10-21 18:18:03.156000',NULL,NULL,NULL),
	(85,'ljzgyhg4fdpqi7wg0bgeag12','admin::transfer.tokens.delete',X'7B7D',NULL,X'7B7D',X'5B5D','2025-10-21 18:18:03.158000','2025-10-21 18:18:03.158000','2025-10-21 18:18:03.158000',NULL,NULL,NULL),
	(106,'g17ntdrg0cwnz5aa5530t5d2','plugin::content-manager.explorer.create',X'7B7D','api::page.page',X'7B226669656C6473223A5B227469746C65222C22736C7567222C2273656F2E6D6574615469746C65222C2273656F2E6D6574614465736372697074696F6E222C2273656F2E6D657461496D616765222C2273656F2E6F70656E47726170682E6F675469746C65222C2273656F2E6F70656E47726170682E6F674465736372697074696F6E222C2273656F2E6F70656E47726170682E6F67496D616765222C2273656F2E6F70656E47726170682E6F6755726C222C2273656F2E6F70656E47726170682E6F6754797065222C2273656F2E6B6579776F726473222C2273656F2E6D657461526F626F7473222C2273656F2E6D65746156696577706F7274222C2273656F2E63616E6F6E6963616C55524C222C2273656F2E7374727563747572656444617461222C2273656F2E617574686F72732E6E616D65222C2273656F2E617574686F72732E75726C222C2273656F2E726F626F74732E696E646578222C2273656F2E726F626F74732E666F6C6C6F77222C2273656F2E726F626F74732E6E6F6361636865222C2273656F2E726F626F74732E6E6F696D616765696E646578225D2C226C6F63616C6573223A5B22656E225D7D',X'5B5D','2026-01-18 01:29:31.640000','2026-01-18 01:29:31.640000','2026-01-18 01:29:31.640000',NULL,NULL,NULL),
	(107,'e8yvwrt40fxe0x3nls05i2ld','plugin::content-manager.explorer.read',X'7B7D','api::page.page',X'7B226669656C6473223A5B227469746C65222C22736C7567222C2273656F2E6D6574615469746C65222C2273656F2E6D6574614465736372697074696F6E222C2273656F2E6D657461496D616765222C2273656F2E6F70656E47726170682E6F675469746C65222C2273656F2E6F70656E47726170682E6F674465736372697074696F6E222C2273656F2E6F70656E47726170682E6F67496D616765222C2273656F2E6F70656E47726170682E6F6755726C222C2273656F2E6F70656E47726170682E6F6754797065222C2273656F2E6B6579776F726473222C2273656F2E6D657461526F626F7473222C2273656F2E6D65746156696577706F7274222C2273656F2E63616E6F6E6963616C55524C222C2273656F2E7374727563747572656444617461222C2273656F2E617574686F72732E6E616D65222C2273656F2E617574686F72732E75726C222C2273656F2E726F626F74732E696E646578222C2273656F2E726F626F74732E666F6C6C6F77222C2273656F2E726F626F74732E6E6F6361636865222C2273656F2E726F626F74732E6E6F696D616765696E646578225D2C226C6F63616C6573223A5B22656E225D7D',X'5B5D','2026-01-18 01:29:31.644000','2026-01-18 01:29:31.644000','2026-01-18 01:29:31.644000',NULL,NULL,NULL),
	(108,'etik3t0i3jzxirjlr835ckz0','plugin::content-manager.explorer.update',X'7B7D','api::page.page',X'7B226669656C6473223A5B227469746C65222C22736C7567222C2273656F2E6D6574615469746C65222C2273656F2E6D6574614465736372697074696F6E222C2273656F2E6D657461496D616765222C2273656F2E6F70656E47726170682E6F675469746C65222C2273656F2E6F70656E47726170682E6F674465736372697074696F6E222C2273656F2E6F70656E47726170682E6F67496D616765222C2273656F2E6F70656E47726170682E6F6755726C222C2273656F2E6F70656E47726170682E6F6754797065222C2273656F2E6B6579776F726473222C2273656F2E6D657461526F626F7473222C2273656F2E6D65746156696577706F7274222C2273656F2E63616E6F6E6963616C55524C222C2273656F2E7374727563747572656444617461222C2273656F2E617574686F72732E6E616D65222C2273656F2E617574686F72732E75726C222C2273656F2E726F626F74732E696E646578222C2273656F2E726F626F74732E666F6C6C6F77222C2273656F2E726F626F74732E6E6F6361636865222C2273656F2E726F626F74732E6E6F696D616765696E646578225D2C226C6F63616C6573223A5B22656E225D7D',X'5B5D','2026-01-18 01:29:31.647000','2026-01-18 01:29:31.647000','2026-01-18 01:29:31.647000',NULL,NULL,NULL);

/*!40000 ALTER TABLE `admin_permissions` ENABLE KEYS */;
UNLOCK TABLES;


# Dump of table admin_permissions_role_lnk
# ------------------------------------------------------------

DROP TABLE IF EXISTS `admin_permissions_role_lnk`;

CREATE TABLE `admin_permissions_role_lnk` (
  `id` int(10) unsigned NOT NULL AUTO_INCREMENT,
  `permission_id` int(10) unsigned DEFAULT NULL,
  `role_id` int(10) unsigned DEFAULT NULL,
  `permission_ord` double unsigned DEFAULT NULL,
  PRIMARY KEY (`id`),
  UNIQUE KEY `admin_permissions_role_lnk_uq` (`permission_id`,`role_id`),
  KEY `admin_permissions_role_lnk_fk` (`permission_id`),
  KEY `admin_permissions_role_lnk_ifk` (`role_id`),
  KEY `admin_permissions_role_lnk_oifk` (`permission_ord`),
  CONSTRAINT `admin_permissions_role_lnk_fk` FOREIGN KEY (`permission_id`) REFERENCES `admin_permissions` (`id`) ON DELETE CASCADE,
  CONSTRAINT `admin_permissions_role_lnk_ifk` FOREIGN KEY (`role_id`) REFERENCES `admin_roles` (`id`) ON DELETE CASCADE
) ENGINE=InnoDB DEFAULT CHARSET=utf8mb4 COLLATE=utf8mb4_uca1400_ai_ci;

LOCK TABLES `admin_permissions_role_lnk` WRITE;
/*!40000 ALTER TABLE `admin_permissions_role_lnk` DISABLE KEYS */;

INSERT INTO `admin_permissions_role_lnk` (`id`, `permission_id`, `role_id`, `permission_ord`)
VALUES
	(1,1,2,1),
	(2,2,2,2),
	(3,3,2,3),
	(6,6,2,6),
	(7,7,2,7),
	(8,8,2,8),
	(9,9,2,9),
	(10,10,2,10),
	(11,11,2,11),
	(12,12,3,1),
	(13,13,3,2),
	(14,14,3,3),
	(16,16,3,5),
	(17,17,3,6),
	(18,18,3,7),
	(19,19,3,8),
	(20,20,3,9),
	(21,21,3,10),
	(23,23,1,2),
	(25,25,1,4),
	(27,27,1,6),
	(28,28,1,7),
	(29,29,1,8),
	(30,30,1,9),
	(31,31,1,10),
	(32,32,1,11),
	(33,33,1,12),
	(34,34,1,13),
	(35,35,1,14),
	(36,36,1,15),
	(37,37,1,16),
	(38,38,1,17),
	(39,39,1,18),
	(40,40,1,19),
	(41,41,1,20),
	(42,42,1,21),
	(43,43,1,22),
	(44,44,1,23),
	(45,45,1,24),
	(46,46,1,25),
	(47,47,1,26),
	(49,49,1,28),
	(50,50,1,29),
	(51,51,1,30),
	(52,52,1,31),
	(53,53,1,32),
	(54,54,1,33),
	(55,55,1,34),
	(56,56,1,35),
	(57,57,1,36),
	(58,58,1,37),
	(59,59,1,38),
	(60,60,1,39),
	(61,61,1,40),
	(62,62,1,41),
	(63,63,1,42),
	(64,64,1,43),
	(65,65,1,44),
	(66,66,1,45),
	(67,67,1,46),
	(68,68,1,47),
	(69,69,1,48),
	(70,70,1,49),
	(71,71,1,50),
	(72,72,1,51),
	(73,73,1,52),
	(74,74,1,53),
	(75,75,1,54),
	(76,76,1,55),
	(77,77,1,56),
	(78,78,1,57),
	(79,79,1,58),
	(80,80,1,59),
	(81,81,1,60),
	(82,82,1,61),
	(83,83,1,62),
	(84,84,1,63),
	(85,85,1,64),
	(106,106,1,65),
	(107,107,1,66),
	(108,108,1,67);

/*!40000 ALTER TABLE `admin_permissions_role_lnk` ENABLE KEYS */;
UNLOCK TABLES;


# Dump of table admin_roles
# ------------------------------------------------------------

DROP TABLE IF EXISTS `admin_roles`;

CREATE TABLE `admin_roles` (
  `id` int(10) unsigned NOT NULL AUTO_INCREMENT,
  `document_id` varchar(255) DEFAULT NULL,
  `name` varchar(255) DEFAULT NULL,
  `code` varchar(255) DEFAULT NULL,
  `description` varchar(255) DEFAULT NULL,
  `created_at` datetime(6) DEFAULT NULL,
  `updated_at` datetime(6) DEFAULT NULL,
  `published_at` datetime(6) DEFAULT NULL,
  `created_by_id` int(10) unsigned DEFAULT NULL,
  `updated_by_id` int(10) unsigned DEFAULT NULL,
  `locale` varchar(255) DEFAULT NULL,
  PRIMARY KEY (`id`),
  KEY `admin_roles_documents_idx` (`document_id`,`locale`,`published_at`),
  KEY `admin_roles_created_by_id_fk` (`created_by_id`),
  KEY `admin_roles_updated_by_id_fk` (`updated_by_id`),
  CONSTRAINT `admin_roles_created_by_id_fk` FOREIGN KEY (`created_by_id`) REFERENCES `admin_users` (`id`) ON DELETE SET NULL,
  CONSTRAINT `admin_roles_updated_by_id_fk` FOREIGN KEY (`updated_by_id`) REFERENCES `admin_users` (`id`) ON DELETE SET NULL
) ENGINE=InnoDB DEFAULT CHARSET=utf8mb4 COLLATE=utf8mb4_uca1400_ai_ci;

LOCK TABLES `admin_roles` WRITE;
/*!40000 ALTER TABLE `admin_roles` DISABLE KEYS */;

INSERT INTO `admin_roles` (`id`, `document_id`, `name`, `code`, `description`, `created_at`, `updated_at`, `published_at`, `created_by_id`, `updated_by_id`, `locale`)
VALUES
	(1,'bejdlysh5y2maruj65phs86b','Super Admin','strapi-super-admin','Super Admins can access and manage all features and settings.','2025-10-21 18:18:02.920000','2025-10-21 18:18:02.920000','2025-10-21 18:18:02.920000',NULL,NULL,NULL),
	(2,'j7v2tqe7d96kkkj04uqjpohb','Editor','strapi-editor','Editors can manage and publish contents including those of other users.','2025-10-21 18:18:02.924000','2025-10-21 18:18:02.924000','2025-10-21 18:18:02.924000',NULL,NULL,NULL),
	(3,'e46mgu0jm2bjcvozfus73fwk','Author','strapi-author','Authors can manage the content they have created.','2025-10-21 18:18:02.926000','2025-10-21 18:18:02.926000','2025-10-21 18:18:02.926000',NULL,NULL,NULL);

/*!40000 ALTER TABLE `admin_roles` ENABLE KEYS */;
UNLOCK TABLES;


# Dump of table admin_users
# ------------------------------------------------------------

DROP TABLE IF EXISTS `admin_users`;

CREATE TABLE `admin_users` (
  `id` int(10) unsigned NOT NULL AUTO_INCREMENT,
  `document_id` varchar(255) DEFAULT NULL,
  `firstname` varchar(255) DEFAULT NULL,
  `lastname` varchar(255) DEFAULT NULL,
  `username` varchar(255) DEFAULT NULL,
  `email` varchar(255) DEFAULT NULL,
  `password` varchar(255) DEFAULT NULL,
  `reset_password_token` varchar(255) DEFAULT NULL,
  `registration_token` varchar(255) DEFAULT NULL,
  `is_active` tinyint(1) DEFAULT NULL,
  `blocked` tinyint(1) DEFAULT NULL,
  `prefered_language` varchar(255) DEFAULT NULL,
  `created_at` datetime(6) DEFAULT NULL,
  `updated_at` datetime(6) DEFAULT NULL,
  `published_at` datetime(6) DEFAULT NULL,
  `created_by_id` int(10) unsigned DEFAULT NULL,
  `updated_by_id` int(10) unsigned DEFAULT NULL,
  `locale` varchar(255) DEFAULT NULL,
  PRIMARY KEY (`id`),
  KEY `admin_users_documents_idx` (`document_id`,`locale`,`published_at`),
  KEY `admin_users_created_by_id_fk` (`created_by_id`),
  KEY `admin_users_updated_by_id_fk` (`updated_by_id`),
  CONSTRAINT `admin_users_created_by_id_fk` FOREIGN KEY (`created_by_id`) REFERENCES `admin_users` (`id`) ON DELETE SET NULL,
  CONSTRAINT `admin_users_updated_by_id_fk` FOREIGN KEY (`updated_by_id`) REFERENCES `admin_users` (`id`) ON DELETE SET NULL
) ENGINE=InnoDB DEFAULT CHARSET=utf8mb4 COLLATE=utf8mb4_uca1400_ai_ci;

LOCK TABLES `admin_users` WRITE;
/*!40000 ALTER TABLE `admin_users` DISABLE KEYS */;

INSERT INTO `admin_users` (`id`, `document_id`, `firstname`, `lastname`, `username`, `email`, `password`, `reset_password_token`, `registration_token`, `is_active`, `blocked`, `prefered_language`, `created_at`, `updated_at`, `published_at`, `created_by_id`, `updated_by_id`, `locale`)
VALUES
	(1,'hhjnyrjg26devwwmb7adet6w','Littlebox',NULL,NULL,'test@test.com','$2a$10$8iEA.Z9ZQ2I18IGQPsMQJ.4V4TXq0WbgFZvEF29NhFb4TU61vbBt6',NULL,NULL,1,0,NULL,'2025-10-21 18:22:05.644000','2026-01-18 01:34:37.704000','2025-10-21 18:22:05.645000',NULL,NULL,NULL);

/*!40000 ALTER TABLE `admin_users` ENABLE KEYS */;
UNLOCK TABLES;


# Dump of table admin_users_roles_lnk
# ------------------------------------------------------------

DROP TABLE IF EXISTS `admin_users_roles_lnk`;

CREATE TABLE `admin_users_roles_lnk` (
  `id` int(10) unsigned NOT NULL AUTO_INCREMENT,
  `user_id` int(10) unsigned DEFAULT NULL,
  `role_id` int(10) unsigned DEFAULT NULL,
  `role_ord` double unsigned DEFAULT NULL,
  `user_ord` double unsigned DEFAULT NULL,
  PRIMARY KEY (`id`),
  UNIQUE KEY `admin_users_roles_lnk_uq` (`user_id`,`role_id`),
  KEY `admin_users_roles_lnk_fk` (`user_id`),
  KEY `admin_users_roles_lnk_ifk` (`role_id`),
  KEY `admin_users_roles_lnk_ofk` (`role_ord`),
  KEY `admin_users_roles_lnk_oifk` (`user_ord`),
  CONSTRAINT `admin_users_roles_lnk_fk` FOREIGN KEY (`user_id`) REFERENCES `admin_users` (`id`) ON DELETE CASCADE,
  CONSTRAINT `admin_users_roles_lnk_ifk` FOREIGN KEY (`role_id`) REFERENCES `admin_roles` (`id`) ON DELETE CASCADE
) ENGINE=InnoDB DEFAULT CHARSET=utf8mb4 COLLATE=utf8mb4_uca1400_ai_ci;

LOCK TABLES `admin_users_roles_lnk` WRITE;
/*!40000 ALTER TABLE `admin_users_roles_lnk` DISABLE KEYS */;

INSERT INTO `admin_users_roles_lnk` (`id`, `user_id`, `role_id`, `role_ord`, `user_ord`)
VALUES
	(1,1,1,1,1);

/*!40000 ALTER TABLE `admin_users_roles_lnk` ENABLE KEYS */;
UNLOCK TABLES;


# Dump of table components_shared_authors
# ------------------------------------------------------------

DROP TABLE IF EXISTS `components_shared_authors`;

CREATE TABLE `components_shared_authors` (
  `id` int(10) unsigned NOT NULL AUTO_INCREMENT,
  `name` varchar(255) DEFAULT NULL,
  `url` varchar(255) DEFAULT NULL,
  PRIMARY KEY (`id`)
) ENGINE=InnoDB DEFAULT CHARSET=utf8mb4 COLLATE=utf8mb4_uca1400_ai_ci;



# Dump of table components_shared_open_graphs
# ------------------------------------------------------------

DROP TABLE IF EXISTS `components_shared_open_graphs`;

CREATE TABLE `components_shared_open_graphs` (
  `id` int(10) unsigned NOT NULL AUTO_INCREMENT,
  `og_title` varchar(255) DEFAULT NULL,
  `og_description` varchar(255) DEFAULT NULL,
  `og_url` varchar(255) DEFAULT NULL,
  `og_type` varchar(255) DEFAULT NULL,
  PRIMARY KEY (`id`)
) ENGINE=InnoDB DEFAULT CHARSET=utf8mb4 COLLATE=utf8mb4_uca1400_ai_ci;



# Dump of table components_shared_robots
# ------------------------------------------------------------

DROP TABLE IF EXISTS `components_shared_robots`;

CREATE TABLE `components_shared_robots` (
  `id` int(10) unsigned NOT NULL AUTO_INCREMENT,
  `index` tinyint(1) DEFAULT NULL,
  `follow` tinyint(1) DEFAULT NULL,
  `nocache` tinyint(1) DEFAULT NULL,
  `noimageindex` tinyint(1) DEFAULT NULL,
  PRIMARY KEY (`id`)
) ENGINE=InnoDB DEFAULT CHARSET=utf8mb4 COLLATE=utf8mb4_uca1400_ai_ci;

LOCK TABLES `components_shared_robots` WRITE;
/*!40000 ALTER TABLE `components_shared_robots` DISABLE KEYS */;

INSERT INTO `components_shared_robots` (`id`, `index`, `follow`, `nocache`, `noimageindex`)
VALUES
	(1,1,1,1,1),
	(8,1,1,1,1),
	(10,1,1,1,1),
	(19,1,1,1,1),
	(20,1,1,1,1),
	(23,1,1,1,1);

/*!40000 ALTER TABLE `components_shared_robots` ENABLE KEYS */;
UNLOCK TABLES;


# Dump of table components_shared_seos
# ------------------------------------------------------------

DROP TABLE IF EXISTS `components_shared_seos`;

CREATE TABLE `components_shared_seos` (
  `id` int(10) unsigned NOT NULL AUTO_INCREMENT,
  `meta_title` varchar(255) DEFAULT NULL,
  `meta_description` varchar(255) DEFAULT NULL,
  `keywords` longtext DEFAULT NULL,
  `meta_robots` varchar(255) DEFAULT NULL,
  `meta_viewport` varchar(255) DEFAULT NULL,
  `canonical_url` varchar(255) DEFAULT NULL,
  `structured_data` longtext CHARACTER SET utf8mb4 COLLATE utf8mb4_bin DEFAULT NULL CHECK (json_valid(`structured_data`)),
  PRIMARY KEY (`id`)
) ENGINE=InnoDB DEFAULT CHARSET=utf8mb4 COLLATE=utf8mb4_uca1400_ai_ci;

LOCK TABLES `components_shared_seos` WRITE;
/*!40000 ALTER TABLE `components_shared_seos` DISABLE KEYS */;

INSERT INTO `components_shared_seos` (`id`, `meta_title`, `meta_description`, `keywords`, `meta_robots`, `meta_viewport`, `canonical_url`, `structured_data`)
VALUES
	(1,'Homeoage','Lorem ipsum dolor sit amet, consectetur adipiscing elit. Etiam arcu augue, elementum eu iaculis eget, pretium vitae sem',NULL,NULL,NULL,NULL,NULL),
	(8,'Lorem ipsum dolor sit amet dogs','Lorem ipsum dolor sit amet, consectetur adipiscing elit. Nulla eu accumsan nisi. In a purus bibendum, blandit magna a, auctor velit.',NULL,NULL,NULL,NULL,NULL),
	(10,'Lorem ipsum dolor sit amet cats','Lorem ipsum dolor sit amet, consectetur adipiscing elit. Nulla eu accumsan nisi. In a purus bibendum, blandit magna a, auctor velit.',NULL,NULL,NULL,NULL,NULL),
	(19,'Lorem ipsum dolor sit amet dogs','Lorem ipsum dolor sit amet, consectetur adipiscing elit. Nulla eu accumsan nisi. In a purus bibendum, blandit magna a, auctor velit.',NULL,NULL,NULL,NULL,NULL),
	(20,'Lorem ipsum dolor sit amet cats','Lorem ipsum dolor sit amet, consectetur adipiscing elit. Nulla eu accumsan nisi. In a purus bibendum, blandit magna a, auctor velit.',NULL,NULL,NULL,NULL,NULL),
	(23,'Homeoage','Lorem ipsum dolor sit amet, consectetur adipiscing elit. Etiam arcu augue, elementum eu iaculis eget, pretium vitae sem',NULL,NULL,NULL,NULL,NULL);

/*!40000 ALTER TABLE `components_shared_seos` ENABLE KEYS */;
UNLOCK TABLES;


# Dump of table components_shared_seos_cmps
# ------------------------------------------------------------

DROP TABLE IF EXISTS `components_shared_seos_cmps`;

CREATE TABLE `components_shared_seos_cmps` (
  `id` int(10) unsigned NOT NULL AUTO_INCREMENT,
  `entity_id` int(10) unsigned DEFAULT NULL,
  `cmp_id` int(10) unsigned DEFAULT NULL,
  `component_type` varchar(255) DEFAULT NULL,
  `field` varchar(255) DEFAULT NULL,
  `order` double unsigned DEFAULT NULL,
  PRIMARY KEY (`id`),
  UNIQUE KEY `components_shared_seos_uq` (`entity_id`,`cmp_id`,`field`,`component_type`),
  KEY `components_shared_seos_field_idx` (`field`),
  KEY `components_shared_seos_component_type_idx` (`component_type`),
  KEY `components_shared_seos_entity_fk` (`entity_id`),
  CONSTRAINT `components_shared_seos_entity_fk` FOREIGN KEY (`entity_id`) REFERENCES `components_shared_seos` (`id`) ON DELETE CASCADE
) ENGINE=InnoDB DEFAULT CHARSET=utf8mb4 COLLATE=utf8mb4_uca1400_ai_ci;

LOCK TABLES `components_shared_seos_cmps` WRITE;
/*!40000 ALTER TABLE `components_shared_seos_cmps` DISABLE KEYS */;

INSERT INTO `components_shared_seos_cmps` (`id`, `entity_id`, `cmp_id`, `component_type`, `field`, `order`)
VALUES
	(1,1,1,'shared.robots','robots',1),
	(23,8,8,'shared.robots','robots',1),
	(26,10,10,'shared.robots','robots',1),
	(50,19,19,'shared.robots','robots',NULL),
	(53,20,20,'shared.robots','robots',NULL),
	(62,23,23,'shared.robots','robots',NULL);

/*!40000 ALTER TABLE `components_shared_seos_cmps` ENABLE KEYS */;
UNLOCK TABLES;


# Dump of table components_shared_verifications
# ------------------------------------------------------------

DROP TABLE IF EXISTS `components_shared_verifications`;

CREATE TABLE `components_shared_verifications` (
  `id` int(10) unsigned NOT NULL AUTO_INCREMENT,
  `property` varchar(255) DEFAULT NULL,
  `value` varchar(255) DEFAULT NULL,
  PRIMARY KEY (`id`)
) ENGINE=InnoDB DEFAULT CHARSET=utf8mb4 COLLATE=utf8mb4_uca1400_ai_ci;



# Dump of table files
# ------------------------------------------------------------

DROP TABLE IF EXISTS `files`;

CREATE TABLE `files` (
  `id` int(10) unsigned NOT NULL AUTO_INCREMENT,
  `document_id` varchar(255) DEFAULT NULL,
  `name` varchar(255) DEFAULT NULL,
  `alternative_text` varchar(255) DEFAULT NULL,
  `caption` varchar(255) DEFAULT NULL,
  `width` int(11) DEFAULT NULL,
  `height` int(11) DEFAULT NULL,
  `formats` longtext CHARACTER SET utf8mb4 COLLATE utf8mb4_bin DEFAULT NULL CHECK (json_valid(`formats`)),
  `hash` varchar(255) DEFAULT NULL,
  `ext` varchar(255) DEFAULT NULL,
  `mime` varchar(255) DEFAULT NULL,
  `size` decimal(10,2) DEFAULT NULL,
  `url` varchar(255) DEFAULT NULL,
  `preview_url` varchar(255) DEFAULT NULL,
  `provider` varchar(255) DEFAULT NULL,
  `provider_metadata` longtext CHARACTER SET utf8mb4 COLLATE utf8mb4_bin DEFAULT NULL CHECK (json_valid(`provider_metadata`)),
  `folder_path` varchar(255) DEFAULT NULL,
  `created_at` datetime(6) DEFAULT NULL,
  `updated_at` datetime(6) DEFAULT NULL,
  `published_at` datetime(6) DEFAULT NULL,
  `created_by_id` int(10) unsigned DEFAULT NULL,
  `updated_by_id` int(10) unsigned DEFAULT NULL,
  `locale` varchar(255) DEFAULT NULL,
  PRIMARY KEY (`id`),
  KEY `upload_files_folder_path_index` (`folder_path`),
  KEY `upload_files_created_at_index` (`created_at`),
  KEY `upload_files_updated_at_index` (`updated_at`),
  KEY `upload_files_name_index` (`name`),
  KEY `upload_files_size_index` (`size`),
  KEY `upload_files_ext_index` (`ext`),
  KEY `files_documents_idx` (`document_id`,`locale`,`published_at`),
  KEY `files_created_by_id_fk` (`created_by_id`),
  KEY `files_updated_by_id_fk` (`updated_by_id`),
  CONSTRAINT `files_created_by_id_fk` FOREIGN KEY (`created_by_id`) REFERENCES `admin_users` (`id`) ON DELETE SET NULL,
  CONSTRAINT `files_updated_by_id_fk` FOREIGN KEY (`updated_by_id`) REFERENCES `admin_users` (`id`) ON DELETE SET NULL
) ENGINE=InnoDB DEFAULT CHARSET=utf8mb4 COLLATE=utf8mb4_uca1400_ai_ci;

LOCK TABLES `files` WRITE;
/*!40000 ALTER TABLE `files` DISABLE KEYS */;

INSERT INTO `files` (`id`, `document_id`, `name`, `alternative_text`, `caption`, `width`, `height`, `formats`, `hash`, `ext`, `mime`, `size`, `url`, `preview_url`, `provider`, `provider_metadata`, `folder_path`, `created_at`, `updated_at`, `published_at`, `created_by_id`, `updated_by_id`, `locale`)
VALUES
	(1,'mv3p27ox6h0i1wq1l2ntc52r','Screenshot 2025-11-23 at 23.40.23.png',NULL,NULL,743,495,X'7B227468756D626E61696C223A7B226E616D65223A227468756D626E61696C5F53637265656E73686F7420323032352D31312D32332061742032332E34302E32332E706E67222C2268617368223A227468756D626E61696C5F53637265656E73686F745F323032355F31315F32335F61745F32335F34305F32335F30393633363038313531222C22657874223A222E706E67222C226D696D65223A22696D6167652F706E67222C2270617468223A6E756C6C2C227769647468223A3233342C22686569676874223A3135362C2273697A65223A39352E39312C2273697A65496E4279746573223A39353930362C2275726C223A222F75706C6F6164732F7468756D626E61696C5F53637265656E73686F745F323032355F31315F32335F61745F32335F34305F32335F303936333630383135312E706E67227D2C22736D616C6C223A7B226E616D65223A22736D616C6C5F53637265656E73686F7420323032352D31312D32332061742032332E34302E32332E706E67222C2268617368223A22736D616C6C5F53637265656E73686F745F323032355F31315F32335F61745F32335F34305F32335F30393633363038313531222C22657874223A222E706E67222C226D696D65223A22696D6167652F706E67222C2270617468223A6E756C6C2C227769647468223A3530302C22686569676874223A3333332C2273697A65223A3338322E39332C2273697A65496E4279746573223A3338323933302C2275726C223A222F75706C6F6164732F736D616C6C5F53637265656E73686F745F323032355F31315F32335F61745F32335F34305F32335F303936333630383135312E706E67227D7D','Screenshot_2025_11_23_at_23_40_23_0963608151','.png','image/png',157.22,'/uploads/Screenshot_2025_11_23_at_23_40_23_0963608151.png',NULL,'local',NULL,'/','2025-11-23 23:40:45.023000','2025-11-23 23:40:45.023000','2025-11-23 23:40:45.023000',1,1,NULL),
	(2,'nschbotenqzs254u3kotmyvq','Screenshot 2025-11-24 at 00.42.26.png',NULL,NULL,654,410,X'7B227468756D626E61696C223A7B226E616D65223A227468756D626E61696C5F53637265656E73686F7420323032352D31312D32342061742030302E34322E32362E706E67222C2268617368223A227468756D626E61696C5F53637265656E73686F745F323032355F31315F32345F61745F30305F34325F32365F36646536316262616137222C22657874223A222E706E67222C226D696D65223A22696D6167652F706E67222C2270617468223A6E756C6C2C227769647468223A3234352C22686569676874223A3135342C2273697A65223A39332E34342C2273697A65496E4279746573223A39333434342C2275726C223A222F75706C6F6164732F7468756D626E61696C5F53637265656E73686F745F323032355F31315F32345F61745F30305F34325F32365F366465363162626161372E706E67227D2C22736D616C6C223A7B226E616D65223A22736D616C6C5F53637265656E73686F7420323032352D31312D32342061742030302E34322E32362E706E67222C2268617368223A22736D616C6C5F53637265656E73686F745F323032355F31315F32345F61745F30305F34325F32365F36646536316262616137222C22657874223A222E706E67222C226D696D65223A22696D6167652F706E67222C2270617468223A6E756C6C2C227769647468223A3530302C22686569676874223A3331332C2273697A65223A3336322E39332C2273697A65496E4279746573223A3336323932362C2275726C223A222F75706C6F6164732F736D616C6C5F53637265656E73686F745F323032355F31315F32345F61745F30305F34325F32365F366465363162626161372E706E67227D7D','Screenshot_2025_11_24_at_00_42_26_6de61bbaa7','.png','image/png',152.89,'/uploads/Screenshot_2025_11_24_at_00_42_26_6de61bbaa7.png',NULL,'local',NULL,'/','2025-11-24 00:42:37.477000','2025-11-24 00:42:37.477000','2025-11-24 00:42:37.478000',1,1,NULL);

/*!40000 ALTER TABLE `files` ENABLE KEYS */;
UNLOCK TABLES;


# Dump of table files_folder_lnk
# ------------------------------------------------------------

DROP TABLE IF EXISTS `files_folder_lnk`;

CREATE TABLE `files_folder_lnk` (
  `id` int(10) unsigned NOT NULL AUTO_INCREMENT,
  `file_id` int(10) unsigned DEFAULT NULL,
  `folder_id` int(10) unsigned DEFAULT NULL,
  `file_ord` double unsigned DEFAULT NULL,
  PRIMARY KEY (`id`),
  UNIQUE KEY `files_folder_lnk_uq` (`file_id`,`folder_id`),
  KEY `files_folder_lnk_fk` (`file_id`),
  KEY `files_folder_lnk_ifk` (`folder_id`),
  KEY `files_folder_lnk_oifk` (`file_ord`),
  CONSTRAINT `files_folder_lnk_fk` FOREIGN KEY (`file_id`) REFERENCES `files` (`id`) ON DELETE CASCADE,
  CONSTRAINT `files_folder_lnk_ifk` FOREIGN KEY (`folder_id`) REFERENCES `upload_folders` (`id`) ON DELETE CASCADE
) ENGINE=InnoDB DEFAULT CHARSET=utf8mb4 COLLATE=utf8mb4_uca1400_ai_ci;



# Dump of table files_related_mph
# ------------------------------------------------------------

DROP TABLE IF EXISTS `files_related_mph`;

CREATE TABLE `files_related_mph` (
  `id` int(10) unsigned NOT NULL AUTO_INCREMENT,
  `file_id` int(10) unsigned DEFAULT NULL,
  `related_id` int(10) unsigned DEFAULT NULL,
  `related_type` varchar(255) DEFAULT NULL,
  `field` varchar(255) DEFAULT NULL,
  `order` double unsigned DEFAULT NULL,
  PRIMARY KEY (`id`),
  KEY `files_related_mph_fk` (`file_id`),
  KEY `files_related_mph_oidx` (`order`),
  KEY `files_related_mph_idix` (`related_id`),
  CONSTRAINT `files_related_mph_fk` FOREIGN KEY (`file_id`) REFERENCES `files` (`id`) ON DELETE CASCADE
) ENGINE=InnoDB DEFAULT CHARSET=utf8mb4 COLLATE=utf8mb4_uca1400_ai_ci;

LOCK TABLES `files_related_mph` WRITE;
/*!40000 ALTER TABLE `files_related_mph` DISABLE KEYS */;

INSERT INTO `files_related_mph` (`id`, `file_id`, `related_id`, `related_type`, `field`, `order`)
VALUES
	(24,1,1,'api::post.post','image',1),
	(25,1,10,'api::post.post','image',1),
	(27,2,4,'api::post.post','image',1),
	(28,2,11,'api::post.post','image',1);

/*!40000 ALTER TABLE `files_related_mph` ENABLE KEYS */;
UNLOCK TABLES;


# Dump of table i18n_locale
# ------------------------------------------------------------

DROP TABLE IF EXISTS `i18n_locale`;

CREATE TABLE `i18n_locale` (
  `id` int(10) unsigned NOT NULL AUTO_INCREMENT,
  `document_id` varchar(255) DEFAULT NULL,
  `name` varchar(255) DEFAULT NULL,
  `code` varchar(255) DEFAULT NULL,
  `created_at` datetime(6) DEFAULT NULL,
  `updated_at` datetime(6) DEFAULT NULL,
  `published_at` datetime(6) DEFAULT NULL,
  `created_by_id` int(10) unsigned DEFAULT NULL,
  `updated_by_id` int(10) unsigned DEFAULT NULL,
  `locale` varchar(255) DEFAULT NULL,
  PRIMARY KEY (`id`),
  KEY `i18n_locale_documents_idx` (`document_id`,`locale`,`published_at`),
  KEY `i18n_locale_created_by_id_fk` (`created_by_id`),
  KEY `i18n_locale_updated_by_id_fk` (`updated_by_id`),
  CONSTRAINT `i18n_locale_created_by_id_fk` FOREIGN KEY (`created_by_id`) REFERENCES `admin_users` (`id`) ON DELETE SET NULL,
  CONSTRAINT `i18n_locale_updated_by_id_fk` FOREIGN KEY (`updated_by_id`) REFERENCES `admin_users` (`id`) ON DELETE SET NULL
) ENGINE=InnoDB DEFAULT CHARSET=utf8mb4 COLLATE=utf8mb4_uca1400_ai_ci;

LOCK TABLES `i18n_locale` WRITE;
/*!40000 ALTER TABLE `i18n_locale` DISABLE KEYS */;

INSERT INTO `i18n_locale` (`id`, `document_id`, `name`, `code`, `created_at`, `updated_at`, `published_at`, `created_by_id`, `updated_by_id`, `locale`)
VALUES
	(1,'wcgj8q117ckdbsuec1ilofca','English (en)','en','2025-10-21 18:18:02.874000','2025-10-21 18:18:02.874000','2025-10-21 18:18:02.875000',NULL,NULL,NULL);

/*!40000 ALTER TABLE `i18n_locale` ENABLE KEYS */;
UNLOCK TABLES;


# Dump of table ltb_st_app_setting
# ------------------------------------------------------------

DROP TABLE IF EXISTS `ltb_st_app_setting`;

CREATE TABLE `ltb_st_app_setting` (
  `id` int(10) unsigned NOT NULL AUTO_INCREMENT,
  `document_id` varchar(255) DEFAULT NULL,
  `module` varchar(255) DEFAULT NULL,
  `property` varchar(255) DEFAULT NULL,
  `type` varchar(255) DEFAULT NULL,
  `value` varchar(255) DEFAULT NULL,
  `created_at` datetime(6) DEFAULT NULL,
  `updated_at` datetime(6) DEFAULT NULL,
  `published_at` datetime(6) DEFAULT NULL,
  `created_by_id` int(10) unsigned DEFAULT NULL,
  `updated_by_id` int(10) unsigned DEFAULT NULL,
  `locale` varchar(255) DEFAULT NULL,
  PRIMARY KEY (`id`),
  UNIQUE KEY `unique_module_property` (`module`,`property`),
  KEY `ltb_st_app_setting_documents_idx` (`document_id`,`locale`,`published_at`),
  KEY `ltb_st_app_setting_created_by_id_fk` (`created_by_id`),
  KEY `ltb_st_app_setting_updated_by_id_fk` (`updated_by_id`),
  CONSTRAINT `ltb_st_app_setting_created_by_id_fk` FOREIGN KEY (`created_by_id`) REFERENCES `admin_users` (`id`) ON DELETE SET NULL,
  CONSTRAINT `ltb_st_app_setting_updated_by_id_fk` FOREIGN KEY (`updated_by_id`) REFERENCES `admin_users` (`id`) ON DELETE SET NULL
) ENGINE=InnoDB DEFAULT CHARSET=utf8mb4 COLLATE=utf8mb4_uca1400_ai_ci;

LOCK TABLES `ltb_st_app_setting` WRITE;
/*!40000 ALTER TABLE `ltb_st_app_setting` DISABLE KEYS */;

INSERT INTO `ltb_st_app_setting` (`id`, `document_id`, `module`, `property`, `type`, `value`, `created_at`, `updated_at`, `published_at`, `created_by_id`, `updated_by_id`, `locale`)
VALUES
	(1,'h63fi36711gjy2vlcn21ddnw','menu','active','boolean','true','2025-10-21 18:18:02.881000','2025-10-21 18:18:02.881000','2025-10-21 18:18:02.882000',NULL,NULL,NULL),
	(2,'awhdl8vpsihcufoit5wc0va0','attribute','active','boolean','true','2025-10-21 18:18:02.881000','2025-10-21 18:18:02.881000','2025-10-21 18:18:02.882000',NULL,NULL,NULL),
	(3,'ap4cb0zwm76ojspppajfp211','parameter','active','boolean','true','2025-10-21 18:18:02.881000','2025-10-21 18:18:02.881000','2025-10-21 18:18:02.882000',NULL,NULL,NULL),
	(4,'yl2vd0oalxibp2tzyii8uyus','translation','active','boolean','true','2025-10-21 18:18:02.881000','2025-10-21 18:18:02.881000','2025-10-21 18:18:02.882000',NULL,NULL,NULL),
	(5,'uk1ro3ancfyz4mybwgu8tg4g','slug','active','boolean','true','2025-10-21 18:18:02.881000','2026-01-18 01:40:17.016000','2026-01-18 01:40:17.010000',NULL,1,NULL),
	(6,'jdzzm6fbs8c7xmoozzr4r1ud','slug','showDefaultLanguage','boolean','false','2025-10-21 18:18:02.881000','2026-01-18 01:45:19.368000','2026-01-18 01:45:19.364000',NULL,1,NULL),
	(7,'fzb3fx654jmgyfo459ij5rah','slug','homepageContentId','string','k5m5omxnuhvkt4b2qha0ljp4','2025-10-21 18:18:02.881000','2026-01-18 01:45:19.369000','2026-01-18 01:45:19.367000',NULL,1,NULL),
	(8,'pamfxcl6mo0y6f09l3icc3n9','slug','homepageContentModel','string','api::page.page','2025-10-21 18:18:02.881000','2026-01-18 01:45:19.371000','2026-01-18 01:45:19.369000',NULL,1,NULL),
	(9,'rw3urdxwpnrrbsmerngkem2s','slug','homepageSlugStrategy','string','language','2025-10-21 18:18:02.881000','2026-01-18 01:45:19.371000','2026-01-18 01:45:19.370000',NULL,1,NULL),
	(10,'sqwhiwpeo2jd0kjipptm0dqe','template','active','boolean','true','2025-10-21 18:18:02.881000','2025-10-21 18:18:02.881000','2025-10-21 18:18:02.883000',NULL,NULL,NULL),
	(11,'qn1f9oxs45t517tmgq059rg3','locale','active','boolean','true','2025-10-21 18:18:02.881000','2025-10-21 18:18:02.881000','2025-10-21 18:18:02.883000',NULL,NULL,NULL);

/*!40000 ALTER TABLE `ltb_st_app_setting` ENABLE KEYS */;
UNLOCK TABLES;


# Dump of table ltb_st_module_attribute_items
# ------------------------------------------------------------

DROP TABLE IF EXISTS `ltb_st_module_attribute_items`;

CREATE TABLE `ltb_st_module_attribute_items` (
  `id` int(10) unsigned NOT NULL AUTO_INCREMENT,
  `document_id` varchar(255) DEFAULT NULL,
  `state` varchar(255) DEFAULT NULL,
  `content_id` varchar(255) DEFAULT NULL,
  `content_model` varchar(255) DEFAULT NULL,
  `parent_content_id` varchar(255) DEFAULT NULL,
  `parent_content_model` varchar(255) DEFAULT NULL,
  `template_id` varchar(255) DEFAULT NULL,
  `locale` varchar(255) DEFAULT NULL,
  `priority` varchar(255) DEFAULT NULL,
  `frequency` varchar(255) DEFAULT NULL,
  `created_at` datetime(6) DEFAULT NULL,
  `updated_at` datetime(6) DEFAULT NULL,
  `published_at` datetime(6) DEFAULT NULL,
  `created_by_id` int(10) unsigned DEFAULT NULL,
  `updated_by_id` int(10) unsigned DEFAULT NULL,
  PRIMARY KEY (`id`),
  UNIQUE KEY `unique_state_content_model_locale` (`state`,`content_id`,`content_model`,`locale`) USING HASH,
  KEY `unique_template_id` (`template_id`),
  KEY `ltb_st_module_attribute_items_documents_idx` (`document_id`,`locale`,`published_at`),
  KEY `ltb_st_module_attribute_items_created_by_id_fk` (`created_by_id`),
  KEY `ltb_st_module_attribute_items_updated_by_id_fk` (`updated_by_id`),
  CONSTRAINT `ltb_st_module_attribute_items_created_by_id_fk` FOREIGN KEY (`created_by_id`) REFERENCES `admin_users` (`id`) ON DELETE SET NULL,
  CONSTRAINT `ltb_st_module_attribute_items_updated_by_id_fk` FOREIGN KEY (`updated_by_id`) REFERENCES `admin_users` (`id`) ON DELETE SET NULL
) ENGINE=InnoDB DEFAULT CHARSET=utf8mb4 COLLATE=utf8mb4_uca1400_ai_ci;

LOCK TABLES `ltb_st_module_attribute_items` WRITE;
/*!40000 ALTER TABLE `ltb_st_module_attribute_items` DISABLE KEYS */;

INSERT INTO `ltb_st_module_attribute_items` (`id`, `document_id`, `state`, `content_id`, `content_model`, `parent_content_id`, `parent_content_model`, `template_id`, `locale`, `priority`, `frequency`, `created_at`, `updated_at`, `published_at`, `created_by_id`, `updated_by_id`)
VALUES
	(20,'y9xpoc4p4mzoeh60xd7o60ia','draft','k5m5omxnuhvkt4b2qha0ljp4','api::page.page',NULL,NULL,'ytwkhbvlgamo6uqoxzl0zo5y','en',NULL,NULL,'2026-01-18 01:43:58.315000','2026-01-18 01:43:58.315000','2026-01-18 01:43:58.315000',NULL,NULL),
	(22,'upz6v106w8akob31t8o9t5al','published','k5m5omxnuhvkt4b2qha0ljp4','api::page.page',NULL,NULL,'ytwkhbvlgamo6uqoxzl0zo5y','en',NULL,NULL,'2026-01-18 01:44:47.139000','2026-01-18 01:44:47.139000','2026-01-18 01:44:47.140000',NULL,NULL);

/*!40000 ALTER TABLE `ltb_st_module_attribute_items` ENABLE KEYS */;
UNLOCK TABLES;


# Dump of table ltb_st_module_menu_children_items
# ------------------------------------------------------------

DROP TABLE IF EXISTS `ltb_st_module_menu_children_items`;

CREATE TABLE `ltb_st_module_menu_children_items` (
  `id` int(10) unsigned NOT NULL AUTO_INCREMENT,
  `document_id` varchar(255) DEFAULT NULL,
  `menu_id` varchar(255) DEFAULT NULL,
  `parent_id` varchar(255) DEFAULT NULL,
  `title` varchar(255) DEFAULT NULL,
  `url` varchar(255) DEFAULT NULL,
  `content_id` varchar(255) DEFAULT NULL,
  `content_model` varchar(255) DEFAULT NULL,
  `target` varchar(255) DEFAULT NULL,
  `order` int(11) DEFAULT NULL,
  `metadata` longtext CHARACTER SET utf8mb4 COLLATE utf8mb4_bin DEFAULT NULL CHECK (json_valid(`metadata`)),
  `created_at` datetime(6) DEFAULT NULL,
  `updated_at` datetime(6) DEFAULT NULL,
  `published_at` datetime(6) DEFAULT NULL,
  `created_by_id` int(10) unsigned DEFAULT NULL,
  `updated_by_id` int(10) unsigned DEFAULT NULL,
  `locale` varchar(255) DEFAULT NULL,
  PRIMARY KEY (`id`),
  KEY `menu_id` (`menu_id`),
  KEY `ltb_st_module_menu_children_items_documents_idx` (`document_id`,`locale`,`published_at`),
  KEY `ltb_st_module_menu_children_items_created_by_id_fk` (`created_by_id`),
  KEY `ltb_st_module_menu_children_items_updated_by_id_fk` (`updated_by_id`),
  CONSTRAINT `ltb_st_module_menu_children_items_created_by_id_fk` FOREIGN KEY (`created_by_id`) REFERENCES `admin_users` (`id`) ON DELETE SET NULL,
  CONSTRAINT `ltb_st_module_menu_children_items_updated_by_id_fk` FOREIGN KEY (`updated_by_id`) REFERENCES `admin_users` (`id`) ON DELETE SET NULL
) ENGINE=InnoDB DEFAULT CHARSET=utf8mb4 COLLATE=utf8mb4_uca1400_ai_ci;



# Dump of table ltb_st_module_menu_items
# ------------------------------------------------------------

DROP TABLE IF EXISTS `ltb_st_module_menu_items`;

CREATE TABLE `ltb_st_module_menu_items` (
  `id` int(10) unsigned NOT NULL AUTO_INCREMENT,
  `document_id` varchar(255) DEFAULT NULL,
  `title` varchar(255) DEFAULT NULL,
  `uid` varchar(255) DEFAULT NULL,
  `locale` varchar(255) DEFAULT NULL,
  `created_at` datetime(6) DEFAULT NULL,
  `updated_at` datetime(6) DEFAULT NULL,
  `published_at` datetime(6) DEFAULT NULL,
  `created_by_id` int(10) unsigned DEFAULT NULL,
  `updated_by_id` int(10) unsigned DEFAULT NULL,
  PRIMARY KEY (`id`),
  UNIQUE KEY `unique_uid_locale` (`uid`,`locale`),
  KEY `ltb_st_module_menu_items_documents_idx` (`document_id`,`locale`,`published_at`),
  KEY `ltb_st_module_menu_items_created_by_id_fk` (`created_by_id`),
  KEY `ltb_st_module_menu_items_updated_by_id_fk` (`updated_by_id`),
  CONSTRAINT `ltb_st_module_menu_items_created_by_id_fk` FOREIGN KEY (`created_by_id`) REFERENCES `admin_users` (`id`) ON DELETE SET NULL,
  CONSTRAINT `ltb_st_module_menu_items_updated_by_id_fk` FOREIGN KEY (`updated_by_id`) REFERENCES `admin_users` (`id`) ON DELETE SET NULL
) ENGINE=InnoDB DEFAULT CHARSET=utf8mb4 COLLATE=utf8mb4_uca1400_ai_ci;



# Dump of table ltb_st_module_parameter_items
# ------------------------------------------------------------

DROP TABLE IF EXISTS `ltb_st_module_parameter_items`;

CREATE TABLE `ltb_st_module_parameter_items` (
  `id` int(10) unsigned NOT NULL AUTO_INCREMENT,
  `document_id` varchar(255) DEFAULT NULL,
  `uid` varchar(255) DEFAULT NULL,
  `value` varchar(255) DEFAULT NULL,
  `private` tinyint(1) DEFAULT NULL,
  `created_at` datetime(6) DEFAULT NULL,
  `updated_at` datetime(6) DEFAULT NULL,
  `published_at` datetime(6) DEFAULT NULL,
  `created_by_id` int(10) unsigned DEFAULT NULL,
  `updated_by_id` int(10) unsigned DEFAULT NULL,
  `locale` varchar(255) DEFAULT NULL,
  PRIMARY KEY (`id`),
  UNIQUE KEY `unique_uid` (`uid`),
  KEY `ltb_st_module_parameter_items_documents_idx` (`document_id`,`locale`,`published_at`),
  KEY `ltb_st_module_parameter_items_created_by_id_fk` (`created_by_id`),
  KEY `ltb_st_module_parameter_items_updated_by_id_fk` (`updated_by_id`),
  CONSTRAINT `ltb_st_module_parameter_items_created_by_id_fk` FOREIGN KEY (`created_by_id`) REFERENCES `admin_users` (`id`) ON DELETE SET NULL,
  CONSTRAINT `ltb_st_module_parameter_items_updated_by_id_fk` FOREIGN KEY (`updated_by_id`) REFERENCES `admin_users` (`id`) ON DELETE SET NULL
) ENGINE=InnoDB DEFAULT CHARSET=utf8mb4 COLLATE=utf8mb4_uca1400_ai_ci;



# Dump of table ltb_st_module_slug_items
# ------------------------------------------------------------

DROP TABLE IF EXISTS `ltb_st_module_slug_items`;

CREATE TABLE `ltb_st_module_slug_items` (
  `id` int(10) unsigned NOT NULL AUTO_INCREMENT,
  `document_id` varchar(255) DEFAULT NULL,
  `state` varchar(255) DEFAULT NULL,
  `slug` varchar(255) DEFAULT NULL,
  `content_id` varchar(255) DEFAULT NULL,
  `content_model` varchar(255) DEFAULT NULL,
  `parent_content_id` varchar(255) DEFAULT NULL,
  `parent_content_model` varchar(255) DEFAULT NULL,
  `locale` varchar(255) DEFAULT NULL,
  `created_at` datetime(6) DEFAULT NULL,
  `updated_at` datetime(6) DEFAULT NULL,
  `published_at` datetime(6) DEFAULT NULL,
  `created_by_id` int(10) unsigned DEFAULT NULL,
  `updated_by_id` int(10) unsigned DEFAULT NULL,
  PRIMARY KEY (`id`),
  UNIQUE KEY `unique_state_slug_parent_model_locale` (`state`,`slug`,`parent_content_id`,`parent_content_model`,`locale`) USING HASH,
  KEY `state_slug_locale` (`state`,`slug`,`locale`),
  KEY `ltb_st_module_slug_items_documents_idx` (`document_id`,`locale`,`published_at`),
  KEY `ltb_st_module_slug_items_created_by_id_fk` (`created_by_id`),
  KEY `ltb_st_module_slug_items_updated_by_id_fk` (`updated_by_id`),
  CONSTRAINT `ltb_st_module_slug_items_created_by_id_fk` FOREIGN KEY (`created_by_id`) REFERENCES `admin_users` (`id`) ON DELETE SET NULL,
  CONSTRAINT `ltb_st_module_slug_items_updated_by_id_fk` FOREIGN KEY (`updated_by_id`) REFERENCES `admin_users` (`id`) ON DELETE SET NULL
) ENGINE=InnoDB DEFAULT CHARSET=utf8mb4 COLLATE=utf8mb4_uca1400_ai_ci;

LOCK TABLES `ltb_st_module_slug_items` WRITE;
/*!40000 ALTER TABLE `ltb_st_module_slug_items` DISABLE KEYS */;

INSERT INTO `ltb_st_module_slug_items` (`id`, `document_id`, `state`, `slug`, `content_id`, `content_model`, `parent_content_id`, `parent_content_model`, `locale`, `created_at`, `updated_at`, `published_at`, `created_by_id`, `updated_by_id`)
VALUES
	(24,'cpgw3yho8htwbnf156mm64o1','draft','homepage','k5m5omxnuhvkt4b2qha0ljp4','api::page.page',NULL,NULL,'en','2026-01-18 01:44:46.358000','2026-01-18 01:44:46.358000','2026-01-18 01:44:46.358000',NULL,NULL),
	(25,'e91fhxc9xtsj2mdh4l28uwfo','published','homepage','k5m5omxnuhvkt4b2qha0ljp4','api::page.page',NULL,NULL,'en','2026-01-18 01:44:47.133000','2026-01-18 01:44:47.133000','2026-01-18 01:44:47.134000',NULL,NULL);

/*!40000 ALTER TABLE `ltb_st_module_slug_items` ENABLE KEYS */;
UNLOCK TABLES;


# Dump of table ltb_st_module_template_items
# ------------------------------------------------------------

DROP TABLE IF EXISTS `ltb_st_module_template_items`;

CREATE TABLE `ltb_st_module_template_items` (
  `id` int(10) unsigned NOT NULL AUTO_INCREMENT,
  `document_id` varchar(255) DEFAULT NULL,
  `uid` varchar(255) DEFAULT NULL,
  `name` varchar(255) DEFAULT NULL,
  `created_at` datetime(6) DEFAULT NULL,
  `updated_at` datetime(6) DEFAULT NULL,
  `published_at` datetime(6) DEFAULT NULL,
  `created_by_id` int(10) unsigned DEFAULT NULL,
  `updated_by_id` int(10) unsigned DEFAULT NULL,
  `locale` varchar(255) DEFAULT NULL,
  PRIMARY KEY (`id`),
  UNIQUE KEY `unique_uid` (`uid`),
  KEY `ltb_st_module_template_items_documents_idx` (`document_id`,`locale`,`published_at`),
  KEY `ltb_st_module_template_items_created_by_id_fk` (`created_by_id`),
  KEY `ltb_st_module_template_items_updated_by_id_fk` (`updated_by_id`),
  CONSTRAINT `ltb_st_module_template_items_created_by_id_fk` FOREIGN KEY (`created_by_id`) REFERENCES `admin_users` (`id`) ON DELETE SET NULL,
  CONSTRAINT `ltb_st_module_template_items_updated_by_id_fk` FOREIGN KEY (`updated_by_id`) REFERENCES `admin_users` (`id`) ON DELETE SET NULL
) ENGINE=InnoDB DEFAULT CHARSET=utf8mb4 COLLATE=utf8mb4_uca1400_ai_ci;

LOCK TABLES `ltb_st_module_template_items` WRITE;
/*!40000 ALTER TABLE `ltb_st_module_template_items` DISABLE KEYS */;

INSERT INTO `ltb_st_module_template_items` (`id`, `document_id`, `uid`, `name`, `created_at`, `updated_at`, `published_at`, `created_by_id`, `updated_by_id`, `locale`)
VALUES
	(1,'ytwkhbvlgamo6uqoxzl0zo5y','default','Default','2025-10-21 18:18:02.885000','2025-10-21 18:18:02.885000','2025-10-21 18:18:02.885000',NULL,NULL,NULL);

/*!40000 ALTER TABLE `ltb_st_module_template_items` ENABLE KEYS */;
UNLOCK TABLES;


# Dump of table ltb_st_module_translation_items
# ------------------------------------------------------------

DROP TABLE IF EXISTS `ltb_st_module_translation_items`;

CREATE TABLE `ltb_st_module_translation_items` (
  `id` int(10) unsigned NOT NULL AUTO_INCREMENT,
  `document_id` varchar(255) DEFAULT NULL,
  `uid` varchar(255) DEFAULT NULL,
  `translation` varchar(255) DEFAULT NULL,
  `locale` varchar(255) DEFAULT NULL,
  `created_at` datetime(6) DEFAULT NULL,
  `updated_at` datetime(6) DEFAULT NULL,
  `published_at` datetime(6) DEFAULT NULL,
  `created_by_id` int(10) unsigned DEFAULT NULL,
  `updated_by_id` int(10) unsigned DEFAULT NULL,
  PRIMARY KEY (`id`),
  UNIQUE KEY `unique_uid_locale` (`uid`,`locale`),
  KEY `index_uid` (`uid`),
  KEY `index_translation` (`translation`),
  KEY `ltb_st_module_translation_items_documents_idx` (`document_id`,`locale`,`published_at`),
  KEY `ltb_st_module_translation_items_created_by_id_fk` (`created_by_id`),
  KEY `ltb_st_module_translation_items_updated_by_id_fk` (`updated_by_id`),
  CONSTRAINT `ltb_st_module_translation_items_created_by_id_fk` FOREIGN KEY (`created_by_id`) REFERENCES `admin_users` (`id`) ON DELETE SET NULL,
  CONSTRAINT `ltb_st_module_translation_items_updated_by_id_fk` FOREIGN KEY (`updated_by_id`) REFERENCES `admin_users` (`id`) ON DELETE SET NULL
) ENGINE=InnoDB DEFAULT CHARSET=utf8mb4 COLLATE=utf8mb4_uca1400_ai_ci;



# Dump of table pages
# ------------------------------------------------------------

DROP TABLE IF EXISTS `pages`;

CREATE TABLE `pages` (
  `id` int(10) unsigned NOT NULL AUTO_INCREMENT,
  `document_id` varchar(255) DEFAULT NULL,
  `title` varchar(255) DEFAULT NULL,
  `slug` varchar(255) DEFAULT NULL,
  `created_at` datetime(6) DEFAULT NULL,
  `updated_at` datetime(6) DEFAULT NULL,
  `published_at` datetime(6) DEFAULT NULL,
  `created_by_id` int(10) unsigned DEFAULT NULL,
  `updated_by_id` int(10) unsigned DEFAULT NULL,
  `locale` varchar(255) DEFAULT NULL,
  PRIMARY KEY (`id`),
  KEY `pages_documents_idx` (`document_id`,`locale`,`published_at`),
  KEY `pages_created_by_id_fk` (`created_by_id`),
  KEY `pages_updated_by_id_fk` (`updated_by_id`),
  CONSTRAINT `pages_created_by_id_fk` FOREIGN KEY (`created_by_id`) REFERENCES `admin_users` (`id`) ON DELETE SET NULL,
  CONSTRAINT `pages_updated_by_id_fk` FOREIGN KEY (`updated_by_id`) REFERENCES `admin_users` (`id`) ON DELETE SET NULL
) ENGINE=InnoDB DEFAULT CHARSET=utf8mb4 COLLATE=utf8mb4_uca1400_ai_ci;

LOCK TABLES `pages` WRITE;
/*!40000 ALTER TABLE `pages` DISABLE KEYS */;

INSERT INTO `pages` (`id`, `document_id`, `title`, `slug`, `created_at`, `updated_at`, `published_at`, `created_by_id`, `updated_by_id`, `locale`)
VALUES
	(1,'k5m5omxnuhvkt4b2qha0ljp4','Homepage',NULL,'2025-10-21 18:35:03.583000','2026-01-18 01:44:47.053000',NULL,1,1,'en'),
	(13,'k5m5omxnuhvkt4b2qha0ljp4','Homepage',NULL,'2025-10-21 18:35:03.583000','2026-01-18 01:44:47.053000','2026-01-18 01:44:47.110000',1,1,'en');

/*!40000 ALTER TABLE `pages` ENABLE KEYS */;
UNLOCK TABLES;


# Dump of table pages_cmps
# ------------------------------------------------------------

DROP TABLE IF EXISTS `pages_cmps`;

CREATE TABLE `pages_cmps` (
  `id` int(10) unsigned NOT NULL AUTO_INCREMENT,
  `entity_id` int(10) unsigned DEFAULT NULL,
  `cmp_id` int(10) unsigned DEFAULT NULL,
  `component_type` varchar(255) DEFAULT NULL,
  `field` varchar(255) DEFAULT NULL,
  `order` double unsigned DEFAULT NULL,
  PRIMARY KEY (`id`),
  UNIQUE KEY `pages_uq` (`entity_id`,`cmp_id`,`field`,`component_type`),
  KEY `pages_field_idx` (`field`),
  KEY `pages_component_type_idx` (`component_type`),
  KEY `pages_entity_fk` (`entity_id`),
  CONSTRAINT `pages_entity_fk` FOREIGN KEY (`entity_id`) REFERENCES `pages` (`id`) ON DELETE CASCADE
) ENGINE=InnoDB DEFAULT CHARSET=utf8mb4 COLLATE=utf8mb4_uca1400_ai_ci;

LOCK TABLES `pages_cmps` WRITE;
/*!40000 ALTER TABLE `pages_cmps` DISABLE KEYS */;

INSERT INTO `pages_cmps` (`id`, `entity_id`, `cmp_id`, `component_type`, `field`, `order`)
VALUES
	(1,1,1,'shared.seo','seo',NULL),
	(49,13,23,'shared.seo','seo',NULL);

/*!40000 ALTER TABLE `pages_cmps` ENABLE KEYS */;
UNLOCK TABLES;


# Dump of table strapi_api_token_permissions
# ------------------------------------------------------------

DROP TABLE IF EXISTS `strapi_api_token_permissions`;

CREATE TABLE `strapi_api_token_permissions` (
  `id` int(10) unsigned NOT NULL AUTO_INCREMENT,
  `document_id` varchar(255) DEFAULT NULL,
  `action` varchar(255) DEFAULT NULL,
  `created_at` datetime(6) DEFAULT NULL,
  `updated_at` datetime(6) DEFAULT NULL,
  `published_at` datetime(6) DEFAULT NULL,
  `created_by_id` int(10) unsigned DEFAULT NULL,
  `updated_by_id` int(10) unsigned DEFAULT NULL,
  `locale` varchar(255) DEFAULT NULL,
  PRIMARY KEY (`id`),
  KEY `strapi_api_token_permissions_documents_idx` (`document_id`,`locale`,`published_at`),
  KEY `strapi_api_token_permissions_created_by_id_fk` (`created_by_id`),
  KEY `strapi_api_token_permissions_updated_by_id_fk` (`updated_by_id`),
  CONSTRAINT `strapi_api_token_permissions_created_by_id_fk` FOREIGN KEY (`created_by_id`) REFERENCES `admin_users` (`id`) ON DELETE SET NULL,
  CONSTRAINT `strapi_api_token_permissions_updated_by_id_fk` FOREIGN KEY (`updated_by_id`) REFERENCES `admin_users` (`id`) ON DELETE SET NULL
) ENGINE=InnoDB DEFAULT CHARSET=utf8mb4 COLLATE=utf8mb4_uca1400_ai_ci;



# Dump of table strapi_api_token_permissions_token_lnk
# ------------------------------------------------------------

DROP TABLE IF EXISTS `strapi_api_token_permissions_token_lnk`;

CREATE TABLE `strapi_api_token_permissions_token_lnk` (
  `id` int(10) unsigned NOT NULL AUTO_INCREMENT,
  `api_token_permission_id` int(10) unsigned DEFAULT NULL,
  `api_token_id` int(10) unsigned DEFAULT NULL,
  `api_token_permission_ord` double unsigned DEFAULT NULL,
  PRIMARY KEY (`id`),
  UNIQUE KEY `strapi_api_token_permissions_token_lnk_uq` (`api_token_permission_id`,`api_token_id`),
  KEY `strapi_api_token_permissions_token_lnk_fk` (`api_token_permission_id`),
  KEY `strapi_api_token_permissions_token_lnk_ifk` (`api_token_id`),
  KEY `strapi_api_token_permissions_token_lnk_oifk` (`api_token_permission_ord`),
  CONSTRAINT `strapi_api_token_permissions_token_lnk_fk` FOREIGN KEY (`api_token_permission_id`) REFERENCES `strapi_api_token_permissions` (`id`) ON DELETE CASCADE,
  CONSTRAINT `strapi_api_token_permissions_token_lnk_ifk` FOREIGN KEY (`api_token_id`) REFERENCES `strapi_api_tokens` (`id`) ON DELETE CASCADE
) ENGINE=InnoDB DEFAULT CHARSET=utf8mb4 COLLATE=utf8mb4_uca1400_ai_ci;



# Dump of table strapi_api_tokens
# ------------------------------------------------------------

DROP TABLE IF EXISTS `strapi_api_tokens`;

CREATE TABLE `strapi_api_tokens` (
  `id` int(10) unsigned NOT NULL AUTO_INCREMENT,
  `document_id` varchar(255) DEFAULT NULL,
  `name` varchar(255) DEFAULT NULL,
  `description` varchar(255) DEFAULT NULL,
  `type` varchar(255) DEFAULT NULL,
  `access_key` varchar(255) DEFAULT NULL,
  `last_used_at` datetime(6) DEFAULT NULL,
  `expires_at` datetime(6) DEFAULT NULL,
  `lifespan` bigint(20) DEFAULT NULL,
  `created_at` datetime(6) DEFAULT NULL,
  `updated_at` datetime(6) DEFAULT NULL,
  `published_at` datetime(6) DEFAULT NULL,
  `created_by_id` int(10) unsigned DEFAULT NULL,
  `updated_by_id` int(10) unsigned DEFAULT NULL,
  `locale` varchar(255) DEFAULT NULL,
  PRIMARY KEY (`id`),
  KEY `strapi_api_tokens_documents_idx` (`document_id`,`locale`,`published_at`),
  KEY `strapi_api_tokens_created_by_id_fk` (`created_by_id`),
  KEY `strapi_api_tokens_updated_by_id_fk` (`updated_by_id`),
  CONSTRAINT `strapi_api_tokens_created_by_id_fk` FOREIGN KEY (`created_by_id`) REFERENCES `admin_users` (`id`) ON DELETE SET NULL,
  CONSTRAINT `strapi_api_tokens_updated_by_id_fk` FOREIGN KEY (`updated_by_id`) REFERENCES `admin_users` (`id`) ON DELETE SET NULL
) ENGINE=InnoDB DEFAULT CHARSET=utf8mb4 COLLATE=utf8mb4_uca1400_ai_ci;

LOCK TABLES `strapi_api_tokens` WRITE;
/*!40000 ALTER TABLE `strapi_api_tokens` DISABLE KEYS */;

INSERT INTO `strapi_api_tokens` (`id`, `document_id`, `name`, `description`, `type`, `access_key`, `last_used_at`, `expires_at`, `lifespan`, `created_at`, `updated_at`, `published_at`, `created_by_id`, `updated_by_id`, `locale`)
VALUES
	(1,'qszn8avisahkrwrvz7rculxj','Read Only','A default API token with read-only permissions, only used for accessing resources','read-only','6ed1dc18bd14067c0fbd8a298d0936d07cb4f8d18e9a3ca4e71bf9f885ff8811961904840f77f4b26b869c841afb9c91f3b9eddf507efc0f2cfbbe78e14e5b08',NULL,NULL,NULL,'2025-10-21 18:18:03.189000','2026-01-18 01:48:16.126000','2025-10-21 18:18:03.189000',NULL,NULL,NULL),
	(2,'f3gglcezfhxb2t8pcjb1hgfd','Full Access','A default API token with full access permissions, used for accessing or modifying resources','full-access','4f693c5457e94194afd86ea5f1c454d51823641164b3481fa5c191b84280373e7dde6a195ffca02203a7acf8c25fe6a7f6b4f9f07f50d61b1e17e2567a28c538',NULL,NULL,NULL,'2025-10-21 18:18:03.193000','2025-10-21 18:18:03.193000','2025-10-21 18:18:03.193000',NULL,NULL,NULL);

/*!40000 ALTER TABLE `strapi_api_tokens` ENABLE KEYS */;
UNLOCK TABLES;


# Dump of table strapi_core_store_settings
# ------------------------------------------------------------

DROP TABLE IF EXISTS `strapi_core_store_settings`;

CREATE TABLE `strapi_core_store_settings` (
  `id` int(10) unsigned NOT NULL AUTO_INCREMENT,
  `key` varchar(255) DEFAULT NULL,
  `value` longtext DEFAULT NULL,
  `type` varchar(255) DEFAULT NULL,
  `environment` varchar(255) DEFAULT NULL,
  `tag` varchar(255) DEFAULT NULL,
  PRIMARY KEY (`id`)
) ENGINE=InnoDB DEFAULT CHARSET=utf8mb4 COLLATE=utf8mb4_uca1400_ai_ci;

LOCK TABLES `strapi_core_store_settings` WRITE;
/*!40000 ALTER TABLE `strapi_core_store_settings` DISABLE KEYS */;

INSERT INTO `strapi_core_store_settings` (`id`, `key`, `value`, `type`, `environment`, `tag`)
VALUES
	(1,'strapi_content_types_schema','{\"api::page.page\":{\"kind\":\"collectionType\",\"collectionName\":\"pages\",\"info\":{\"singularName\":\"page\",\"pluralName\":\"pages\",\"displayName\":\"Pages\",\"description\":\"\"},\"options\":{\"draftAndPublish\":true},\"pluginOptions\":{\"i18n\":{\"localized\":true}},\"attributes\":{\"title\":{\"type\":\"string\",\"required\":true,\"pluginOptions\":{\"i18n\":{\"localized\":true}}},\"slug\":{\"type\":\"uid\",\"pluginOptions\":{\"i18n\":{\"localized\":true}},\"options\":{\"targetField\":\"title\"},\"customField\":\"plugin::littlebox-strapi-suite.ltbslug\"},\"seo\":{\"type\":\"component\",\"repeatable\":false,\"component\":\"shared.seo\",\"required\":true,\"pluginOptions\":{\"i18n\":{\"localized\":true}}},\"createdAt\":{\"type\":\"datetime\"},\"updatedAt\":{\"type\":\"datetime\"},\"publishedAt\":{\"type\":\"datetime\",\"configurable\":false,\"writable\":true,\"visible\":false},\"createdBy\":{\"type\":\"relation\",\"relation\":\"oneToOne\",\"target\":\"admin::user\",\"configurable\":false,\"writable\":false,\"visible\":false,\"useJoinTable\":false,\"private\":true},\"updatedBy\":{\"type\":\"relation\",\"relation\":\"oneToOne\",\"target\":\"admin::user\",\"configurable\":false,\"writable\":false,\"visible\":false,\"useJoinTable\":false,\"private\":true},\"locale\":{\"writable\":true,\"private\":false,\"configurable\":false,\"visible\":false,\"type\":\"string\"},\"localizations\":{\"type\":\"relation\",\"relation\":\"oneToMany\",\"target\":\"api::page.page\",\"writable\":false,\"private\":false,\"configurable\":false,\"visible\":false,\"unstable_virtual\":true,\"joinColumn\":{\"name\":\"document_id\",\"referencedColumn\":\"document_id\",\"referencedTable\":\"pages\"}}},\"apiName\":\"page\",\"globalId\":\"Page\",\"uid\":\"api::page.page\",\"modelType\":\"contentType\",\"__schema__\":{\"collectionName\":\"pages\",\"info\":{\"singularName\":\"page\",\"pluralName\":\"pages\",\"displayName\":\"Pages\",\"description\":\"\"},\"options\":{\"draftAndPublish\":true},\"pluginOptions\":{\"i18n\":{\"localized\":true}},\"attributes\":{\"title\":{\"type\":\"string\",\"required\":true,\"pluginOptions\":{\"i18n\":{\"localized\":true}}},\"slug\":{\"type\":\"customField\",\"pluginOptions\":{\"i18n\":{\"localized\":true}},\"options\":{\"targetField\":\"title\"},\"customField\":\"plugin::littlebox-strapi-suite.ltbslug\"},\"seo\":{\"type\":\"component\",\"repeatable\":false,\"component\":\"shared.seo\",\"required\":true,\"pluginOptions\":{\"i18n\":{\"localized\":true}}}},\"kind\":\"collectionType\"},\"modelName\":\"page\",\"actions\":{},\"lifecycles\":{}},\"plugin::upload.file\":{\"collectionName\":\"files\",\"info\":{\"singularName\":\"file\",\"pluralName\":\"files\",\"displayName\":\"File\",\"description\":\"\"},\"options\":{\"draftAndPublish\":false},\"pluginOptions\":{\"content-manager\":{\"visible\":false},\"content-type-builder\":{\"visible\":false}},\"attributes\":{\"name\":{\"type\":\"string\",\"configurable\":false,\"required\":true},\"alternativeText\":{\"type\":\"string\",\"configurable\":false},\"caption\":{\"type\":\"string\",\"configurable\":false},\"width\":{\"type\":\"integer\",\"configurable\":false},\"height\":{\"type\":\"integer\",\"configurable\":false},\"formats\":{\"type\":\"json\",\"configurable\":false},\"hash\":{\"type\":\"string\",\"configurable\":false,\"required\":true},\"ext\":{\"type\":\"string\",\"configurable\":false},\"mime\":{\"type\":\"string\",\"configurable\":false,\"required\":true},\"size\":{\"type\":\"decimal\",\"configurable\":false,\"required\":true},\"url\":{\"type\":\"string\",\"configurable\":false,\"required\":true},\"previewUrl\":{\"type\":\"string\",\"configurable\":false},\"provider\":{\"type\":\"string\",\"configurable\":false,\"required\":true},\"provider_metadata\":{\"type\":\"json\",\"configurable\":false},\"related\":{\"type\":\"relation\",\"relation\":\"morphToMany\",\"configurable\":false},\"folder\":{\"type\":\"relation\",\"relation\":\"manyToOne\",\"target\":\"plugin::upload.folder\",\"inversedBy\":\"files\",\"private\":true},\"folderPath\":{\"type\":\"string\",\"minLength\":1,\"required\":true,\"private\":true,\"searchable\":false},\"createdAt\":{\"type\":\"datetime\"},\"updatedAt\":{\"type\":\"datetime\"},\"publishedAt\":{\"type\":\"datetime\",\"configurable\":false,\"writable\":true,\"visible\":false},\"createdBy\":{\"type\":\"relation\",\"relation\":\"oneToOne\",\"target\":\"admin::user\",\"configurable\":false,\"writable\":false,\"visible\":false,\"useJoinTable\":false,\"private\":true},\"updatedBy\":{\"type\":\"relation\",\"relation\":\"oneToOne\",\"target\":\"admin::user\",\"configurable\":false,\"writable\":false,\"visible\":false,\"useJoinTable\":false,\"private\":true},\"locale\":{\"writable\":true,\"private\":true,\"configurable\":false,\"visible\":false,\"type\":\"string\"},\"localizations\":{\"type\":\"relation\",\"relation\":\"oneToMany\",\"target\":\"plugin::upload.file\",\"writable\":false,\"private\":true,\"configurable\":false,\"visible\":false,\"unstable_virtual\":true,\"joinColumn\":{\"name\":\"document_id\",\"referencedColumn\":\"document_id\",\"referencedTable\":\"files\"}}},\"indexes\":[{\"name\":\"upload_files_folder_path_index\",\"columns\":[\"folder_path\"],\"type\":null},{\"name\":\"upload_files_created_at_index\",\"columns\":[\"created_at\"],\"type\":null},{\"name\":\"upload_files_updated_at_index\",\"columns\":[\"updated_at\"],\"type\":null},{\"name\":\"upload_files_name_index\",\"columns\":[\"name\"],\"type\":null},{\"name\":\"upload_files_size_index\",\"columns\":[\"size\"],\"type\":null},{\"name\":\"upload_files_ext_index\",\"columns\":[\"ext\"],\"type\":null}],\"plugin\":\"upload\",\"globalId\":\"UploadFile\",\"uid\":\"plugin::upload.file\",\"modelType\":\"contentType\",\"kind\":\"collectionType\",\"__schema__\":{\"collectionName\":\"files\",\"info\":{\"singularName\":\"file\",\"pluralName\":\"files\",\"displayName\":\"File\",\"description\":\"\"},\"options\":{},\"pluginOptions\":{\"content-manager\":{\"visible\":false},\"content-type-builder\":{\"visible\":false}},\"attributes\":{\"name\":{\"type\":\"string\",\"configurable\":false,\"required\":true},\"alternativeText\":{\"type\":\"string\",\"configurable\":false},\"caption\":{\"type\":\"string\",\"configurable\":false},\"width\":{\"type\":\"integer\",\"configurable\":false},\"height\":{\"type\":\"integer\",\"configurable\":false},\"formats\":{\"type\":\"json\",\"configurable\":false},\"hash\":{\"type\":\"string\",\"configurable\":false,\"required\":true},\"ext\":{\"type\":\"string\",\"configurable\":false},\"mime\":{\"type\":\"string\",\"configurable\":false,\"required\":true},\"size\":{\"type\":\"decimal\",\"configurable\":false,\"required\":true},\"url\":{\"type\":\"string\",\"configurable\":false,\"required\":true},\"previewUrl\":{\"type\":\"string\",\"configurable\":false},\"provider\":{\"type\":\"string\",\"configurable\":false,\"required\":true},\"provider_metadata\":{\"type\":\"json\",\"configurable\":false},\"related\":{\"type\":\"relation\",\"relation\":\"morphToMany\",\"configurable\":false},\"folder\":{\"type\":\"relation\",\"relation\":\"manyToOne\",\"target\":\"plugin::upload.folder\",\"inversedBy\":\"files\",\"private\":true},\"folderPath\":{\"type\":\"string\",\"minLength\":1,\"required\":true,\"private\":true,\"searchable\":false}},\"kind\":\"collectionType\"},\"modelName\":\"file\"},\"plugin::upload.folder\":{\"collectionName\":\"upload_folders\",\"info\":{\"singularName\":\"folder\",\"pluralName\":\"folders\",\"displayName\":\"Folder\"},\"options\":{\"draftAndPublish\":false},\"pluginOptions\":{\"content-manager\":{\"visible\":false},\"content-type-builder\":{\"visible\":false}},\"attributes\":{\"name\":{\"type\":\"string\",\"minLength\":1,\"required\":true},\"pathId\":{\"type\":\"integer\",\"unique\":true,\"required\":true},\"parent\":{\"type\":\"relation\",\"relation\":\"manyToOne\",\"target\":\"plugin::upload.folder\",\"inversedBy\":\"children\"},\"children\":{\"type\":\"relation\",\"relation\":\"oneToMany\",\"target\":\"plugin::upload.folder\",\"mappedBy\":\"parent\"},\"files\":{\"type\":\"relation\",\"relation\":\"oneToMany\",\"target\":\"plugin::upload.file\",\"mappedBy\":\"folder\"},\"path\":{\"type\":\"string\",\"minLength\":1,\"required\":true},\"createdAt\":{\"type\":\"datetime\"},\"updatedAt\":{\"type\":\"datetime\"},\"publishedAt\":{\"type\":\"datetime\",\"configurable\":false,\"writable\":true,\"visible\":false},\"createdBy\":{\"type\":\"relation\",\"relation\":\"oneToOne\",\"target\":\"admin::user\",\"configurable\":false,\"writable\":false,\"visible\":false,\"useJoinTable\":false,\"private\":true},\"updatedBy\":{\"type\":\"relation\",\"relation\":\"oneToOne\",\"target\":\"admin::user\",\"configurable\":false,\"writable\":false,\"visible\":false,\"useJoinTable\":false,\"private\":true},\"locale\":{\"writable\":true,\"private\":true,\"configurable\":false,\"visible\":false,\"type\":\"string\"},\"localizations\":{\"type\":\"relation\",\"relation\":\"oneToMany\",\"target\":\"plugin::upload.folder\",\"writable\":false,\"private\":true,\"configurable\":false,\"visible\":false,\"unstable_virtual\":true,\"joinColumn\":{\"name\":\"document_id\",\"referencedColumn\":\"document_id\",\"referencedTable\":\"upload_folders\"}}},\"indexes\":[{\"name\":\"upload_folders_path_id_index\",\"columns\":[\"path_id\"],\"type\":\"unique\"},{\"name\":\"upload_folders_path_index\",\"columns\":[\"path\"],\"type\":\"unique\"}],\"plugin\":\"upload\",\"globalId\":\"UploadFolder\",\"uid\":\"plugin::upload.folder\",\"modelType\":\"contentType\",\"kind\":\"collectionType\",\"__schema__\":{\"collectionName\":\"upload_folders\",\"info\":{\"singularName\":\"folder\",\"pluralName\":\"folders\",\"displayName\":\"Folder\"},\"options\":{},\"pluginOptions\":{\"content-manager\":{\"visible\":false},\"content-type-builder\":{\"visible\":false}},\"attributes\":{\"name\":{\"type\":\"string\",\"minLength\":1,\"required\":true},\"pathId\":{\"type\":\"integer\",\"unique\":true,\"required\":true},\"parent\":{\"type\":\"relation\",\"relation\":\"manyToOne\",\"target\":\"plugin::upload.folder\",\"inversedBy\":\"children\"},\"children\":{\"type\":\"relation\",\"relation\":\"oneToMany\",\"target\":\"plugin::upload.folder\",\"mappedBy\":\"parent\"},\"files\":{\"type\":\"relation\",\"relation\":\"oneToMany\",\"target\":\"plugin::upload.file\",\"mappedBy\":\"folder\"},\"path\":{\"type\":\"string\",\"minLength\":1,\"required\":true}},\"kind\":\"collectionType\"},\"modelName\":\"folder\"},\"plugin::i18n.locale\":{\"info\":{\"singularName\":\"locale\",\"pluralName\":\"locales\",\"collectionName\":\"locales\",\"displayName\":\"Locale\",\"description\":\"\"},\"options\":{\"draftAndPublish\":false},\"pluginOptions\":{\"content-manager\":{\"visible\":false},\"content-type-builder\":{\"visible\":false}},\"attributes\":{\"name\":{\"type\":\"string\",\"min\":1,\"max\":50,\"configurable\":false},\"code\":{\"type\":\"string\",\"unique\":true,\"configurable\":false},\"createdAt\":{\"type\":\"datetime\"},\"updatedAt\":{\"type\":\"datetime\"},\"publishedAt\":{\"type\":\"datetime\",\"configurable\":false,\"writable\":true,\"visible\":false},\"createdBy\":{\"type\":\"relation\",\"relation\":\"oneToOne\",\"target\":\"admin::user\",\"configurable\":false,\"writable\":false,\"visible\":false,\"useJoinTable\":false,\"private\":true},\"updatedBy\":{\"type\":\"relation\",\"relation\":\"oneToOne\",\"target\":\"admin::user\",\"configurable\":false,\"writable\":false,\"visible\":false,\"useJoinTable\":false,\"private\":true},\"locale\":{\"writable\":true,\"private\":true,\"configurable\":false,\"visible\":false,\"type\":\"string\"},\"localizations\":{\"type\":\"relation\",\"relation\":\"oneToMany\",\"target\":\"plugin::i18n.locale\",\"writable\":false,\"private\":true,\"configurable\":false,\"visible\":false,\"unstable_virtual\":true,\"joinColumn\":{\"name\":\"document_id\",\"referencedColumn\":\"document_id\",\"referencedTable\":\"i18n_locale\"}}},\"plugin\":\"i18n\",\"collectionName\":\"i18n_locale\",\"globalId\":\"I18NLocale\",\"uid\":\"plugin::i18n.locale\",\"modelType\":\"contentType\",\"kind\":\"collectionType\",\"__schema__\":{\"collectionName\":\"i18n_locale\",\"info\":{\"singularName\":\"locale\",\"pluralName\":\"locales\",\"collectionName\":\"locales\",\"displayName\":\"Locale\",\"description\":\"\"},\"options\":{},\"pluginOptions\":{\"content-manager\":{\"visible\":false},\"content-type-builder\":{\"visible\":false}},\"attributes\":{\"name\":{\"type\":\"string\",\"min\":1,\"max\":50,\"configurable\":false},\"code\":{\"type\":\"string\",\"unique\":true,\"configurable\":false}},\"kind\":\"collectionType\"},\"modelName\":\"locale\"},\"plugin::content-releases.release\":{\"collectionName\":\"strapi_releases\",\"info\":{\"singularName\":\"release\",\"pluralName\":\"releases\",\"displayName\":\"Release\"},\"options\":{\"draftAndPublish\":false},\"pluginOptions\":{\"content-manager\":{\"visible\":false},\"content-type-builder\":{\"visible\":false}},\"attributes\":{\"name\":{\"type\":\"string\",\"required\":true},\"releasedAt\":{\"type\":\"datetime\"},\"scheduledAt\":{\"type\":\"datetime\"},\"timezone\":{\"type\":\"string\"},\"status\":{\"type\":\"enumeration\",\"enum\":[\"ready\",\"blocked\",\"failed\",\"done\",\"empty\"],\"required\":true},\"actions\":{\"type\":\"relation\",\"relation\":\"oneToMany\",\"target\":\"plugin::content-releases.release-action\",\"mappedBy\":\"release\"},\"createdAt\":{\"type\":\"datetime\"},\"updatedAt\":{\"type\":\"datetime\"},\"publishedAt\":{\"type\":\"datetime\",\"configurable\":false,\"writable\":true,\"visible\":false},\"createdBy\":{\"type\":\"relation\",\"relation\":\"oneToOne\",\"target\":\"admin::user\",\"configurable\":false,\"writable\":false,\"visible\":false,\"useJoinTable\":false,\"private\":true},\"updatedBy\":{\"type\":\"relation\",\"relation\":\"oneToOne\",\"target\":\"admin::user\",\"configurable\":false,\"writable\":false,\"visible\":false,\"useJoinTable\":false,\"private\":true},\"locale\":{\"writable\":true,\"private\":true,\"configurable\":false,\"visible\":false,\"type\":\"string\"},\"localizations\":{\"type\":\"relation\",\"relation\":\"oneToMany\",\"target\":\"plugin::content-releases.release\",\"writable\":false,\"private\":true,\"configurable\":false,\"visible\":false,\"unstable_virtual\":true,\"joinColumn\":{\"name\":\"document_id\",\"referencedColumn\":\"document_id\",\"referencedTable\":\"strapi_releases\"}}},\"plugin\":\"content-releases\",\"globalId\":\"ContentReleasesRelease\",\"uid\":\"plugin::content-releases.release\",\"modelType\":\"contentType\",\"kind\":\"collectionType\",\"__schema__\":{\"collectionName\":\"strapi_releases\",\"info\":{\"singularName\":\"release\",\"pluralName\":\"releases\",\"displayName\":\"Release\"},\"options\":{\"draftAndPublish\":false},\"pluginOptions\":{\"content-manager\":{\"visible\":false},\"content-type-builder\":{\"visible\":false}},\"attributes\":{\"name\":{\"type\":\"string\",\"required\":true},\"releasedAt\":{\"type\":\"datetime\"},\"scheduledAt\":{\"type\":\"datetime\"},\"timezone\":{\"type\":\"string\"},\"status\":{\"type\":\"enumeration\",\"enum\":[\"ready\",\"blocked\",\"failed\",\"done\",\"empty\"],\"required\":true},\"actions\":{\"type\":\"relation\",\"relation\":\"oneToMany\",\"target\":\"plugin::content-releases.release-action\",\"mappedBy\":\"release\"}},\"kind\":\"collectionType\"},\"modelName\":\"release\"},\"plugin::content-releases.release-action\":{\"collectionName\":\"strapi_release_actions\",\"info\":{\"singularName\":\"release-action\",\"pluralName\":\"release-actions\",\"displayName\":\"Release Action\"},\"options\":{\"draftAndPublish\":false},\"pluginOptions\":{\"content-manager\":{\"visible\":false},\"content-type-builder\":{\"visible\":false}},\"attributes\":{\"type\":{\"type\":\"enumeration\",\"enum\":[\"publish\",\"unpublish\"],\"required\":true},\"contentType\":{\"type\":\"string\",\"required\":true},\"entryDocumentId\":{\"type\":\"string\"},\"locale\":{\"writable\":true,\"private\":true,\"configurable\":false,\"visible\":false,\"type\":\"string\"},\"release\":{\"type\":\"relation\",\"relation\":\"manyToOne\",\"target\":\"plugin::content-releases.release\",\"inversedBy\":\"actions\"},\"isEntryValid\":{\"type\":\"boolean\"},\"createdAt\":{\"type\":\"datetime\"},\"updatedAt\":{\"type\":\"datetime\"},\"publishedAt\":{\"type\":\"datetime\",\"configurable\":false,\"writable\":true,\"visible\":false},\"createdBy\":{\"type\":\"relation\",\"relation\":\"oneToOne\",\"target\":\"admin::user\",\"configurable\":false,\"writable\":false,\"visible\":false,\"useJoinTable\":false,\"private\":true},\"updatedBy\":{\"type\":\"relation\",\"relation\":\"oneToOne\",\"target\":\"admin::user\",\"configurable\":false,\"writable\":false,\"visible\":false,\"useJoinTable\":false,\"private\":true},\"localizations\":{\"type\":\"relation\",\"relation\":\"oneToMany\",\"target\":\"plugin::content-releases.release-action\",\"writable\":false,\"private\":true,\"configurable\":false,\"visible\":false,\"unstable_virtual\":true,\"joinColumn\":{\"name\":\"document_id\",\"referencedColumn\":\"document_id\",\"referencedTable\":\"strapi_release_actions\"}}},\"plugin\":\"content-releases\",\"globalId\":\"ContentReleasesReleaseAction\",\"uid\":\"plugin::content-releases.release-action\",\"modelType\":\"contentType\",\"kind\":\"collectionType\",\"__schema__\":{\"collectionName\":\"strapi_release_actions\",\"info\":{\"singularName\":\"release-action\",\"pluralName\":\"release-actions\",\"displayName\":\"Release Action\"},\"options\":{\"draftAndPublish\":false},\"pluginOptions\":{\"content-manager\":{\"visible\":false},\"content-type-builder\":{\"visible\":false}},\"attributes\":{\"type\":{\"type\":\"enumeration\",\"enum\":[\"publish\",\"unpublish\"],\"required\":true},\"contentType\":{\"type\":\"string\",\"required\":true},\"entryDocumentId\":{\"type\":\"string\"},\"locale\":{\"type\":\"string\"},\"release\":{\"type\":\"relation\",\"relation\":\"manyToOne\",\"target\":\"plugin::content-releases.release\",\"inversedBy\":\"actions\"},\"isEntryValid\":{\"type\":\"boolean\"}},\"kind\":\"collectionType\"},\"modelName\":\"release-action\"},\"plugin::review-workflows.workflow\":{\"collectionName\":\"strapi_workflows\",\"info\":{\"name\":\"Workflow\",\"description\":\"\",\"singularName\":\"workflow\",\"pluralName\":\"workflows\",\"displayName\":\"Workflow\"},\"options\":{\"draftAndPublish\":false},\"pluginOptions\":{\"content-manager\":{\"visible\":false},\"content-type-builder\":{\"visible\":false}},\"attributes\":{\"name\":{\"type\":\"string\",\"required\":true,\"unique\":true},\"stages\":{\"type\":\"relation\",\"target\":\"plugin::review-workflows.workflow-stage\",\"relation\":\"oneToMany\",\"mappedBy\":\"workflow\"},\"stageRequiredToPublish\":{\"type\":\"relation\",\"target\":\"plugin::review-workflows.workflow-stage\",\"relation\":\"oneToOne\",\"required\":false},\"contentTypes\":{\"type\":\"json\",\"required\":true,\"default\":\"[]\"},\"createdAt\":{\"type\":\"datetime\"},\"updatedAt\":{\"type\":\"datetime\"},\"publishedAt\":{\"type\":\"datetime\",\"configurable\":false,\"writable\":true,\"visible\":false},\"createdBy\":{\"type\":\"relation\",\"relation\":\"oneToOne\",\"target\":\"admin::user\",\"configurable\":false,\"writable\":false,\"visible\":false,\"useJoinTable\":false,\"private\":true},\"updatedBy\":{\"type\":\"relation\",\"relation\":\"oneToOne\",\"target\":\"admin::user\",\"configurable\":false,\"writable\":false,\"visible\":false,\"useJoinTable\":false,\"private\":true},\"locale\":{\"writable\":true,\"private\":true,\"configurable\":false,\"visible\":false,\"type\":\"string\"},\"localizations\":{\"type\":\"relation\",\"relation\":\"oneToMany\",\"target\":\"plugin::review-workflows.workflow\",\"writable\":false,\"private\":true,\"configurable\":false,\"visible\":false,\"unstable_virtual\":true,\"joinColumn\":{\"name\":\"document_id\",\"referencedColumn\":\"document_id\",\"referencedTable\":\"strapi_workflows\"}}},\"plugin\":\"review-workflows\",\"globalId\":\"ReviewWorkflowsWorkflow\",\"uid\":\"plugin::review-workflows.workflow\",\"modelType\":\"contentType\",\"kind\":\"collectionType\",\"__schema__\":{\"collectionName\":\"strapi_workflows\",\"info\":{\"name\":\"Workflow\",\"description\":\"\",\"singularName\":\"workflow\",\"pluralName\":\"workflows\",\"displayName\":\"Workflow\"},\"options\":{},\"pluginOptions\":{\"content-manager\":{\"visible\":false},\"content-type-builder\":{\"visible\":false}},\"attributes\":{\"name\":{\"type\":\"string\",\"required\":true,\"unique\":true},\"stages\":{\"type\":\"relation\",\"target\":\"plugin::review-workflows.workflow-stage\",\"relation\":\"oneToMany\",\"mappedBy\":\"workflow\"},\"stageRequiredToPublish\":{\"type\":\"relation\",\"target\":\"plugin::review-workflows.workflow-stage\",\"relation\":\"oneToOne\",\"required\":false},\"contentTypes\":{\"type\":\"json\",\"required\":true,\"default\":\"[]\"}},\"kind\":\"collectionType\"},\"modelName\":\"workflow\"},\"plugin::review-workflows.workflow-stage\":{\"collectionName\":\"strapi_workflows_stages\",\"info\":{\"name\":\"Workflow Stage\",\"description\":\"\",\"singularName\":\"workflow-stage\",\"pluralName\":\"workflow-stages\",\"displayName\":\"Stages\"},\"options\":{\"version\":\"1.1.0\",\"draftAndPublish\":false},\"pluginOptions\":{\"content-manager\":{\"visible\":false},\"content-type-builder\":{\"visible\":false}},\"attributes\":{\"name\":{\"type\":\"string\",\"configurable\":false},\"color\":{\"type\":\"string\",\"configurable\":false,\"default\":\"#4945FF\"},\"workflow\":{\"type\":\"relation\",\"target\":\"plugin::review-workflows.workflow\",\"relation\":\"manyToOne\",\"inversedBy\":\"stages\",\"configurable\":false},\"permissions\":{\"type\":\"relation\",\"target\":\"admin::permission\",\"relation\":\"manyToMany\",\"configurable\":false},\"createdAt\":{\"type\":\"datetime\"},\"updatedAt\":{\"type\":\"datetime\"},\"publishedAt\":{\"type\":\"datetime\",\"configurable\":false,\"writable\":true,\"visible\":false},\"createdBy\":{\"type\":\"relation\",\"relation\":\"oneToOne\",\"target\":\"admin::user\",\"configurable\":false,\"writable\":false,\"visible\":false,\"useJoinTable\":false,\"private\":true},\"updatedBy\":{\"type\":\"relation\",\"relation\":\"oneToOne\",\"target\":\"admin::user\",\"configurable\":false,\"writable\":false,\"visible\":false,\"useJoinTable\":false,\"private\":true},\"locale\":{\"writable\":true,\"private\":true,\"configurable\":false,\"visible\":false,\"type\":\"string\"},\"localizations\":{\"type\":\"relation\",\"relation\":\"oneToMany\",\"target\":\"plugin::review-workflows.workflow-stage\",\"writable\":false,\"private\":true,\"configurable\":false,\"visible\":false,\"unstable_virtual\":true,\"joinColumn\":{\"name\":\"document_id\",\"referencedColumn\":\"document_id\",\"referencedTable\":\"strapi_workflows_stages\"}}},\"plugin\":\"review-workflows\",\"globalId\":\"ReviewWorkflowsWorkflowStage\",\"uid\":\"plugin::review-workflows.workflow-stage\",\"modelType\":\"contentType\",\"kind\":\"collectionType\",\"__schema__\":{\"collectionName\":\"strapi_workflows_stages\",\"info\":{\"name\":\"Workflow Stage\",\"description\":\"\",\"singularName\":\"workflow-stage\",\"pluralName\":\"workflow-stages\",\"displayName\":\"Stages\"},\"options\":{\"version\":\"1.1.0\"},\"pluginOptions\":{\"content-manager\":{\"visible\":false},\"content-type-builder\":{\"visible\":false}},\"attributes\":{\"name\":{\"type\":\"string\",\"configurable\":false},\"color\":{\"type\":\"string\",\"configurable\":false,\"default\":\"#4945FF\"},\"workflow\":{\"type\":\"relation\",\"target\":\"plugin::review-workflows.workflow\",\"relation\":\"manyToOne\",\"inversedBy\":\"stages\",\"configurable\":false},\"permissions\":{\"type\":\"relation\",\"target\":\"admin::permission\",\"relation\":\"manyToMany\",\"configurable\":false}},\"kind\":\"collectionType\"},\"modelName\":\"workflow-stage\"},\"plugin::littlebox-strapi-suite.ltb-st-app-setting\":{\"kind\":\"collectionType\",\"collectionName\":\"ltb_st_app_setting\",\"info\":{\"singularName\":\"ltb-st-app-setting\",\"pluralName\":\"ltb-st-app-settings\",\"displayName\":\"Littlebox Strapi Suite - Settings\",\"description\":\"Model for managing Littlebox Strapi Suite plugins settings\"},\"options\":{\"draftAndPublish\":false,\"comment\":\"\"},\"attributes\":{\"module\":{\"type\":\"string\",\"private\":false},\"property\":{\"type\":\"string\",\"private\":false},\"type\":{\"type\":\"string\",\"private\":false},\"value\":{\"type\":\"string\",\"private\":false},\"createdAt\":{\"type\":\"datetime\"},\"updatedAt\":{\"type\":\"datetime\"},\"publishedAt\":{\"type\":\"datetime\",\"configurable\":false,\"writable\":true,\"visible\":false},\"createdBy\":{\"type\":\"relation\",\"relation\":\"oneToOne\",\"target\":\"admin::user\",\"configurable\":false,\"writable\":false,\"visible\":false,\"useJoinTable\":false,\"private\":true},\"updatedBy\":{\"type\":\"relation\",\"relation\":\"oneToOne\",\"target\":\"admin::user\",\"configurable\":false,\"writable\":false,\"visible\":false,\"useJoinTable\":false,\"private\":true},\"locale\":{\"writable\":true,\"private\":true,\"configurable\":false,\"visible\":false,\"type\":\"string\"},\"localizations\":{\"type\":\"relation\",\"relation\":\"oneToMany\",\"target\":\"plugin::littlebox-strapi-suite.ltb-st-app-setting\",\"writable\":false,\"private\":true,\"configurable\":false,\"visible\":false,\"unstable_virtual\":true,\"joinColumn\":{\"name\":\"document_id\",\"referencedColumn\":\"document_id\",\"referencedTable\":\"ltb_st_app_setting\"}}},\"pluginOptions\":{\"content-manager\":{\"visible\":false},\"content-type-builder\":{\"visible\":false},\"i18n\":{\"localized\":false}},\"indexes\":[{\"name\":\"unique_module_property\",\"columns\":[\"module\",\"property\"],\"type\":\"unique\"}],\"plugin\":\"littlebox-strapi-suite\",\"globalId\":\"LittleboxStrapiSuiteLtbStAppSetting\",\"uid\":\"plugin::littlebox-strapi-suite.ltb-st-app-setting\",\"modelType\":\"contentType\",\"__schema__\":{\"collectionName\":\"ltb_st_app_setting\",\"info\":{\"singularName\":\"ltb-st-app-setting\",\"pluralName\":\"ltb-st-app-settings\",\"displayName\":\"Littlebox Strapi Suite - Settings\",\"description\":\"Model for managing Littlebox Strapi Suite plugins settings\"},\"options\":{\"draftAndPublish\":false,\"comment\":\"\"},\"pluginOptions\":{\"content-manager\":{\"visible\":false},\"content-type-builder\":{\"visible\":false},\"i18n\":{\"localized\":false}},\"attributes\":{\"module\":{\"type\":\"string\",\"private\":false},\"property\":{\"type\":\"string\",\"private\":false},\"type\":{\"type\":\"string\",\"private\":false},\"value\":{\"type\":\"string\",\"private\":false}},\"kind\":\"collectionType\"},\"modelName\":\"ltb-st-app-setting\"},\"plugin::littlebox-strapi-suite.ltb-st-module-slug-item\":{\"kind\":\"collectionType\",\"collectionName\":\"ltb_st_module_slug_items\",\"info\":{\"singularName\":\"ltb-st-module-slug-item\",\"pluralName\":\"ltb-st-module-slug-items\",\"displayName\":\"Littlebox Strapi Suite - Slug\",\"description\":\"Model for managing Littlebox Strapi Suite Slug\"},\"options\":{\"draftAndPublish\":false,\"comment\":\"\"},\"attributes\":{\"state\":{\"type\":\"string\",\"private\":false},\"slug\":{\"type\":\"string\",\"private\":false},\"contentId\":{\"type\":\"string\",\"private\":false},\"contentModel\":{\"type\":\"string\",\"private\":false},\"parentContentId\":{\"type\":\"string\",\"private\":false},\"parentContentModel\":{\"type\":\"string\",\"private\":false},\"locale\":{\"writable\":true,\"private\":true,\"configurable\":false,\"visible\":false,\"type\":\"string\"},\"createdAt\":{\"type\":\"datetime\"},\"updatedAt\":{\"type\":\"datetime\"},\"publishedAt\":{\"type\":\"datetime\",\"configurable\":false,\"writable\":true,\"visible\":false},\"createdBy\":{\"type\":\"relation\",\"relation\":\"oneToOne\",\"target\":\"admin::user\",\"configurable\":false,\"writable\":false,\"visible\":false,\"useJoinTable\":false,\"private\":true},\"updatedBy\":{\"type\":\"relation\",\"relation\":\"oneToOne\",\"target\":\"admin::user\",\"configurable\":false,\"writable\":false,\"visible\":false,\"useJoinTable\":false,\"private\":true},\"localizations\":{\"type\":\"relation\",\"relation\":\"oneToMany\",\"target\":\"plugin::littlebox-strapi-suite.ltb-st-module-slug-item\",\"writable\":false,\"private\":true,\"configurable\":false,\"visible\":false,\"unstable_virtual\":true,\"joinColumn\":{\"name\":\"document_id\",\"referencedColumn\":\"document_id\",\"referencedTable\":\"ltb_st_module_slug_items\"}}},\"pluginOptions\":{\"content-manager\":{\"visible\":false},\"content-type-builder\":{\"visible\":false},\"i18n\":{\"localized\":false}},\"indexes\":[{\"name\":\"unique_state_slug_parent_model_locale\",\"columns\":[\"state\",\"slug\",\"parent_content_id\",\"parent_content_model\",\"locale\"],\"type\":\"unique\"},{\"name\":\"state_slug_locale\",\"columns\":[\"state\",\"slug\",\"locale\"]}],\"plugin\":\"littlebox-strapi-suite\",\"globalId\":\"LittleboxStrapiSuiteLtbStModuleSlugItem\",\"uid\":\"plugin::littlebox-strapi-suite.ltb-st-module-slug-item\",\"modelType\":\"contentType\",\"__schema__\":{\"collectionName\":\"ltb_st_module_slug_items\",\"info\":{\"singularName\":\"ltb-st-module-slug-item\",\"pluralName\":\"ltb-st-module-slug-items\",\"displayName\":\"Littlebox Strapi Suite - Slug\",\"description\":\"Model for managing Littlebox Strapi Suite Slug\"},\"options\":{\"draftAndPublish\":false,\"comment\":\"\"},\"pluginOptions\":{\"content-manager\":{\"visible\":false},\"content-type-builder\":{\"visible\":false},\"i18n\":{\"localized\":false}},\"attributes\":{\"state\":{\"type\":\"string\",\"private\":false},\"slug\":{\"type\":\"string\",\"private\":false},\"contentId\":{\"type\":\"string\",\"private\":false},\"contentModel\":{\"type\":\"string\",\"private\":false},\"parentContentId\":{\"type\":\"string\",\"private\":false},\"parentContentModel\":{\"type\":\"string\",\"private\":false},\"locale\":{\"type\":\"string\",\"private\":false}},\"kind\":\"collectionType\"},\"modelName\":\"ltb-st-module-slug-item\"},\"plugin::littlebox-strapi-suite.ltb-st-module-template-item\":{\"kind\":\"collectionType\",\"collectionName\":\"ltb_st_module_template_items\",\"info\":{\"singularName\":\"ltb-st-module-template-item\",\"pluralName\":\"ltb-st-module-template-items\",\"displayName\":\"Littlebox Strapi Suite - Template\",\"description\":\"Model for managing Littlebox Strapi Suite Template\"},\"options\":{\"draftAndPublish\":false,\"comment\":\"\"},\"attributes\":{\"uid\":{\"type\":\"string\",\"private\":false},\"name\":{\"type\":\"string\",\"private\":false},\"createdAt\":{\"type\":\"datetime\"},\"updatedAt\":{\"type\":\"datetime\"},\"publishedAt\":{\"type\":\"datetime\",\"configurable\":false,\"writable\":true,\"visible\":false},\"createdBy\":{\"type\":\"relation\",\"relation\":\"oneToOne\",\"target\":\"admin::user\",\"configurable\":false,\"writable\":false,\"visible\":false,\"useJoinTable\":false,\"private\":true},\"updatedBy\":{\"type\":\"relation\",\"relation\":\"oneToOne\",\"target\":\"admin::user\",\"configurable\":false,\"writable\":false,\"visible\":false,\"useJoinTable\":false,\"private\":true},\"locale\":{\"writable\":true,\"private\":true,\"configurable\":false,\"visible\":false,\"type\":\"string\"},\"localizations\":{\"type\":\"relation\",\"relation\":\"oneToMany\",\"target\":\"plugin::littlebox-strapi-suite.ltb-st-module-template-item\",\"writable\":false,\"private\":true,\"configurable\":false,\"visible\":false,\"unstable_virtual\":true,\"joinColumn\":{\"name\":\"document_id\",\"referencedColumn\":\"document_id\",\"referencedTable\":\"ltb_st_module_template_items\"}}},\"pluginOptions\":{\"content-manager\":{\"visible\":false},\"content-type-builder\":{\"visible\":false},\"i18n\":{\"localized\":false}},\"indexes\":[{\"name\":\"unique_uid\",\"columns\":[\"uid\"],\"type\":\"unique\"}],\"plugin\":\"littlebox-strapi-suite\",\"globalId\":\"LittleboxStrapiSuiteLtbStModuleTemplateItem\",\"uid\":\"plugin::littlebox-strapi-suite.ltb-st-module-template-item\",\"modelType\":\"contentType\",\"__schema__\":{\"collectionName\":\"ltb_st_module_template_items\",\"info\":{\"singularName\":\"ltb-st-module-template-item\",\"pluralName\":\"ltb-st-module-template-items\",\"displayName\":\"Littlebox Strapi Suite - Template\",\"description\":\"Model for managing Littlebox Strapi Suite Template\"},\"options\":{\"draftAndPublish\":false,\"comment\":\"\"},\"pluginOptions\":{\"content-manager\":{\"visible\":false},\"content-type-builder\":{\"visible\":false},\"i18n\":{\"localized\":false}},\"attributes\":{\"uid\":{\"type\":\"string\",\"private\":false},\"name\":{\"type\":\"string\",\"private\":false}},\"kind\":\"collectionType\"},\"modelName\":\"ltb-st-module-template-item\"},\"plugin::littlebox-strapi-suite.ltb-st-module-attribute-item\":{\"kind\":\"collectionType\",\"collectionName\":\"ltb_st_module_attribute_items\",\"info\":{\"singularName\":\"ltb-st-module-attribute-item\",\"pluralName\":\"ltb-st-module-attribute-items\",\"displayName\":\"Littlebox Strapi Suite - Attribute\",\"description\":\"Model for managing Littlebox Strapi Suite Attribute\"},\"options\":{\"draftAndPublish\":false,\"comment\":\"\"},\"attributes\":{\"state\":{\"type\":\"string\",\"private\":false},\"contentId\":{\"type\":\"string\",\"private\":false},\"contentModel\":{\"type\":\"string\",\"private\":false},\"parentContentId\":{\"type\":\"string\",\"private\":false},\"parentContentModel\":{\"type\":\"string\",\"private\":false},\"templateId\":{\"type\":\"string\",\"private\":false},\"locale\":{\"writable\":true,\"private\":true,\"configurable\":false,\"visible\":false,\"type\":\"string\"},\"priority\":{\"type\":\"string\",\"private\":false},\"frequency\":{\"type\":\"string\",\"private\":false},\"createdAt\":{\"type\":\"datetime\"},\"updatedAt\":{\"type\":\"datetime\"},\"publishedAt\":{\"type\":\"datetime\",\"configurable\":false,\"writable\":true,\"visible\":false},\"createdBy\":{\"type\":\"relation\",\"relation\":\"oneToOne\",\"target\":\"admin::user\",\"configurable\":false,\"writable\":false,\"visible\":false,\"useJoinTable\":false,\"private\":true},\"updatedBy\":{\"type\":\"relation\",\"relation\":\"oneToOne\",\"target\":\"admin::user\",\"configurable\":false,\"writable\":false,\"visible\":false,\"useJoinTable\":false,\"private\":true},\"localizations\":{\"type\":\"relation\",\"relation\":\"oneToMany\",\"target\":\"plugin::littlebox-strapi-suite.ltb-st-module-attribute-item\",\"writable\":false,\"private\":true,\"configurable\":false,\"visible\":false,\"unstable_virtual\":true,\"joinColumn\":{\"name\":\"document_id\",\"referencedColumn\":\"document_id\",\"referencedTable\":\"ltb_st_module_attribute_items\"}}},\"pluginOptions\":{\"content-manager\":{\"visible\":false},\"content-type-builder\":{\"visible\":false},\"i18n\":{\"localized\":false}},\"indexes\":[{\"name\":\"unique_state_content_model_locale\",\"columns\":[\"state\",\"content_id\",\"content_model\",\"locale\"],\"type\":\"unique\"},{\"name\":\"unique_template_id\",\"columns\":[\"template_id\"]}],\"plugin\":\"littlebox-strapi-suite\",\"globalId\":\"LittleboxStrapiSuiteLtbStModuleAttributeItem\",\"uid\":\"plugin::littlebox-strapi-suite.ltb-st-module-attribute-item\",\"modelType\":\"contentType\",\"__schema__\":{\"collectionName\":\"ltb_st_module_attribute_items\",\"info\":{\"singularName\":\"ltb-st-module-attribute-item\",\"pluralName\":\"ltb-st-module-attribute-items\",\"displayName\":\"Littlebox Strapi Suite - Attribute\",\"description\":\"Model for managing Littlebox Strapi Suite Attribute\"},\"options\":{\"draftAndPublish\":false,\"comment\":\"\"},\"pluginOptions\":{\"content-manager\":{\"visible\":false},\"content-type-builder\":{\"visible\":false},\"i18n\":{\"localized\":false}},\"attributes\":{\"state\":{\"type\":\"string\",\"private\":false},\"contentId\":{\"type\":\"string\",\"private\":false},\"contentModel\":{\"type\":\"string\",\"private\":false},\"parentContentId\":{\"type\":\"string\",\"private\":false},\"parentContentModel\":{\"type\":\"string\",\"private\":false},\"templateId\":{\"type\":\"string\",\"private\":false},\"locale\":{\"type\":\"string\",\"private\":false},\"priority\":{\"type\":\"string\",\"private\":false},\"frequency\":{\"type\":\"string\",\"private\":false}},\"kind\":\"collectionType\"},\"modelName\":\"ltb-st-module-attribute-item\"},\"plugin::littlebox-strapi-suite.ltb-st-module-menu-item\":{\"kind\":\"collectionType\",\"collectionName\":\"ltb_st_module_menu_items\",\"info\":{\"singularName\":\"ltb-st-module-menu-item\",\"pluralName\":\"ltb-st-module-menu-items\",\"displayName\":\"Littlebox Strapi Suite - Menu\",\"description\":\"Model for managing Littlebox Strapi Suite Menu\"},\"options\":{\"draftAndPublish\":false,\"comment\":\"\"},\"attributes\":{\"title\":{\"type\":\"string\",\"private\":false},\"uid\":{\"type\":\"string\",\"private\":false},\"locale\":{\"writable\":true,\"private\":true,\"configurable\":false,\"visible\":false,\"type\":\"string\"},\"createdAt\":{\"type\":\"datetime\"},\"updatedAt\":{\"type\":\"datetime\"},\"publishedAt\":{\"type\":\"datetime\",\"configurable\":false,\"writable\":true,\"visible\":false},\"createdBy\":{\"type\":\"relation\",\"relation\":\"oneToOne\",\"target\":\"admin::user\",\"configurable\":false,\"writable\":false,\"visible\":false,\"useJoinTable\":false,\"private\":true},\"updatedBy\":{\"type\":\"relation\",\"relation\":\"oneToOne\",\"target\":\"admin::user\",\"configurable\":false,\"writable\":false,\"visible\":false,\"useJoinTable\":false,\"private\":true},\"localizations\":{\"type\":\"relation\",\"relation\":\"oneToMany\",\"target\":\"plugin::littlebox-strapi-suite.ltb-st-module-menu-item\",\"writable\":false,\"private\":true,\"configurable\":false,\"visible\":false,\"unstable_virtual\":true,\"joinColumn\":{\"name\":\"document_id\",\"referencedColumn\":\"document_id\",\"referencedTable\":\"ltb_st_module_menu_items\"}}},\"pluginOptions\":{\"content-manager\":{\"visible\":false},\"content-type-builder\":{\"visible\":false},\"i18n\":{\"localized\":false}},\"indexes\":[{\"name\":\"unique_uid_locale\",\"columns\":[\"uid\",\"locale\"],\"type\":\"unique\"}],\"plugin\":\"littlebox-strapi-suite\",\"globalId\":\"LittleboxStrapiSuiteLtbStModuleMenuItem\",\"uid\":\"plugin::littlebox-strapi-suite.ltb-st-module-menu-item\",\"modelType\":\"contentType\",\"__schema__\":{\"collectionName\":\"ltb_st_module_menu_items\",\"info\":{\"singularName\":\"ltb-st-module-menu-item\",\"pluralName\":\"ltb-st-module-menu-items\",\"displayName\":\"Littlebox Strapi Suite - Menu\",\"description\":\"Model for managing Littlebox Strapi Suite Menu\"},\"options\":{\"draftAndPublish\":false,\"comment\":\"\"},\"pluginOptions\":{\"content-manager\":{\"visible\":false},\"content-type-builder\":{\"visible\":false},\"i18n\":{\"localized\":false}},\"attributes\":{\"title\":{\"type\":\"string\",\"private\":false},\"uid\":{\"type\":\"string\",\"private\":false},\"locale\":{\"type\":\"string\",\"private\":false}},\"kind\":\"collectionType\"},\"modelName\":\"ltb-st-module-menu-item\"},\"plugin::littlebox-strapi-suite.ltb-st-module-menu-children-item\":{\"kind\":\"collectionType\",\"collectionName\":\"ltb_st_module_menu_children_items\",\"info\":{\"singularName\":\"ltb-st-module-menu-children-item\",\"pluralName\":\"ltb-st-module-menu-children-items\",\"displayName\":\"Littlebox Strapi Suite - Menu Children\",\"description\":\"Model for managing Littlebox Strapi Suite Menu Children\"},\"options\":{\"draftAndPublish\":false,\"comment\":\"\"},\"attributes\":{\"menuId\":{\"type\":\"string\",\"private\":false},\"parentId\":{\"type\":\"string\",\"private\":false},\"title\":{\"type\":\"string\",\"private\":false},\"url\":{\"type\":\"string\",\"private\":false},\"contentId\":{\"type\":\"string\",\"private\":false},\"contentModel\":{\"type\":\"string\",\"private\":false},\"target\":{\"type\":\"string\",\"private\":false},\"order\":{\"type\":\"integer\",\"default\":0,\"private\":false},\"metadata\":{\"type\":\"json\",\"private\":false},\"createdAt\":{\"type\":\"datetime\"},\"updatedAt\":{\"type\":\"datetime\"},\"publishedAt\":{\"type\":\"datetime\",\"configurable\":false,\"writable\":true,\"visible\":false},\"createdBy\":{\"type\":\"relation\",\"relation\":\"oneToOne\",\"target\":\"admin::user\",\"configurable\":false,\"writable\":false,\"visible\":false,\"useJoinTable\":false,\"private\":true},\"updatedBy\":{\"type\":\"relation\",\"relation\":\"oneToOne\",\"target\":\"admin::user\",\"configurable\":false,\"writable\":false,\"visible\":false,\"useJoinTable\":false,\"private\":true},\"locale\":{\"writable\":true,\"private\":true,\"configurable\":false,\"visible\":false,\"type\":\"string\"},\"localizations\":{\"type\":\"relation\",\"relation\":\"oneToMany\",\"target\":\"plugin::littlebox-strapi-suite.ltb-st-module-menu-children-item\",\"writable\":false,\"private\":true,\"configurable\":false,\"visible\":false,\"unstable_virtual\":true,\"joinColumn\":{\"name\":\"document_id\",\"referencedColumn\":\"document_id\",\"referencedTable\":\"ltb_st_module_menu_children_items\"}}},\"pluginOptions\":{\"content-manager\":{\"visible\":false},\"content-type-builder\":{\"visible\":false},\"i18n\":{\"localized\":false}},\"indexes\":[{\"name\":\"menu_id\",\"columns\":[\"menu_id\"]}],\"plugin\":\"littlebox-strapi-suite\",\"globalId\":\"LittleboxStrapiSuiteLtbStModuleMenuChildrenItem\",\"uid\":\"plugin::littlebox-strapi-suite.ltb-st-module-menu-children-item\",\"modelType\":\"contentType\",\"__schema__\":{\"collectionName\":\"ltb_st_module_menu_children_items\",\"info\":{\"singularName\":\"ltb-st-module-menu-children-item\",\"pluralName\":\"ltb-st-module-menu-children-items\",\"displayName\":\"Littlebox Strapi Suite - Menu Children\",\"description\":\"Model for managing Littlebox Strapi Suite Menu Children\"},\"options\":{\"draftAndPublish\":false,\"comment\":\"\"},\"pluginOptions\":{\"content-manager\":{\"visible\":false},\"content-type-builder\":{\"visible\":false},\"i18n\":{\"localized\":false}},\"attributes\":{\"menuId\":{\"type\":\"string\",\"private\":false},\"parentId\":{\"type\":\"string\",\"private\":false},\"title\":{\"type\":\"string\",\"private\":false},\"url\":{\"type\":\"string\",\"private\":false},\"contentId\":{\"type\":\"string\",\"private\":false},\"contentModel\":{\"type\":\"string\",\"private\":false},\"target\":{\"type\":\"string\",\"private\":false},\"order\":{\"type\":\"integer\",\"default\":0,\"private\":false},\"metadata\":{\"type\":\"json\",\"private\":false}},\"kind\":\"collectionType\"},\"modelName\":\"ltb-st-module-menu-children-item\"},\"plugin::littlebox-strapi-suite.ltb-st-module-parameter-item\":{\"kind\":\"collectionType\",\"collectionName\":\"ltb_st_module_parameter_items\",\"info\":{\"singularName\":\"ltb-st-module-parameter-item\",\"pluralName\":\"ltb-st-module-parameter-items\",\"displayName\":\"Littlebox Strapi Suite - Parameter\",\"description\":\"Model for managing Littlebox Strapi Suite Parameter\"},\"options\":{\"draftAndPublish\":false,\"comment\":\"\"},\"attributes\":{\"uid\":{\"type\":\"string\",\"private\":false},\"value\":{\"type\":\"string\",\"private\":false},\"private\":{\"type\":\"boolean\",\"private\":false},\"createdAt\":{\"type\":\"datetime\"},\"updatedAt\":{\"type\":\"datetime\"},\"publishedAt\":{\"type\":\"datetime\",\"configurable\":false,\"writable\":true,\"visible\":false},\"createdBy\":{\"type\":\"relation\",\"relation\":\"oneToOne\",\"target\":\"admin::user\",\"configurable\":false,\"writable\":false,\"visible\":false,\"useJoinTable\":false,\"private\":true},\"updatedBy\":{\"type\":\"relation\",\"relation\":\"oneToOne\",\"target\":\"admin::user\",\"configurable\":false,\"writable\":false,\"visible\":false,\"useJoinTable\":false,\"private\":true},\"locale\":{\"writable\":true,\"private\":true,\"configurable\":false,\"visible\":false,\"type\":\"string\"},\"localizations\":{\"type\":\"relation\",\"relation\":\"oneToMany\",\"target\":\"plugin::littlebox-strapi-suite.ltb-st-module-parameter-item\",\"writable\":false,\"private\":true,\"configurable\":false,\"visible\":false,\"unstable_virtual\":true,\"joinColumn\":{\"name\":\"document_id\",\"referencedColumn\":\"document_id\",\"referencedTable\":\"ltb_st_module_parameter_items\"}}},\"pluginOptions\":{\"content-manager\":{\"visible\":false},\"content-type-builder\":{\"visible\":false},\"i18n\":{\"localized\":false}},\"indexes\":[{\"name\":\"unique_uid\",\"columns\":[\"uid\"],\"type\":\"unique\"}],\"plugin\":\"littlebox-strapi-suite\",\"globalId\":\"LittleboxStrapiSuiteLtbStModuleParameterItem\",\"uid\":\"plugin::littlebox-strapi-suite.ltb-st-module-parameter-item\",\"modelType\":\"contentType\",\"__schema__\":{\"collectionName\":\"ltb_st_module_parameter_items\",\"info\":{\"singularName\":\"ltb-st-module-parameter-item\",\"pluralName\":\"ltb-st-module-parameter-items\",\"displayName\":\"Littlebox Strapi Suite - Parameter\",\"description\":\"Model for managing Littlebox Strapi Suite Parameter\"},\"options\":{\"draftAndPublish\":false,\"comment\":\"\"},\"pluginOptions\":{\"content-manager\":{\"visible\":false},\"content-type-builder\":{\"visible\":false},\"i18n\":{\"localized\":false}},\"attributes\":{\"uid\":{\"type\":\"string\",\"private\":false},\"value\":{\"type\":\"string\",\"private\":false},\"private\":{\"type\":\"boolean\",\"private\":false}},\"kind\":\"collectionType\"},\"modelName\":\"ltb-st-module-parameter-item\"},\"plugin::littlebox-strapi-suite.ltb-st-module-translation-item\":{\"kind\":\"collectionType\",\"collectionName\":\"ltb_st_module_translation_items\",\"info\":{\"singularName\":\"ltb-st-module-translation-item\",\"pluralName\":\"ltb-st-module-translation-items\",\"displayName\":\"Littlebox Strapi Suite - Translation\",\"description\":\"Model for managing Littlebox Strapi Suite Translation\"},\"options\":{\"draftAndPublish\":false,\"comment\":\"\"},\"attributes\":{\"uid\":{\"type\":\"string\",\"private\":false},\"translation\":{\"type\":\"string\",\"private\":false},\"locale\":{\"writable\":true,\"private\":false,\"configurable\":false,\"visible\":false,\"type\":\"string\"},\"createdAt\":{\"type\":\"datetime\"},\"updatedAt\":{\"type\":\"datetime\"},\"publishedAt\":{\"type\":\"datetime\",\"configurable\":false,\"writable\":true,\"visible\":false},\"createdBy\":{\"type\":\"relation\",\"relation\":\"oneToOne\",\"target\":\"admin::user\",\"configurable\":false,\"writable\":false,\"visible\":false,\"useJoinTable\":false,\"private\":true},\"updatedBy\":{\"type\":\"relation\",\"relation\":\"oneToOne\",\"target\":\"admin::user\",\"configurable\":false,\"writable\":false,\"visible\":false,\"useJoinTable\":false,\"private\":true},\"localizations\":{\"type\":\"relation\",\"relation\":\"oneToMany\",\"target\":\"plugin::littlebox-strapi-suite.ltb-st-module-translation-item\",\"writable\":false,\"private\":false,\"configurable\":false,\"visible\":false,\"unstable_virtual\":true,\"joinColumn\":{\"name\":\"document_id\",\"referencedColumn\":\"document_id\",\"referencedTable\":\"ltb_st_module_translation_items\"}}},\"pluginOptions\":{\"content-manager\":{\"visible\":false},\"content-type-builder\":{\"visible\":false},\"i18n\":{\"localized\":true}},\"indexes\":[{\"name\":\"unique_uid_locale\",\"columns\":[\"uid\",\"locale\"],\"type\":\"unique\"},{\"name\":\"index_uid\",\"columns\":[\"uid\"]},{\"name\":\"index_translation\",\"columns\":[\"translation\"]}],\"plugin\":\"littlebox-strapi-suite\",\"globalId\":\"LittleboxStrapiSuiteLtbStModuleTranslationItem\",\"uid\":\"plugin::littlebox-strapi-suite.ltb-st-module-translation-item\",\"modelType\":\"contentType\",\"__schema__\":{\"collectionName\":\"ltb_st_module_translation_items\",\"info\":{\"singularName\":\"ltb-st-module-translation-item\",\"pluralName\":\"ltb-st-module-translation-items\",\"displayName\":\"Littlebox Strapi Suite - Translation\",\"description\":\"Model for managing Littlebox Strapi Suite Translation\"},\"options\":{\"draftAndPublish\":false,\"comment\":\"\"},\"pluginOptions\":{\"content-manager\":{\"visible\":false},\"content-type-builder\":{\"visible\":false},\"i18n\":{\"localized\":true}},\"attributes\":{\"uid\":{\"type\":\"string\",\"private\":false},\"translation\":{\"type\":\"string\",\"private\":false},\"locale\":{\"type\":\"string\",\"private\":false}},\"kind\":\"collectionType\"},\"modelName\":\"ltb-st-module-translation-item\"},\"plugin::users-permissions.permission\":{\"collectionName\":\"up_permissions\",\"info\":{\"name\":\"permission\",\"description\":\"\",\"singularName\":\"permission\",\"pluralName\":\"permissions\",\"displayName\":\"Permission\"},\"pluginOptions\":{\"content-manager\":{\"visible\":false},\"content-type-builder\":{\"visible\":false}},\"attributes\":{\"action\":{\"type\":\"string\",\"required\":true,\"configurable\":false},\"role\":{\"type\":\"relation\",\"relation\":\"manyToOne\",\"target\":\"plugin::users-permissions.role\",\"inversedBy\":\"permissions\",\"configurable\":false},\"createdAt\":{\"type\":\"datetime\"},\"updatedAt\":{\"type\":\"datetime\"},\"publishedAt\":{\"type\":\"datetime\",\"configurable\":false,\"writable\":true,\"visible\":false},\"createdBy\":{\"type\":\"relation\",\"relation\":\"oneToOne\",\"target\":\"admin::user\",\"configurable\":false,\"writable\":false,\"visible\":false,\"useJoinTable\":false,\"private\":true},\"updatedBy\":{\"type\":\"relation\",\"relation\":\"oneToOne\",\"target\":\"admin::user\",\"configurable\":false,\"writable\":false,\"visible\":false,\"useJoinTable\":false,\"private\":true},\"locale\":{\"writable\":true,\"private\":true,\"configurable\":false,\"visible\":false,\"type\":\"string\"},\"localizations\":{\"type\":\"relation\",\"relation\":\"oneToMany\",\"target\":\"plugin::users-permissions.permission\",\"writable\":false,\"private\":true,\"configurable\":false,\"visible\":false,\"unstable_virtual\":true,\"joinColumn\":{\"name\":\"document_id\",\"referencedColumn\":\"document_id\",\"referencedTable\":\"up_permissions\"}}},\"plugin\":\"users-permissions\",\"globalId\":\"UsersPermissionsPermission\",\"uid\":\"plugin::users-permissions.permission\",\"modelType\":\"contentType\",\"kind\":\"collectionType\",\"__schema__\":{\"collectionName\":\"up_permissions\",\"info\":{\"name\":\"permission\",\"description\":\"\",\"singularName\":\"permission\",\"pluralName\":\"permissions\",\"displayName\":\"Permission\"},\"pluginOptions\":{\"content-manager\":{\"visible\":false},\"content-type-builder\":{\"visible\":false}},\"attributes\":{\"action\":{\"type\":\"string\",\"required\":true,\"configurable\":false},\"role\":{\"type\":\"relation\",\"relation\":\"manyToOne\",\"target\":\"plugin::users-permissions.role\",\"inversedBy\":\"permissions\",\"configurable\":false}},\"kind\":\"collectionType\"},\"modelName\":\"permission\",\"options\":{\"draftAndPublish\":false}},\"plugin::users-permissions.role\":{\"collectionName\":\"up_roles\",\"info\":{\"name\":\"role\",\"description\":\"\",\"singularName\":\"role\",\"pluralName\":\"roles\",\"displayName\":\"Role\"},\"pluginOptions\":{\"content-manager\":{\"visible\":false},\"content-type-builder\":{\"visible\":false}},\"attributes\":{\"name\":{\"type\":\"string\",\"minLength\":3,\"required\":true,\"configurable\":false},\"description\":{\"type\":\"string\",\"configurable\":false},\"type\":{\"type\":\"string\",\"unique\":true,\"configurable\":false},\"permissions\":{\"type\":\"relation\",\"relation\":\"oneToMany\",\"target\":\"plugin::users-permissions.permission\",\"mappedBy\":\"role\",\"configurable\":false},\"users\":{\"type\":\"relation\",\"relation\":\"oneToMany\",\"target\":\"plugin::users-permissions.user\",\"mappedBy\":\"role\",\"configurable\":false},\"createdAt\":{\"type\":\"datetime\"},\"updatedAt\":{\"type\":\"datetime\"},\"publishedAt\":{\"type\":\"datetime\",\"configurable\":false,\"writable\":true,\"visible\":false},\"createdBy\":{\"type\":\"relation\",\"relation\":\"oneToOne\",\"target\":\"admin::user\",\"configurable\":false,\"writable\":false,\"visible\":false,\"useJoinTable\":false,\"private\":true},\"updatedBy\":{\"type\":\"relation\",\"relation\":\"oneToOne\",\"target\":\"admin::user\",\"configurable\":false,\"writable\":false,\"visible\":false,\"useJoinTable\":false,\"private\":true},\"locale\":{\"writable\":true,\"private\":true,\"configurable\":false,\"visible\":false,\"type\":\"string\"},\"localizations\":{\"type\":\"relation\",\"relation\":\"oneToMany\",\"target\":\"plugin::users-permissions.role\",\"writable\":false,\"private\":true,\"configurable\":false,\"visible\":false,\"unstable_virtual\":true,\"joinColumn\":{\"name\":\"document_id\",\"referencedColumn\":\"document_id\",\"referencedTable\":\"up_roles\"}}},\"plugin\":\"users-permissions\",\"globalId\":\"UsersPermissionsRole\",\"uid\":\"plugin::users-permissions.role\",\"modelType\":\"contentType\",\"kind\":\"collectionType\",\"__schema__\":{\"collectionName\":\"up_roles\",\"info\":{\"name\":\"role\",\"description\":\"\",\"singularName\":\"role\",\"pluralName\":\"roles\",\"displayName\":\"Role\"},\"pluginOptions\":{\"content-manager\":{\"visible\":false},\"content-type-builder\":{\"visible\":false}},\"attributes\":{\"name\":{\"type\":\"string\",\"minLength\":3,\"required\":true,\"configurable\":false},\"description\":{\"type\":\"string\",\"configurable\":false},\"type\":{\"type\":\"string\",\"unique\":true,\"configurable\":false},\"permissions\":{\"type\":\"relation\",\"relation\":\"oneToMany\",\"target\":\"plugin::users-permissions.permission\",\"mappedBy\":\"role\",\"configurable\":false},\"users\":{\"type\":\"relation\",\"relation\":\"oneToMany\",\"target\":\"plugin::users-permissions.user\",\"mappedBy\":\"role\",\"configurable\":false}},\"kind\":\"collectionType\"},\"modelName\":\"role\",\"options\":{\"draftAndPublish\":false}},\"plugin::users-permissions.user\":{\"collectionName\":\"up_users\",\"info\":{\"name\":\"user\",\"description\":\"\",\"singularName\":\"user\",\"pluralName\":\"users\",\"displayName\":\"User\"},\"options\":{\"timestamps\":true,\"draftAndPublish\":false},\"attributes\":{\"username\":{\"type\":\"string\",\"minLength\":3,\"unique\":true,\"configurable\":false,\"required\":true},\"email\":{\"type\":\"email\",\"minLength\":6,\"configurable\":false,\"required\":true},\"provider\":{\"type\":\"string\",\"configurable\":false},\"password\":{\"type\":\"password\",\"minLength\":6,\"configurable\":false,\"private\":true,\"searchable\":false},\"resetPasswordToken\":{\"type\":\"string\",\"configurable\":false,\"private\":true,\"searchable\":false},\"confirmationToken\":{\"type\":\"string\",\"configurable\":false,\"private\":true,\"searchable\":false},\"confirmed\":{\"type\":\"boolean\",\"default\":false,\"configurable\":false},\"blocked\":{\"type\":\"boolean\",\"default\":false,\"configurable\":false},\"role\":{\"type\":\"relation\",\"relation\":\"manyToOne\",\"target\":\"plugin::users-permissions.role\",\"inversedBy\":\"users\",\"configurable\":false},\"createdAt\":{\"type\":\"datetime\"},\"updatedAt\":{\"type\":\"datetime\"},\"publishedAt\":{\"type\":\"datetime\",\"configurable\":false,\"writable\":true,\"visible\":false},\"createdBy\":{\"type\":\"relation\",\"relation\":\"oneToOne\",\"target\":\"admin::user\",\"configurable\":false,\"writable\":false,\"visible\":false,\"useJoinTable\":false,\"private\":true},\"updatedBy\":{\"type\":\"relation\",\"relation\":\"oneToOne\",\"target\":\"admin::user\",\"configurable\":false,\"writable\":false,\"visible\":false,\"useJoinTable\":false,\"private\":true},\"locale\":{\"writable\":true,\"private\":true,\"configurable\":false,\"visible\":false,\"type\":\"string\"},\"localizations\":{\"type\":\"relation\",\"relation\":\"oneToMany\",\"target\":\"plugin::users-permissions.user\",\"writable\":false,\"private\":true,\"configurable\":false,\"visible\":false,\"unstable_virtual\":true,\"joinColumn\":{\"name\":\"document_id\",\"referencedColumn\":\"document_id\",\"referencedTable\":\"up_users\"}}},\"config\":{\"attributes\":{\"resetPasswordToken\":{\"hidden\":true},\"confirmationToken\":{\"hidden\":true},\"provider\":{\"hidden\":true}}},\"plugin\":\"users-permissions\",\"globalId\":\"UsersPermissionsUser\",\"uid\":\"plugin::users-permissions.user\",\"modelType\":\"contentType\",\"kind\":\"collectionType\",\"__schema__\":{\"collectionName\":\"up_users\",\"info\":{\"name\":\"user\",\"description\":\"\",\"singularName\":\"user\",\"pluralName\":\"users\",\"displayName\":\"User\"},\"options\":{\"timestamps\":true},\"attributes\":{\"username\":{\"type\":\"string\",\"minLength\":3,\"unique\":true,\"configurable\":false,\"required\":true},\"email\":{\"type\":\"email\",\"minLength\":6,\"configurable\":false,\"required\":true},\"provider\":{\"type\":\"string\",\"configurable\":false},\"password\":{\"type\":\"password\",\"minLength\":6,\"configurable\":false,\"private\":true,\"searchable\":false},\"resetPasswordToken\":{\"type\":\"string\",\"configurable\":false,\"private\":true,\"searchable\":false},\"confirmationToken\":{\"type\":\"string\",\"configurable\":false,\"private\":true,\"searchable\":false},\"confirmed\":{\"type\":\"boolean\",\"default\":false,\"configurable\":false},\"blocked\":{\"type\":\"boolean\",\"default\":false,\"configurable\":false},\"role\":{\"type\":\"relation\",\"relation\":\"manyToOne\",\"target\":\"plugin::users-permissions.role\",\"inversedBy\":\"users\",\"configurable\":false}},\"kind\":\"collectionType\"},\"modelName\":\"user\"},\"admin::permission\":{\"collectionName\":\"admin_permissions\",\"info\":{\"name\":\"Permission\",\"description\":\"\",\"singularName\":\"permission\",\"pluralName\":\"permissions\",\"displayName\":\"Permission\"},\"options\":{\"draftAndPublish\":false},\"pluginOptions\":{\"content-manager\":{\"visible\":false},\"content-type-builder\":{\"visible\":false}},\"attributes\":{\"action\":{\"type\":\"string\",\"minLength\":1,\"configurable\":false,\"required\":true},\"actionParameters\":{\"type\":\"json\",\"configurable\":false,\"required\":false,\"default\":{}},\"subject\":{\"type\":\"string\",\"minLength\":1,\"configurable\":false,\"required\":false},\"properties\":{\"type\":\"json\",\"configurable\":false,\"required\":false,\"default\":{}},\"conditions\":{\"type\":\"json\",\"configurable\":false,\"required\":false,\"default\":[]},\"role\":{\"configurable\":false,\"type\":\"relation\",\"relation\":\"manyToOne\",\"inversedBy\":\"permissions\",\"target\":\"admin::role\"},\"createdAt\":{\"type\":\"datetime\"},\"updatedAt\":{\"type\":\"datetime\"},\"publishedAt\":{\"type\":\"datetime\",\"configurable\":false,\"writable\":true,\"visible\":false},\"createdBy\":{\"type\":\"relation\",\"relation\":\"oneToOne\",\"target\":\"admin::user\",\"configurable\":false,\"writable\":false,\"visible\":false,\"useJoinTable\":false,\"private\":true},\"updatedBy\":{\"type\":\"relation\",\"relation\":\"oneToOne\",\"target\":\"admin::user\",\"configurable\":false,\"writable\":false,\"visible\":false,\"useJoinTable\":false,\"private\":true},\"locale\":{\"writable\":true,\"private\":true,\"configurable\":false,\"visible\":false,\"type\":\"string\"},\"localizations\":{\"type\":\"relation\",\"relation\":\"oneToMany\",\"target\":\"admin::permission\",\"writable\":false,\"private\":true,\"configurable\":false,\"visible\":false,\"unstable_virtual\":true,\"joinColumn\":{\"name\":\"document_id\",\"referencedColumn\":\"document_id\",\"referencedTable\":\"admin_permissions\"}}},\"plugin\":\"admin\",\"globalId\":\"AdminPermission\",\"uid\":\"admin::permission\",\"modelType\":\"contentType\",\"kind\":\"collectionType\",\"__schema__\":{\"collectionName\":\"admin_permissions\",\"info\":{\"name\":\"Permission\",\"description\":\"\",\"singularName\":\"permission\",\"pluralName\":\"permissions\",\"displayName\":\"Permission\"},\"options\":{},\"pluginOptions\":{\"content-manager\":{\"visible\":false},\"content-type-builder\":{\"visible\":false}},\"attributes\":{\"action\":{\"type\":\"string\",\"minLength\":1,\"configurable\":false,\"required\":true},\"actionParameters\":{\"type\":\"json\",\"configurable\":false,\"required\":false,\"default\":{}},\"subject\":{\"type\":\"string\",\"minLength\":1,\"configurable\":false,\"required\":false},\"properties\":{\"type\":\"json\",\"configurable\":false,\"required\":false,\"default\":{}},\"conditions\":{\"type\":\"json\",\"configurable\":false,\"required\":false,\"default\":[]},\"role\":{\"configurable\":false,\"type\":\"relation\",\"relation\":\"manyToOne\",\"inversedBy\":\"permissions\",\"target\":\"admin::role\"}},\"kind\":\"collectionType\"},\"modelName\":\"permission\"},\"admin::user\":{\"collectionName\":\"admin_users\",\"info\":{\"name\":\"User\",\"description\":\"\",\"singularName\":\"user\",\"pluralName\":\"users\",\"displayName\":\"User\"},\"pluginOptions\":{\"content-manager\":{\"visible\":false},\"content-type-builder\":{\"visible\":false}},\"attributes\":{\"firstname\":{\"type\":\"string\",\"unique\":false,\"minLength\":1,\"configurable\":false,\"required\":false},\"lastname\":{\"type\":\"string\",\"unique\":false,\"minLength\":1,\"configurable\":false,\"required\":false},\"username\":{\"type\":\"string\",\"unique\":false,\"configurable\":false,\"required\":false},\"email\":{\"type\":\"email\",\"minLength\":6,\"configurable\":false,\"required\":true,\"unique\":true,\"private\":true},\"password\":{\"type\":\"password\",\"minLength\":6,\"configurable\":false,\"required\":false,\"private\":true,\"searchable\":false},\"resetPasswordToken\":{\"type\":\"string\",\"configurable\":false,\"private\":true,\"searchable\":false},\"registrationToken\":{\"type\":\"string\",\"configurable\":false,\"private\":true,\"searchable\":false},\"isActive\":{\"type\":\"boolean\",\"default\":false,\"configurable\":false,\"private\":true},\"roles\":{\"configurable\":false,\"private\":true,\"type\":\"relation\",\"relation\":\"manyToMany\",\"inversedBy\":\"users\",\"target\":\"admin::role\",\"collectionName\":\"strapi_users_roles\"},\"blocked\":{\"type\":\"boolean\",\"default\":false,\"configurable\":false,\"private\":true},\"preferedLanguage\":{\"type\":\"string\",\"configurable\":false,\"required\":false,\"searchable\":false},\"createdAt\":{\"type\":\"datetime\"},\"updatedAt\":{\"type\":\"datetime\"},\"publishedAt\":{\"type\":\"datetime\",\"configurable\":false,\"writable\":true,\"visible\":false},\"createdBy\":{\"type\":\"relation\",\"relation\":\"oneToOne\",\"target\":\"admin::user\",\"configurable\":false,\"writable\":false,\"visible\":false,\"useJoinTable\":false,\"private\":true},\"updatedBy\":{\"type\":\"relation\",\"relation\":\"oneToOne\",\"target\":\"admin::user\",\"configurable\":false,\"writable\":false,\"visible\":false,\"useJoinTable\":false,\"private\":true},\"locale\":{\"writable\":true,\"private\":true,\"configurable\":false,\"visible\":false,\"type\":\"string\"},\"localizations\":{\"type\":\"relation\",\"relation\":\"oneToMany\",\"target\":\"admin::user\",\"writable\":false,\"private\":true,\"configurable\":false,\"visible\":false,\"unstable_virtual\":true,\"joinColumn\":{\"name\":\"document_id\",\"referencedColumn\":\"document_id\",\"referencedTable\":\"admin_users\"}}},\"config\":{\"attributes\":{\"resetPasswordToken\":{\"hidden\":true},\"registrationToken\":{\"hidden\":true}}},\"plugin\":\"admin\",\"globalId\":\"AdminUser\",\"uid\":\"admin::user\",\"modelType\":\"contentType\",\"kind\":\"collectionType\",\"__schema__\":{\"collectionName\":\"admin_users\",\"info\":{\"name\":\"User\",\"description\":\"\",\"singularName\":\"user\",\"pluralName\":\"users\",\"displayName\":\"User\"},\"pluginOptions\":{\"content-manager\":{\"visible\":false},\"content-type-builder\":{\"visible\":false}},\"attributes\":{\"firstname\":{\"type\":\"string\",\"unique\":false,\"minLength\":1,\"configurable\":false,\"required\":false},\"lastname\":{\"type\":\"string\",\"unique\":false,\"minLength\":1,\"configurable\":false,\"required\":false},\"username\":{\"type\":\"string\",\"unique\":false,\"configurable\":false,\"required\":false},\"email\":{\"type\":\"email\",\"minLength\":6,\"configurable\":false,\"required\":true,\"unique\":true,\"private\":true},\"password\":{\"type\":\"password\",\"minLength\":6,\"configurable\":false,\"required\":false,\"private\":true,\"searchable\":false},\"resetPasswordToken\":{\"type\":\"string\",\"configurable\":false,\"private\":true,\"searchable\":false},\"registrationToken\":{\"type\":\"string\",\"configurable\":false,\"private\":true,\"searchable\":false},\"isActive\":{\"type\":\"boolean\",\"default\":false,\"configurable\":false,\"private\":true},\"roles\":{\"configurable\":false,\"private\":true,\"type\":\"relation\",\"relation\":\"manyToMany\",\"inversedBy\":\"users\",\"target\":\"admin::role\",\"collectionName\":\"strapi_users_roles\"},\"blocked\":{\"type\":\"boolean\",\"default\":false,\"configurable\":false,\"private\":true},\"preferedLanguage\":{\"type\":\"string\",\"configurable\":false,\"required\":false,\"searchable\":false}},\"kind\":\"collectionType\"},\"modelName\":\"user\",\"options\":{\"draftAndPublish\":false}},\"admin::role\":{\"collectionName\":\"admin_roles\",\"info\":{\"name\":\"Role\",\"description\":\"\",\"singularName\":\"role\",\"pluralName\":\"roles\",\"displayName\":\"Role\"},\"options\":{\"draftAndPublish\":false},\"pluginOptions\":{\"content-manager\":{\"visible\":false},\"content-type-builder\":{\"visible\":false}},\"attributes\":{\"name\":{\"type\":\"string\",\"minLength\":1,\"unique\":true,\"configurable\":false,\"required\":true},\"code\":{\"type\":\"string\",\"minLength\":1,\"unique\":true,\"configurable\":false,\"required\":true},\"description\":{\"type\":\"string\",\"configurable\":false},\"users\":{\"configurable\":false,\"type\":\"relation\",\"relation\":\"manyToMany\",\"mappedBy\":\"roles\",\"target\":\"admin::user\"},\"permissions\":{\"configurable\":false,\"type\":\"relation\",\"relation\":\"oneToMany\",\"mappedBy\":\"role\",\"target\":\"admin::permission\"},\"createdAt\":{\"type\":\"datetime\"},\"updatedAt\":{\"type\":\"datetime\"},\"publishedAt\":{\"type\":\"datetime\",\"configurable\":false,\"writable\":true,\"visible\":false},\"createdBy\":{\"type\":\"relation\",\"relation\":\"oneToOne\",\"target\":\"admin::user\",\"configurable\":false,\"writable\":false,\"visible\":false,\"useJoinTable\":false,\"private\":true},\"updatedBy\":{\"type\":\"relation\",\"relation\":\"oneToOne\",\"target\":\"admin::user\",\"configurable\":false,\"writable\":false,\"visible\":false,\"useJoinTable\":false,\"private\":true},\"locale\":{\"writable\":true,\"private\":true,\"configurable\":false,\"visible\":false,\"type\":\"string\"},\"localizations\":{\"type\":\"relation\",\"relation\":\"oneToMany\",\"target\":\"admin::role\",\"writable\":false,\"private\":true,\"configurable\":false,\"visible\":false,\"unstable_virtual\":true,\"joinColumn\":{\"name\":\"document_id\",\"referencedColumn\":\"document_id\",\"referencedTable\":\"admin_roles\"}}},\"plugin\":\"admin\",\"globalId\":\"AdminRole\",\"uid\":\"admin::role\",\"modelType\":\"contentType\",\"kind\":\"collectionType\",\"__schema__\":{\"collectionName\":\"admin_roles\",\"info\":{\"name\":\"Role\",\"description\":\"\",\"singularName\":\"role\",\"pluralName\":\"roles\",\"displayName\":\"Role\"},\"options\":{},\"pluginOptions\":{\"content-manager\":{\"visible\":false},\"content-type-builder\":{\"visible\":false}},\"attributes\":{\"name\":{\"type\":\"string\",\"minLength\":1,\"unique\":true,\"configurable\":false,\"required\":true},\"code\":{\"type\":\"string\",\"minLength\":1,\"unique\":true,\"configurable\":false,\"required\":true},\"description\":{\"type\":\"string\",\"configurable\":false},\"users\":{\"configurable\":false,\"type\":\"relation\",\"relation\":\"manyToMany\",\"mappedBy\":\"roles\",\"target\":\"admin::user\"},\"permissions\":{\"configurable\":false,\"type\":\"relation\",\"relation\":\"oneToMany\",\"mappedBy\":\"role\",\"target\":\"admin::permission\"}},\"kind\":\"collectionType\"},\"modelName\":\"role\"},\"admin::api-token\":{\"collectionName\":\"strapi_api_tokens\",\"info\":{\"name\":\"Api Token\",\"singularName\":\"api-token\",\"pluralName\":\"api-tokens\",\"displayName\":\"Api Token\",\"description\":\"\"},\"options\":{\"draftAndPublish\":false},\"pluginOptions\":{\"content-manager\":{\"visible\":false},\"content-type-builder\":{\"visible\":false}},\"attributes\":{\"name\":{\"type\":\"string\",\"minLength\":1,\"configurable\":false,\"required\":true,\"unique\":true},\"description\":{\"type\":\"string\",\"minLength\":1,\"configurable\":false,\"required\":false,\"default\":\"\"},\"type\":{\"type\":\"enumeration\",\"enum\":[\"read-only\",\"full-access\",\"custom\"],\"configurable\":false,\"required\":true,\"default\":\"read-only\"},\"accessKey\":{\"type\":\"string\",\"minLength\":1,\"configurable\":false,\"required\":true,\"searchable\":false},\"lastUsedAt\":{\"type\":\"datetime\",\"configurable\":false,\"required\":false},\"permissions\":{\"type\":\"relation\",\"target\":\"admin::api-token-permission\",\"relation\":\"oneToMany\",\"mappedBy\":\"token\",\"configurable\":false,\"required\":false},\"expiresAt\":{\"type\":\"datetime\",\"configurable\":false,\"required\":false},\"lifespan\":{\"type\":\"biginteger\",\"configurable\":false,\"required\":false},\"createdAt\":{\"type\":\"datetime\"},\"updatedAt\":{\"type\":\"datetime\"},\"publishedAt\":{\"type\":\"datetime\",\"configurable\":false,\"writable\":true,\"visible\":false},\"createdBy\":{\"type\":\"relation\",\"relation\":\"oneToOne\",\"target\":\"admin::user\",\"configurable\":false,\"writable\":false,\"visible\":false,\"useJoinTable\":false,\"private\":true},\"updatedBy\":{\"type\":\"relation\",\"relation\":\"oneToOne\",\"target\":\"admin::user\",\"configurable\":false,\"writable\":false,\"visible\":false,\"useJoinTable\":false,\"private\":true},\"locale\":{\"writable\":true,\"private\":true,\"configurable\":false,\"visible\":false,\"type\":\"string\"},\"localizations\":{\"type\":\"relation\",\"relation\":\"oneToMany\",\"target\":\"admin::api-token\",\"writable\":false,\"private\":true,\"configurable\":false,\"visible\":false,\"unstable_virtual\":true,\"joinColumn\":{\"name\":\"document_id\",\"referencedColumn\":\"document_id\",\"referencedTable\":\"strapi_api_tokens\"}}},\"plugin\":\"admin\",\"globalId\":\"AdminApiToken\",\"uid\":\"admin::api-token\",\"modelType\":\"contentType\",\"kind\":\"collectionType\",\"__schema__\":{\"collectionName\":\"strapi_api_tokens\",\"info\":{\"name\":\"Api Token\",\"singularName\":\"api-token\",\"pluralName\":\"api-tokens\",\"displayName\":\"Api Token\",\"description\":\"\"},\"options\":{},\"pluginOptions\":{\"content-manager\":{\"visible\":false},\"content-type-builder\":{\"visible\":false}},\"attributes\":{\"name\":{\"type\":\"string\",\"minLength\":1,\"configurable\":false,\"required\":true,\"unique\":true},\"description\":{\"type\":\"string\",\"minLength\":1,\"configurable\":false,\"required\":false,\"default\":\"\"},\"type\":{\"type\":\"enumeration\",\"enum\":[\"read-only\",\"full-access\",\"custom\"],\"configurable\":false,\"required\":true,\"default\":\"read-only\"},\"accessKey\":{\"type\":\"string\",\"minLength\":1,\"configurable\":false,\"required\":true,\"searchable\":false},\"lastUsedAt\":{\"type\":\"datetime\",\"configurable\":false,\"required\":false},\"permissions\":{\"type\":\"relation\",\"target\":\"admin::api-token-permission\",\"relation\":\"oneToMany\",\"mappedBy\":\"token\",\"configurable\":false,\"required\":false},\"expiresAt\":{\"type\":\"datetime\",\"configurable\":false,\"required\":false},\"lifespan\":{\"type\":\"biginteger\",\"configurable\":false,\"required\":false}},\"kind\":\"collectionType\"},\"modelName\":\"api-token\"},\"admin::api-token-permission\":{\"collectionName\":\"strapi_api_token_permissions\",\"info\":{\"name\":\"API Token Permission\",\"description\":\"\",\"singularName\":\"api-token-permission\",\"pluralName\":\"api-token-permissions\",\"displayName\":\"API Token Permission\"},\"options\":{\"draftAndPublish\":false},\"pluginOptions\":{\"content-manager\":{\"visible\":false},\"content-type-builder\":{\"visible\":false}},\"attributes\":{\"action\":{\"type\":\"string\",\"minLength\":1,\"configurable\":false,\"required\":true},\"token\":{\"configurable\":false,\"type\":\"relation\",\"relation\":\"manyToOne\",\"inversedBy\":\"permissions\",\"target\":\"admin::api-token\"},\"createdAt\":{\"type\":\"datetime\"},\"updatedAt\":{\"type\":\"datetime\"},\"publishedAt\":{\"type\":\"datetime\",\"configurable\":false,\"writable\":true,\"visible\":false},\"createdBy\":{\"type\":\"relation\",\"relation\":\"oneToOne\",\"target\":\"admin::user\",\"configurable\":false,\"writable\":false,\"visible\":false,\"useJoinTable\":false,\"private\":true},\"updatedBy\":{\"type\":\"relation\",\"relation\":\"oneToOne\",\"target\":\"admin::user\",\"configurable\":false,\"writable\":false,\"visible\":false,\"useJoinTable\":false,\"private\":true},\"locale\":{\"writable\":true,\"private\":true,\"configurable\":false,\"visible\":false,\"type\":\"string\"},\"localizations\":{\"type\":\"relation\",\"relation\":\"oneToMany\",\"target\":\"admin::api-token-permission\",\"writable\":false,\"private\":true,\"configurable\":false,\"visible\":false,\"unstable_virtual\":true,\"joinColumn\":{\"name\":\"document_id\",\"referencedColumn\":\"document_id\",\"referencedTable\":\"strapi_api_token_permissions\"}}},\"plugin\":\"admin\",\"globalId\":\"AdminApiTokenPermission\",\"uid\":\"admin::api-token-permission\",\"modelType\":\"contentType\",\"kind\":\"collectionType\",\"__schema__\":{\"collectionName\":\"strapi_api_token_permissions\",\"info\":{\"name\":\"API Token Permission\",\"description\":\"\",\"singularName\":\"api-token-permission\",\"pluralName\":\"api-token-permissions\",\"displayName\":\"API Token Permission\"},\"options\":{},\"pluginOptions\":{\"content-manager\":{\"visible\":false},\"content-type-builder\":{\"visible\":false}},\"attributes\":{\"action\":{\"type\":\"string\",\"minLength\":1,\"configurable\":false,\"required\":true},\"token\":{\"configurable\":false,\"type\":\"relation\",\"relation\":\"manyToOne\",\"inversedBy\":\"permissions\",\"target\":\"admin::api-token\"}},\"kind\":\"collectionType\"},\"modelName\":\"api-token-permission\"},\"admin::transfer-token\":{\"collectionName\":\"strapi_transfer_tokens\",\"info\":{\"name\":\"Transfer Token\",\"singularName\":\"transfer-token\",\"pluralName\":\"transfer-tokens\",\"displayName\":\"Transfer Token\",\"description\":\"\"},\"options\":{\"draftAndPublish\":false},\"pluginOptions\":{\"content-manager\":{\"visible\":false},\"content-type-builder\":{\"visible\":false}},\"attributes\":{\"name\":{\"type\":\"string\",\"minLength\":1,\"configurable\":false,\"required\":true,\"unique\":true},\"description\":{\"type\":\"string\",\"minLength\":1,\"configurable\":false,\"required\":false,\"default\":\"\"},\"accessKey\":{\"type\":\"string\",\"minLength\":1,\"configurable\":false,\"required\":true},\"lastUsedAt\":{\"type\":\"datetime\",\"configurable\":false,\"required\":false},\"permissions\":{\"type\":\"relation\",\"target\":\"admin::transfer-token-permission\",\"relation\":\"oneToMany\",\"mappedBy\":\"token\",\"configurable\":false,\"required\":false},\"expiresAt\":{\"type\":\"datetime\",\"configurable\":false,\"required\":false},\"lifespan\":{\"type\":\"biginteger\",\"configurable\":false,\"required\":false},\"createdAt\":{\"type\":\"datetime\"},\"updatedAt\":{\"type\":\"datetime\"},\"publishedAt\":{\"type\":\"datetime\",\"configurable\":false,\"writable\":true,\"visible\":false},\"createdBy\":{\"type\":\"relation\",\"relation\":\"oneToOne\",\"target\":\"admin::user\",\"configurable\":false,\"writable\":false,\"visible\":false,\"useJoinTable\":false,\"private\":true},\"updatedBy\":{\"type\":\"relation\",\"relation\":\"oneToOne\",\"target\":\"admin::user\",\"configurable\":false,\"writable\":false,\"visible\":false,\"useJoinTable\":false,\"private\":true},\"locale\":{\"writable\":true,\"private\":true,\"configurable\":false,\"visible\":false,\"type\":\"string\"},\"localizations\":{\"type\":\"relation\",\"relation\":\"oneToMany\",\"target\":\"admin::transfer-token\",\"writable\":false,\"private\":true,\"configurable\":false,\"visible\":false,\"unstable_virtual\":true,\"joinColumn\":{\"name\":\"document_id\",\"referencedColumn\":\"document_id\",\"referencedTable\":\"strapi_transfer_tokens\"}}},\"plugin\":\"admin\",\"globalId\":\"AdminTransferToken\",\"uid\":\"admin::transfer-token\",\"modelType\":\"contentType\",\"kind\":\"collectionType\",\"__schema__\":{\"collectionName\":\"strapi_transfer_tokens\",\"info\":{\"name\":\"Transfer Token\",\"singularName\":\"transfer-token\",\"pluralName\":\"transfer-tokens\",\"displayName\":\"Transfer Token\",\"description\":\"\"},\"options\":{},\"pluginOptions\":{\"content-manager\":{\"visible\":false},\"content-type-builder\":{\"visible\":false}},\"attributes\":{\"name\":{\"type\":\"string\",\"minLength\":1,\"configurable\":false,\"required\":true,\"unique\":true},\"description\":{\"type\":\"string\",\"minLength\":1,\"configurable\":false,\"required\":false,\"default\":\"\"},\"accessKey\":{\"type\":\"string\",\"minLength\":1,\"configurable\":false,\"required\":true},\"lastUsedAt\":{\"type\":\"datetime\",\"configurable\":false,\"required\":false},\"permissions\":{\"type\":\"relation\",\"target\":\"admin::transfer-token-permission\",\"relation\":\"oneToMany\",\"mappedBy\":\"token\",\"configurable\":false,\"required\":false},\"expiresAt\":{\"type\":\"datetime\",\"configurable\":false,\"required\":false},\"lifespan\":{\"type\":\"biginteger\",\"configurable\":false,\"required\":false}},\"kind\":\"collectionType\"},\"modelName\":\"transfer-token\"},\"admin::transfer-token-permission\":{\"collectionName\":\"strapi_transfer_token_permissions\",\"info\":{\"name\":\"Transfer Token Permission\",\"description\":\"\",\"singularName\":\"transfer-token-permission\",\"pluralName\":\"transfer-token-permissions\",\"displayName\":\"Transfer Token Permission\"},\"options\":{\"draftAndPublish\":false},\"pluginOptions\":{\"content-manager\":{\"visible\":false},\"content-type-builder\":{\"visible\":false}},\"attributes\":{\"action\":{\"type\":\"string\",\"minLength\":1,\"configurable\":false,\"required\":true},\"token\":{\"configurable\":false,\"type\":\"relation\",\"relation\":\"manyToOne\",\"inversedBy\":\"permissions\",\"target\":\"admin::transfer-token\"},\"createdAt\":{\"type\":\"datetime\"},\"updatedAt\":{\"type\":\"datetime\"},\"publishedAt\":{\"type\":\"datetime\",\"configurable\":false,\"writable\":true,\"visible\":false},\"createdBy\":{\"type\":\"relation\",\"relation\":\"oneToOne\",\"target\":\"admin::user\",\"configurable\":false,\"writable\":false,\"visible\":false,\"useJoinTable\":false,\"private\":true},\"updatedBy\":{\"type\":\"relation\",\"relation\":\"oneToOne\",\"target\":\"admin::user\",\"configurable\":false,\"writable\":false,\"visible\":false,\"useJoinTable\":false,\"private\":true},\"locale\":{\"writable\":true,\"private\":true,\"configurable\":false,\"visible\":false,\"type\":\"string\"},\"localizations\":{\"type\":\"relation\",\"relation\":\"oneToMany\",\"target\":\"admin::transfer-token-permission\",\"writable\":false,\"private\":true,\"configurable\":false,\"visible\":false,\"unstable_virtual\":true,\"joinColumn\":{\"name\":\"document_id\",\"referencedColumn\":\"document_id\",\"referencedTable\":\"strapi_transfer_token_permissions\"}}},\"plugin\":\"admin\",\"globalId\":\"AdminTransferTokenPermission\",\"uid\":\"admin::transfer-token-permission\",\"modelType\":\"contentType\",\"kind\":\"collectionType\",\"__schema__\":{\"collectionName\":\"strapi_transfer_token_permissions\",\"info\":{\"name\":\"Transfer Token Permission\",\"description\":\"\",\"singularName\":\"transfer-token-permission\",\"pluralName\":\"transfer-token-permissions\",\"displayName\":\"Transfer Token Permission\"},\"options\":{},\"pluginOptions\":{\"content-manager\":{\"visible\":false},\"content-type-builder\":{\"visible\":false}},\"attributes\":{\"action\":{\"type\":\"string\",\"minLength\":1,\"configurable\":false,\"required\":true},\"token\":{\"configurable\":false,\"type\":\"relation\",\"relation\":\"manyToOne\",\"inversedBy\":\"permissions\",\"target\":\"admin::transfer-token\"}},\"kind\":\"collectionType\"},\"modelName\":\"transfer-token-permission\"}}','object',NULL,NULL),
	(11,'plugin_content_manager_configuration_components::shared.seo','{\"settings\":{\"bulkable\":true,\"filterable\":true,\"searchable\":true,\"pageSize\":10,\"mainField\":\"metaTitle\",\"defaultSortBy\":\"metaTitle\",\"defaultSortOrder\":\"ASC\"},\"metadatas\":{\"id\":{\"edit\":{},\"list\":{\"label\":\"id\",\"searchable\":false,\"sortable\":false}},\"metaTitle\":{\"edit\":{\"label\":\"Title\",\"description\":\"\",\"placeholder\":\"\",\"visible\":true,\"editable\":true},\"list\":{\"label\":\"metaTitle\",\"searchable\":true,\"sortable\":true}},\"metaDescription\":{\"edit\":{\"label\":\"Description\",\"description\":\"\",\"placeholder\":\"\",\"visible\":true,\"editable\":true},\"list\":{\"label\":\"metaDescription\",\"searchable\":true,\"sortable\":true}},\"metaImage\":{\"edit\":{\"label\":\"Image\",\"description\":\"\",\"placeholder\":\"\",\"visible\":true,\"editable\":true},\"list\":{\"label\":\"metaImage\",\"searchable\":false,\"sortable\":false}},\"openGraph\":{\"edit\":{\"label\":\"Open Graph\",\"description\":\"\",\"placeholder\":\"\",\"visible\":true,\"editable\":true},\"list\":{\"label\":\"openGraph\",\"searchable\":false,\"sortable\":false}},\"keywords\":{\"edit\":{\"label\":\"Keywords\",\"description\":\"\",\"placeholder\":\"\",\"visible\":true,\"editable\":true},\"list\":{\"label\":\"keywords\",\"searchable\":true,\"sortable\":true}},\"metaRobots\":{\"edit\":{\"label\":\"Robots\",\"description\":\"\",\"placeholder\":\"\",\"visible\":true,\"editable\":true},\"list\":{\"label\":\"metaRobots\",\"searchable\":true,\"sortable\":true}},\"metaViewport\":{\"edit\":{\"label\":\"Viewport\",\"description\":\"\",\"placeholder\":\"\",\"visible\":true,\"editable\":true},\"list\":{\"label\":\"metaViewport\",\"searchable\":true,\"sortable\":true}},\"canonicalURL\":{\"edit\":{\"label\":\"Canonical URL\",\"description\":\"\",\"placeholder\":\"\",\"visible\":true,\"editable\":true},\"list\":{\"label\":\"canonicalURL\",\"searchable\":true,\"sortable\":true}},\"structuredData\":{\"edit\":{\"label\":\"Structured Data\",\"description\":\"\",\"placeholder\":\"\",\"visible\":true,\"editable\":true},\"list\":{\"label\":\"structuredData\",\"searchable\":false,\"sortable\":false}},\"authors\":{\"edit\":{\"label\":\"Authors\",\"description\":\"\",\"placeholder\":\"\",\"visible\":true,\"editable\":true},\"list\":{\"label\":\"authors\",\"searchable\":false,\"sortable\":false}},\"robots\":{\"edit\":{\"label\":\"Robots\",\"description\":\"\",\"placeholder\":\"\",\"visible\":true,\"editable\":true},\"list\":{\"label\":\"robots\",\"searchable\":false,\"sortable\":false}}},\"layouts\":{\"list\":[\"id\",\"metaTitle\",\"metaDescription\",\"metaImage\"],\"edit\":[[{\"name\":\"metaTitle\",\"size\":12},{\"name\":\"metaDescription\",\"size\":12}],[{\"name\":\"metaImage\",\"size\":12}],[{\"name\":\"openGraph\",\"size\":12}],[{\"name\":\"keywords\",\"size\":12},{\"name\":\"metaRobots\",\"size\":12}],[{\"name\":\"metaViewport\",\"size\":12},{\"name\":\"canonicalURL\",\"size\":12}],[{\"name\":\"structuredData\",\"size\":12}],[{\"name\":\"authors\",\"size\":12}],[{\"name\":\"robots\",\"size\":12}]]},\"uid\":\"shared.seo\",\"isComponent\":true}','object',NULL,NULL),
	(12,'plugin_content_manager_configuration_components::shared.open-graph','{\"settings\":{\"bulkable\":true,\"filterable\":true,\"searchable\":true,\"pageSize\":10,\"mainField\":\"ogTitle\",\"defaultSortBy\":\"ogTitle\",\"defaultSortOrder\":\"ASC\"},\"metadatas\":{\"id\":{\"edit\":{},\"list\":{\"label\":\"id\",\"searchable\":false,\"sortable\":false}},\"ogTitle\":{\"edit\":{\"label\":\"Title\",\"description\":\"\",\"placeholder\":\"\",\"visible\":true,\"editable\":true},\"list\":{\"label\":\"ogTitle\",\"searchable\":true,\"sortable\":true}},\"ogDescription\":{\"edit\":{\"label\":\"Description\",\"description\":\"\",\"placeholder\":\"\",\"visible\":true,\"editable\":true},\"list\":{\"label\":\"ogDescription\",\"searchable\":true,\"sortable\":true}},\"ogImage\":{\"edit\":{\"label\":\"Image\",\"description\":\"\",\"placeholder\":\"\",\"visible\":true,\"editable\":true},\"list\":{\"label\":\"ogImage\",\"searchable\":false,\"sortable\":false}},\"ogUrl\":{\"edit\":{\"label\":\"Url\",\"description\":\"\",\"placeholder\":\"\",\"visible\":true,\"editable\":true},\"list\":{\"label\":\"ogUrl\",\"searchable\":true,\"sortable\":true}},\"ogType\":{\"edit\":{\"label\":\"Type\",\"description\":\"\",\"placeholder\":\"\",\"visible\":true,\"editable\":true},\"list\":{\"label\":\"ogType\",\"searchable\":true,\"sortable\":true}}},\"layouts\":{\"edit\":[[{\"name\":\"ogTitle\",\"size\":12},{\"name\":\"ogDescription\",\"size\":12}],[{\"name\":\"ogImage\",\"size\":12},{\"name\":\"ogUrl\",\"size\":12}],[{\"name\":\"ogType\",\"size\":12}]],\"list\":[\"id\",\"ogTitle\",\"ogDescription\",\"ogImage\"]},\"uid\":\"shared.open-graph\",\"isComponent\":true}','object',NULL,NULL),
	(14,'plugin_content_manager_configuration_components::shared.verifications','{\"settings\":{\"bulkable\":true,\"filterable\":true,\"searchable\":true,\"pageSize\":10,\"mainField\":\"property\",\"defaultSortBy\":\"property\",\"defaultSortOrder\":\"ASC\"},\"metadatas\":{\"id\":{\"edit\":{},\"list\":{\"label\":\"id\",\"searchable\":false,\"sortable\":false}},\"property\":{\"edit\":{\"label\":\"property\",\"description\":\"\",\"placeholder\":\"\",\"visible\":true,\"editable\":true},\"list\":{\"label\":\"property\",\"searchable\":true,\"sortable\":true}},\"value\":{\"edit\":{\"label\":\"value\",\"description\":\"\",\"placeholder\":\"\",\"visible\":true,\"editable\":true},\"list\":{\"label\":\"value\",\"searchable\":true,\"sortable\":true}}},\"layouts\":{\"list\":[\"id\",\"property\",\"value\"],\"edit\":[[{\"name\":\"property\",\"size\":6},{\"name\":\"value\",\"size\":6}]]},\"uid\":\"shared.verifications\",\"isComponent\":true}','object',NULL,NULL),
	(15,'plugin_content_manager_configuration_components::shared.robots','{\"settings\":{\"bulkable\":true,\"filterable\":true,\"searchable\":true,\"pageSize\":10,\"mainField\":\"id\",\"defaultSortBy\":\"id\",\"defaultSortOrder\":\"ASC\"},\"metadatas\":{\"id\":{\"edit\":{},\"list\":{\"label\":\"id\",\"searchable\":false,\"sortable\":false}},\"index\":{\"edit\":{\"label\":\"Index\",\"description\":\"\",\"placeholder\":\"\",\"visible\":true,\"editable\":true},\"list\":{\"label\":\"index\",\"searchable\":true,\"sortable\":true}},\"follow\":{\"edit\":{\"label\":\"Follow\",\"description\":\"\",\"placeholder\":\"\",\"visible\":true,\"editable\":true},\"list\":{\"label\":\"follow\",\"searchable\":true,\"sortable\":true}},\"nocache\":{\"edit\":{\"label\":\"No cache\",\"description\":\"\",\"placeholder\":\"\",\"visible\":true,\"editable\":true},\"list\":{\"label\":\"nocache\",\"searchable\":true,\"sortable\":true}},\"noimageindex\":{\"edit\":{\"label\":\"No image index\",\"description\":\"\",\"placeholder\":\"\",\"visible\":true,\"editable\":true},\"list\":{\"label\":\"noimageindex\",\"searchable\":true,\"sortable\":true}}},\"layouts\":{\"edit\":[[{\"name\":\"index\",\"size\":6},{\"name\":\"follow\",\"size\":6}],[{\"name\":\"nocache\",\"size\":6},{\"name\":\"noimageindex\",\"size\":6}]],\"list\":[\"id\",\"index\",\"follow\",\"nocache\"]},\"uid\":\"shared.robots\",\"isComponent\":true}','object',NULL,NULL),
	(17,'plugin_content_manager_configuration_components::shared.authors','{\"settings\":{\"bulkable\":true,\"filterable\":true,\"searchable\":true,\"pageSize\":10,\"mainField\":\"name\",\"defaultSortBy\":\"name\",\"defaultSortOrder\":\"ASC\"},\"metadatas\":{\"id\":{\"edit\":{},\"list\":{\"label\":\"id\",\"searchable\":false,\"sortable\":false}},\"name\":{\"edit\":{\"label\":\"Name\",\"description\":\"\",\"placeholder\":\"\",\"visible\":true,\"editable\":true},\"list\":{\"label\":\"name\",\"searchable\":true,\"sortable\":true}},\"url\":{\"edit\":{\"label\":\"Url\",\"description\":\"\",\"placeholder\":\"\",\"visible\":true,\"editable\":true},\"list\":{\"label\":\"url\",\"searchable\":true,\"sortable\":true}}},\"layouts\":{\"edit\":[[{\"name\":\"name\",\"size\":6},{\"name\":\"url\",\"size\":6}]],\"list\":[\"id\",\"name\",\"url\"]},\"uid\":\"shared.authors\",\"isComponent\":true}','object',NULL,NULL),
	(18,'plugin_content_manager_configuration_content_types::api::page.page','{\"settings\":{\"bulkable\":true,\"filterable\":true,\"searchable\":true,\"pageSize\":10,\"mainField\":\"title\",\"defaultSortBy\":\"title\",\"defaultSortOrder\":\"ASC\"},\"metadatas\":{\"id\":{\"edit\":{},\"list\":{\"label\":\"id\",\"searchable\":true,\"sortable\":true}},\"title\":{\"edit\":{\"label\":\"Title\",\"description\":\"\",\"placeholder\":\"\",\"visible\":true,\"editable\":true},\"list\":{\"label\":\"title\",\"searchable\":true,\"sortable\":true}},\"slug\":{\"edit\":{\"label\":\"Slug\",\"description\":\"\",\"placeholder\":\"\",\"visible\":true,\"editable\":true},\"list\":{\"label\":\"slug\",\"searchable\":true,\"sortable\":true}},\"seo\":{\"edit\":{\"label\":\"Seo\",\"description\":\"\",\"placeholder\":\"\",\"visible\":true,\"editable\":true},\"list\":{\"label\":\"seo\",\"searchable\":false,\"sortable\":false}},\"createdAt\":{\"edit\":{\"label\":\"createdAt\",\"description\":\"\",\"placeholder\":\"\",\"visible\":false,\"editable\":true},\"list\":{\"label\":\"createdAt\",\"searchable\":true,\"sortable\":true}},\"updatedAt\":{\"edit\":{\"label\":\"updatedAt\",\"description\":\"\",\"placeholder\":\"\",\"visible\":false,\"editable\":true},\"list\":{\"label\":\"updatedAt\",\"searchable\":true,\"sortable\":true}},\"createdBy\":{\"edit\":{\"label\":\"createdBy\",\"description\":\"\",\"placeholder\":\"\",\"visible\":false,\"editable\":true,\"mainField\":\"firstname\"},\"list\":{\"label\":\"createdBy\",\"searchable\":true,\"sortable\":true}},\"updatedBy\":{\"edit\":{\"label\":\"updatedBy\",\"description\":\"\",\"placeholder\":\"\",\"visible\":false,\"editable\":true,\"mainField\":\"firstname\"},\"list\":{\"label\":\"updatedBy\",\"searchable\":true,\"sortable\":true}}},\"layouts\":{\"list\":[\"id\",\"title\",\"slug\",\"seo\"],\"edit\":[[{\"name\":\"slug\",\"size\":12}],[{\"name\":\"title\",\"size\":12}],[{\"name\":\"seo\",\"size\":12}]]},\"uid\":\"api::page.page\"}','object',NULL,NULL),
	(19,'plugin_content_manager_configuration_content_types::plugin::review-workflows.workflow','{\"settings\":{\"bulkable\":true,\"filterable\":true,\"searchable\":true,\"pageSize\":10,\"mainField\":\"name\",\"defaultSortBy\":\"name\",\"defaultSortOrder\":\"ASC\"},\"metadatas\":{\"id\":{\"edit\":{},\"list\":{\"label\":\"id\",\"searchable\":true,\"sortable\":true}},\"name\":{\"edit\":{\"label\":\"name\",\"description\":\"\",\"placeholder\":\"\",\"visible\":true,\"editable\":true},\"list\":{\"label\":\"name\",\"searchable\":true,\"sortable\":true}},\"stages\":{\"edit\":{\"label\":\"stages\",\"description\":\"\",\"placeholder\":\"\",\"visible\":true,\"editable\":true,\"mainField\":\"name\"},\"list\":{\"label\":\"stages\",\"searchable\":false,\"sortable\":false}},\"stageRequiredToPublish\":{\"edit\":{\"label\":\"stageRequiredToPublish\",\"description\":\"\",\"placeholder\":\"\",\"visible\":true,\"editable\":true,\"mainField\":\"name\"},\"list\":{\"label\":\"stageRequiredToPublish\",\"searchable\":true,\"sortable\":true}},\"contentTypes\":{\"edit\":{\"label\":\"contentTypes\",\"description\":\"\",\"placeholder\":\"\",\"visible\":true,\"editable\":true},\"list\":{\"label\":\"contentTypes\",\"searchable\":false,\"sortable\":false}},\"createdAt\":{\"edit\":{\"label\":\"createdAt\",\"description\":\"\",\"placeholder\":\"\",\"visible\":false,\"editable\":true},\"list\":{\"label\":\"createdAt\",\"searchable\":true,\"sortable\":true}},\"updatedAt\":{\"edit\":{\"label\":\"updatedAt\",\"description\":\"\",\"placeholder\":\"\",\"visible\":false,\"editable\":true},\"list\":{\"label\":\"updatedAt\",\"searchable\":true,\"sortable\":true}},\"createdBy\":{\"edit\":{\"label\":\"createdBy\",\"description\":\"\",\"placeholder\":\"\",\"visible\":false,\"editable\":true,\"mainField\":\"firstname\"},\"list\":{\"label\":\"createdBy\",\"searchable\":true,\"sortable\":true}},\"updatedBy\":{\"edit\":{\"label\":\"updatedBy\",\"description\":\"\",\"placeholder\":\"\",\"visible\":false,\"editable\":true,\"mainField\":\"firstname\"},\"list\":{\"label\":\"updatedBy\",\"searchable\":true,\"sortable\":true}}},\"layouts\":{\"list\":[\"id\",\"name\",\"stages\",\"stageRequiredToPublish\"],\"edit\":[[{\"name\":\"name\",\"size\":6},{\"name\":\"stages\",\"size\":6}],[{\"name\":\"stageRequiredToPublish\",\"size\":6}],[{\"name\":\"contentTypes\",\"size\":12}]]},\"uid\":\"plugin::review-workflows.workflow\"}','object',NULL,NULL),
	(20,'plugin_content_manager_configuration_content_types::plugin::content-releases.release-action','{\"settings\":{\"bulkable\":true,\"filterable\":true,\"searchable\":true,\"pageSize\":10,\"mainField\":\"contentType\",\"defaultSortBy\":\"contentType\",\"defaultSortOrder\":\"ASC\"},\"metadatas\":{\"id\":{\"edit\":{},\"list\":{\"label\":\"id\",\"searchable\":true,\"sortable\":true}},\"type\":{\"edit\":{\"label\":\"type\",\"description\":\"\",\"placeholder\":\"\",\"visible\":true,\"editable\":true},\"list\":{\"label\":\"type\",\"searchable\":true,\"sortable\":true}},\"contentType\":{\"edit\":{\"label\":\"contentType\",\"description\":\"\",\"placeholder\":\"\",\"visible\":true,\"editable\":true},\"list\":{\"label\":\"contentType\",\"searchable\":true,\"sortable\":true}},\"entryDocumentId\":{\"edit\":{\"label\":\"entryDocumentId\",\"description\":\"\",\"placeholder\":\"\",\"visible\":true,\"editable\":true},\"list\":{\"label\":\"entryDocumentId\",\"searchable\":true,\"sortable\":true}},\"release\":{\"edit\":{\"label\":\"release\",\"description\":\"\",\"placeholder\":\"\",\"visible\":true,\"editable\":true,\"mainField\":\"name\"},\"list\":{\"label\":\"release\",\"searchable\":true,\"sortable\":true}},\"isEntryValid\":{\"edit\":{\"label\":\"isEntryValid\",\"description\":\"\",\"placeholder\":\"\",\"visible\":true,\"editable\":true},\"list\":{\"label\":\"isEntryValid\",\"searchable\":true,\"sortable\":true}},\"createdAt\":{\"edit\":{\"label\":\"createdAt\",\"description\":\"\",\"placeholder\":\"\",\"visible\":false,\"editable\":true},\"list\":{\"label\":\"createdAt\",\"searchable\":true,\"sortable\":true}},\"updatedAt\":{\"edit\":{\"label\":\"updatedAt\",\"description\":\"\",\"placeholder\":\"\",\"visible\":false,\"editable\":true},\"list\":{\"label\":\"updatedAt\",\"searchable\":true,\"sortable\":true}},\"createdBy\":{\"edit\":{\"label\":\"createdBy\",\"description\":\"\",\"placeholder\":\"\",\"visible\":false,\"editable\":true,\"mainField\":\"firstname\"},\"list\":{\"label\":\"createdBy\",\"searchable\":true,\"sortable\":true}},\"updatedBy\":{\"edit\":{\"label\":\"updatedBy\",\"description\":\"\",\"placeholder\":\"\",\"visible\":false,\"editable\":true,\"mainField\":\"firstname\"},\"list\":{\"label\":\"updatedBy\",\"searchable\":true,\"sortable\":true}}},\"layouts\":{\"list\":[\"id\",\"type\",\"contentType\",\"entryDocumentId\"],\"edit\":[[{\"name\":\"type\",\"size\":6},{\"name\":\"contentType\",\"size\":6}],[{\"name\":\"entryDocumentId\",\"size\":6},{\"name\":\"release\",\"size\":6}],[{\"name\":\"isEntryValid\",\"size\":4}]]},\"uid\":\"plugin::content-releases.release-action\"}','object',NULL,NULL),
	(21,'plugin_content_manager_configuration_content_types::plugin::i18n.locale','{\"settings\":{\"bulkable\":true,\"filterable\":true,\"searchable\":true,\"pageSize\":10,\"mainField\":\"name\",\"defaultSortBy\":\"name\",\"defaultSortOrder\":\"ASC\"},\"metadatas\":{\"id\":{\"edit\":{},\"list\":{\"label\":\"id\",\"searchable\":true,\"sortable\":true}},\"name\":{\"edit\":{\"label\":\"name\",\"description\":\"\",\"placeholder\":\"\",\"visible\":true,\"editable\":true},\"list\":{\"label\":\"name\",\"searchable\":true,\"sortable\":true}},\"code\":{\"edit\":{\"label\":\"code\",\"description\":\"\",\"placeholder\":\"\",\"visible\":true,\"editable\":true},\"list\":{\"label\":\"code\",\"searchable\":true,\"sortable\":true}},\"createdAt\":{\"edit\":{\"label\":\"createdAt\",\"description\":\"\",\"placeholder\":\"\",\"visible\":false,\"editable\":true},\"list\":{\"label\":\"createdAt\",\"searchable\":true,\"sortable\":true}},\"updatedAt\":{\"edit\":{\"label\":\"updatedAt\",\"description\":\"\",\"placeholder\":\"\",\"visible\":false,\"editable\":true},\"list\":{\"label\":\"updatedAt\",\"searchable\":true,\"sortable\":true}},\"createdBy\":{\"edit\":{\"label\":\"createdBy\",\"description\":\"\",\"placeholder\":\"\",\"visible\":false,\"editable\":true,\"mainField\":\"firstname\"},\"list\":{\"label\":\"createdBy\",\"searchable\":true,\"sortable\":true}},\"updatedBy\":{\"edit\":{\"label\":\"updatedBy\",\"description\":\"\",\"placeholder\":\"\",\"visible\":false,\"editable\":true,\"mainField\":\"firstname\"},\"list\":{\"label\":\"updatedBy\",\"searchable\":true,\"sortable\":true}}},\"layouts\":{\"list\":[\"id\",\"name\",\"code\",\"createdAt\"],\"edit\":[[{\"name\":\"name\",\"size\":6},{\"name\":\"code\",\"size\":6}]]},\"uid\":\"plugin::i18n.locale\"}','object',NULL,NULL),
	(22,'plugin_content_manager_configuration_content_types::plugin::upload.file','{\"settings\":{\"bulkable\":true,\"filterable\":true,\"searchable\":true,\"pageSize\":10,\"mainField\":\"name\",\"defaultSortBy\":\"name\",\"defaultSortOrder\":\"ASC\"},\"metadatas\":{\"id\":{\"edit\":{},\"list\":{\"label\":\"id\",\"searchable\":true,\"sortable\":true}},\"name\":{\"edit\":{\"label\":\"name\",\"description\":\"\",\"placeholder\":\"\",\"visible\":true,\"editable\":true},\"list\":{\"label\":\"name\",\"searchable\":true,\"sortable\":true}},\"alternativeText\":{\"edit\":{\"label\":\"alternativeText\",\"description\":\"\",\"placeholder\":\"\",\"visible\":true,\"editable\":true},\"list\":{\"label\":\"alternativeText\",\"searchable\":true,\"sortable\":true}},\"caption\":{\"edit\":{\"label\":\"caption\",\"description\":\"\",\"placeholder\":\"\",\"visible\":true,\"editable\":true},\"list\":{\"label\":\"caption\",\"searchable\":true,\"sortable\":true}},\"width\":{\"edit\":{\"label\":\"width\",\"description\":\"\",\"placeholder\":\"\",\"visible\":true,\"editable\":true},\"list\":{\"label\":\"width\",\"searchable\":true,\"sortable\":true}},\"height\":{\"edit\":{\"label\":\"height\",\"description\":\"\",\"placeholder\":\"\",\"visible\":true,\"editable\":true},\"list\":{\"label\":\"height\",\"searchable\":true,\"sortable\":true}},\"formats\":{\"edit\":{\"label\":\"formats\",\"description\":\"\",\"placeholder\":\"\",\"visible\":true,\"editable\":true},\"list\":{\"label\":\"formats\",\"searchable\":false,\"sortable\":false}},\"hash\":{\"edit\":{\"label\":\"hash\",\"description\":\"\",\"placeholder\":\"\",\"visible\":true,\"editable\":true},\"list\":{\"label\":\"hash\",\"searchable\":true,\"sortable\":true}},\"ext\":{\"edit\":{\"label\":\"ext\",\"description\":\"\",\"placeholder\":\"\",\"visible\":true,\"editable\":true},\"list\":{\"label\":\"ext\",\"searchable\":true,\"sortable\":true}},\"mime\":{\"edit\":{\"label\":\"mime\",\"description\":\"\",\"placeholder\":\"\",\"visible\":true,\"editable\":true},\"list\":{\"label\":\"mime\",\"searchable\":true,\"sortable\":true}},\"size\":{\"edit\":{\"label\":\"size\",\"description\":\"\",\"placeholder\":\"\",\"visible\":true,\"editable\":true},\"list\":{\"label\":\"size\",\"searchable\":true,\"sortable\":true}},\"url\":{\"edit\":{\"label\":\"url\",\"description\":\"\",\"placeholder\":\"\",\"visible\":true,\"editable\":true},\"list\":{\"label\":\"url\",\"searchable\":true,\"sortable\":true}},\"previewUrl\":{\"edit\":{\"label\":\"previewUrl\",\"description\":\"\",\"placeholder\":\"\",\"visible\":true,\"editable\":true},\"list\":{\"label\":\"previewUrl\",\"searchable\":true,\"sortable\":true}},\"provider\":{\"edit\":{\"label\":\"provider\",\"description\":\"\",\"placeholder\":\"\",\"visible\":true,\"editable\":true},\"list\":{\"label\":\"provider\",\"searchable\":true,\"sortable\":true}},\"provider_metadata\":{\"edit\":{\"label\":\"provider_metadata\",\"description\":\"\",\"placeholder\":\"\",\"visible\":true,\"editable\":true},\"list\":{\"label\":\"provider_metadata\",\"searchable\":false,\"sortable\":false}},\"folder\":{\"edit\":{\"label\":\"folder\",\"description\":\"\",\"placeholder\":\"\",\"visible\":true,\"editable\":true,\"mainField\":\"name\"},\"list\":{\"label\":\"folder\",\"searchable\":true,\"sortable\":true}},\"folderPath\":{\"edit\":{\"label\":\"folderPath\",\"description\":\"\",\"placeholder\":\"\",\"visible\":true,\"editable\":true},\"list\":{\"label\":\"folderPath\",\"searchable\":true,\"sortable\":true}},\"createdAt\":{\"edit\":{\"label\":\"createdAt\",\"description\":\"\",\"placeholder\":\"\",\"visible\":false,\"editable\":true},\"list\":{\"label\":\"createdAt\",\"searchable\":true,\"sortable\":true}},\"updatedAt\":{\"edit\":{\"label\":\"updatedAt\",\"description\":\"\",\"placeholder\":\"\",\"visible\":false,\"editable\":true},\"list\":{\"label\":\"updatedAt\",\"searchable\":true,\"sortable\":true}},\"createdBy\":{\"edit\":{\"label\":\"createdBy\",\"description\":\"\",\"placeholder\":\"\",\"visible\":false,\"editable\":true,\"mainField\":\"firstname\"},\"list\":{\"label\":\"createdBy\",\"searchable\":true,\"sortable\":true}},\"updatedBy\":{\"edit\":{\"label\":\"updatedBy\",\"description\":\"\",\"placeholder\":\"\",\"visible\":false,\"editable\":true,\"mainField\":\"firstname\"},\"list\":{\"label\":\"updatedBy\",\"searchable\":true,\"sortable\":true}}},\"layouts\":{\"list\":[\"id\",\"name\",\"alternativeText\",\"caption\"],\"edit\":[[{\"name\":\"name\",\"size\":6},{\"name\":\"alternativeText\",\"size\":6}],[{\"name\":\"caption\",\"size\":6},{\"name\":\"width\",\"size\":4}],[{\"name\":\"height\",\"size\":4}],[{\"name\":\"formats\",\"size\":12}],[{\"name\":\"hash\",\"size\":6},{\"name\":\"ext\",\"size\":6}],[{\"name\":\"mime\",\"size\":6},{\"name\":\"size\",\"size\":4}],[{\"name\":\"url\",\"size\":6},{\"name\":\"previewUrl\",\"size\":6}],[{\"name\":\"provider\",\"size\":6}],[{\"name\":\"provider_metadata\",\"size\":12}],[{\"name\":\"folder\",\"size\":6},{\"name\":\"folderPath\",\"size\":6}]]},\"uid\":\"plugin::upload.file\"}','object',NULL,NULL),
	(23,'plugin_content_manager_configuration_content_types::plugin::review-workflows.workflow-stage','{\"settings\":{\"bulkable\":true,\"filterable\":true,\"searchable\":true,\"pageSize\":10,\"mainField\":\"name\",\"defaultSortBy\":\"name\",\"defaultSortOrder\":\"ASC\"},\"metadatas\":{\"id\":{\"edit\":{},\"list\":{\"label\":\"id\",\"searchable\":true,\"sortable\":true}},\"name\":{\"edit\":{\"label\":\"name\",\"description\":\"\",\"placeholder\":\"\",\"visible\":true,\"editable\":true},\"list\":{\"label\":\"name\",\"searchable\":true,\"sortable\":true}},\"color\":{\"edit\":{\"label\":\"color\",\"description\":\"\",\"placeholder\":\"\",\"visible\":true,\"editable\":true},\"list\":{\"label\":\"color\",\"searchable\":true,\"sortable\":true}},\"workflow\":{\"edit\":{\"label\":\"workflow\",\"description\":\"\",\"placeholder\":\"\",\"visible\":true,\"editable\":true,\"mainField\":\"name\"},\"list\":{\"label\":\"workflow\",\"searchable\":true,\"sortable\":true}},\"permissions\":{\"edit\":{\"label\":\"permissions\",\"description\":\"\",\"placeholder\":\"\",\"visible\":true,\"editable\":true,\"mainField\":\"action\"},\"list\":{\"label\":\"permissions\",\"searchable\":false,\"sortable\":false}},\"createdAt\":{\"edit\":{\"label\":\"createdAt\",\"description\":\"\",\"placeholder\":\"\",\"visible\":false,\"editable\":true},\"list\":{\"label\":\"createdAt\",\"searchable\":true,\"sortable\":true}},\"updatedAt\":{\"edit\":{\"label\":\"updatedAt\",\"description\":\"\",\"placeholder\":\"\",\"visible\":false,\"editable\":true},\"list\":{\"label\":\"updatedAt\",\"searchable\":true,\"sortable\":true}},\"createdBy\":{\"edit\":{\"label\":\"createdBy\",\"description\":\"\",\"placeholder\":\"\",\"visible\":false,\"editable\":true,\"mainField\":\"firstname\"},\"list\":{\"label\":\"createdBy\",\"searchable\":true,\"sortable\":true}},\"updatedBy\":{\"edit\":{\"label\":\"updatedBy\",\"description\":\"\",\"placeholder\":\"\",\"visible\":false,\"editable\":true,\"mainField\":\"firstname\"},\"list\":{\"label\":\"updatedBy\",\"searchable\":true,\"sortable\":true}}},\"layouts\":{\"list\":[\"id\",\"name\",\"color\",\"workflow\"],\"edit\":[[{\"name\":\"name\",\"size\":6},{\"name\":\"color\",\"size\":6}],[{\"name\":\"workflow\",\"size\":6},{\"name\":\"permissions\",\"size\":6}]]},\"uid\":\"plugin::review-workflows.workflow-stage\"}','object',NULL,NULL),
	(24,'plugin_content_manager_configuration_content_types::plugin::content-releases.release','{\"settings\":{\"bulkable\":true,\"filterable\":true,\"searchable\":true,\"pageSize\":10,\"mainField\":\"name\",\"defaultSortBy\":\"name\",\"defaultSortOrder\":\"ASC\"},\"metadatas\":{\"id\":{\"edit\":{},\"list\":{\"label\":\"id\",\"searchable\":true,\"sortable\":true}},\"name\":{\"edit\":{\"label\":\"name\",\"description\":\"\",\"placeholder\":\"\",\"visible\":true,\"editable\":true},\"list\":{\"label\":\"name\",\"searchable\":true,\"sortable\":true}},\"releasedAt\":{\"edit\":{\"label\":\"releasedAt\",\"description\":\"\",\"placeholder\":\"\",\"visible\":true,\"editable\":true},\"list\":{\"label\":\"releasedAt\",\"searchable\":true,\"sortable\":true}},\"scheduledAt\":{\"edit\":{\"label\":\"scheduledAt\",\"description\":\"\",\"placeholder\":\"\",\"visible\":true,\"editable\":true},\"list\":{\"label\":\"scheduledAt\",\"searchable\":true,\"sortable\":true}},\"timezone\":{\"edit\":{\"label\":\"timezone\",\"description\":\"\",\"placeholder\":\"\",\"visible\":true,\"editable\":true},\"list\":{\"label\":\"timezone\",\"searchable\":true,\"sortable\":true}},\"status\":{\"edit\":{\"label\":\"status\",\"description\":\"\",\"placeholder\":\"\",\"visible\":true,\"editable\":true},\"list\":{\"label\":\"status\",\"searchable\":true,\"sortable\":true}},\"actions\":{\"edit\":{\"label\":\"actions\",\"description\":\"\",\"placeholder\":\"\",\"visible\":true,\"editable\":true,\"mainField\":\"contentType\"},\"list\":{\"label\":\"actions\",\"searchable\":false,\"sortable\":false}},\"createdAt\":{\"edit\":{\"label\":\"createdAt\",\"description\":\"\",\"placeholder\":\"\",\"visible\":false,\"editable\":true},\"list\":{\"label\":\"createdAt\",\"searchable\":true,\"sortable\":true}},\"updatedAt\":{\"edit\":{\"label\":\"updatedAt\",\"description\":\"\",\"placeholder\":\"\",\"visible\":false,\"editable\":true},\"list\":{\"label\":\"updatedAt\",\"searchable\":true,\"sortable\":true}},\"createdBy\":{\"edit\":{\"label\":\"createdBy\",\"description\":\"\",\"placeholder\":\"\",\"visible\":false,\"editable\":true,\"mainField\":\"firstname\"},\"list\":{\"label\":\"createdBy\",\"searchable\":true,\"sortable\":true}},\"updatedBy\":{\"edit\":{\"label\":\"updatedBy\",\"description\":\"\",\"placeholder\":\"\",\"visible\":false,\"editable\":true,\"mainField\":\"firstname\"},\"list\":{\"label\":\"updatedBy\",\"searchable\":true,\"sortable\":true}}},\"layouts\":{\"list\":[\"id\",\"name\",\"releasedAt\",\"scheduledAt\"],\"edit\":[[{\"name\":\"name\",\"size\":6},{\"name\":\"releasedAt\",\"size\":6}],[{\"name\":\"scheduledAt\",\"size\":6},{\"name\":\"timezone\",\"size\":6}],[{\"name\":\"status\",\"size\":6},{\"name\":\"actions\",\"size\":6}]]},\"uid\":\"plugin::content-releases.release\"}','object',NULL,NULL),
	(25,'plugin_content_manager_configuration_content_types::plugin::littlebox-strapi-suite.ltb-st-app-setting','{\"settings\":{\"bulkable\":true,\"filterable\":true,\"searchable\":true,\"pageSize\":10,\"mainField\":\"module\",\"defaultSortBy\":\"module\",\"defaultSortOrder\":\"ASC\"},\"metadatas\":{\"id\":{\"edit\":{},\"list\":{\"label\":\"id\",\"searchable\":true,\"sortable\":true}},\"module\":{\"edit\":{\"label\":\"module\",\"description\":\"\",\"placeholder\":\"\",\"visible\":true,\"editable\":true},\"list\":{\"label\":\"module\",\"searchable\":true,\"sortable\":true}},\"property\":{\"edit\":{\"label\":\"property\",\"description\":\"\",\"placeholder\":\"\",\"visible\":true,\"editable\":true},\"list\":{\"label\":\"property\",\"searchable\":true,\"sortable\":true}},\"type\":{\"edit\":{\"label\":\"type\",\"description\":\"\",\"placeholder\":\"\",\"visible\":true,\"editable\":true},\"list\":{\"label\":\"type\",\"searchable\":true,\"sortable\":true}},\"value\":{\"edit\":{\"label\":\"value\",\"description\":\"\",\"placeholder\":\"\",\"visible\":true,\"editable\":true},\"list\":{\"label\":\"value\",\"searchable\":true,\"sortable\":true}},\"createdAt\":{\"edit\":{\"label\":\"createdAt\",\"description\":\"\",\"placeholder\":\"\",\"visible\":false,\"editable\":true},\"list\":{\"label\":\"createdAt\",\"searchable\":true,\"sortable\":true}},\"updatedAt\":{\"edit\":{\"label\":\"updatedAt\",\"description\":\"\",\"placeholder\":\"\",\"visible\":false,\"editable\":true},\"list\":{\"label\":\"updatedAt\",\"searchable\":true,\"sortable\":true}},\"createdBy\":{\"edit\":{\"label\":\"createdBy\",\"description\":\"\",\"placeholder\":\"\",\"visible\":false,\"editable\":true,\"mainField\":\"firstname\"},\"list\":{\"label\":\"createdBy\",\"searchable\":true,\"sortable\":true}},\"updatedBy\":{\"edit\":{\"label\":\"updatedBy\",\"description\":\"\",\"placeholder\":\"\",\"visible\":false,\"editable\":true,\"mainField\":\"firstname\"},\"list\":{\"label\":\"updatedBy\",\"searchable\":true,\"sortable\":true}}},\"layouts\":{\"list\":[\"id\",\"module\",\"property\",\"type\"],\"edit\":[[{\"name\":\"module\",\"size\":6},{\"name\":\"property\",\"size\":6}],[{\"name\":\"type\",\"size\":6},{\"name\":\"value\",\"size\":6}]]},\"uid\":\"plugin::littlebox-strapi-suite.ltb-st-app-setting\"}','object',NULL,NULL),
	(26,'plugin_content_manager_configuration_content_types::plugin::littlebox-strapi-suite.ltb-st-module-slug-item','{\"settings\":{\"bulkable\":true,\"filterable\":true,\"searchable\":true,\"pageSize\":10,\"mainField\":\"state\",\"defaultSortBy\":\"state\",\"defaultSortOrder\":\"ASC\"},\"metadatas\":{\"id\":{\"edit\":{},\"list\":{\"label\":\"id\",\"searchable\":true,\"sortable\":true}},\"state\":{\"edit\":{\"label\":\"state\",\"description\":\"\",\"placeholder\":\"\",\"visible\":true,\"editable\":true},\"list\":{\"label\":\"state\",\"searchable\":true,\"sortable\":true}},\"slug\":{\"edit\":{\"label\":\"slug\",\"description\":\"\",\"placeholder\":\"\",\"visible\":true,\"editable\":true},\"list\":{\"label\":\"slug\",\"searchable\":true,\"sortable\":true}},\"contentId\":{\"edit\":{\"label\":\"contentId\",\"description\":\"\",\"placeholder\":\"\",\"visible\":true,\"editable\":true},\"list\":{\"label\":\"contentId\",\"searchable\":true,\"sortable\":true}},\"contentModel\":{\"edit\":{\"label\":\"contentModel\",\"description\":\"\",\"placeholder\":\"\",\"visible\":true,\"editable\":true},\"list\":{\"label\":\"contentModel\",\"searchable\":true,\"sortable\":true}},\"parentContentId\":{\"edit\":{\"label\":\"parentContentId\",\"description\":\"\",\"placeholder\":\"\",\"visible\":true,\"editable\":true},\"list\":{\"label\":\"parentContentId\",\"searchable\":true,\"sortable\":true}},\"parentContentModel\":{\"edit\":{\"label\":\"parentContentModel\",\"description\":\"\",\"placeholder\":\"\",\"visible\":true,\"editable\":true},\"list\":{\"label\":\"parentContentModel\",\"searchable\":true,\"sortable\":true}},\"createdAt\":{\"edit\":{\"label\":\"createdAt\",\"description\":\"\",\"placeholder\":\"\",\"visible\":false,\"editable\":true},\"list\":{\"label\":\"createdAt\",\"searchable\":true,\"sortable\":true}},\"updatedAt\":{\"edit\":{\"label\":\"updatedAt\",\"description\":\"\",\"placeholder\":\"\",\"visible\":false,\"editable\":true},\"list\":{\"label\":\"updatedAt\",\"searchable\":true,\"sortable\":true}},\"createdBy\":{\"edit\":{\"label\":\"createdBy\",\"description\":\"\",\"placeholder\":\"\",\"visible\":false,\"editable\":true,\"mainField\":\"firstname\"},\"list\":{\"label\":\"createdBy\",\"searchable\":true,\"sortable\":true}},\"updatedBy\":{\"edit\":{\"label\":\"updatedBy\",\"description\":\"\",\"placeholder\":\"\",\"visible\":false,\"editable\":true,\"mainField\":\"firstname\"},\"list\":{\"label\":\"updatedBy\",\"searchable\":true,\"sortable\":true}}},\"layouts\":{\"list\":[\"id\",\"state\",\"slug\",\"contentId\"],\"edit\":[[{\"name\":\"state\",\"size\":6},{\"name\":\"slug\",\"size\":6}],[{\"name\":\"contentId\",\"size\":6},{\"name\":\"contentModel\",\"size\":6}],[{\"name\":\"parentContentId\",\"size\":6},{\"name\":\"parentContentModel\",\"size\":6}]]},\"uid\":\"plugin::littlebox-strapi-suite.ltb-st-module-slug-item\"}','object',NULL,NULL),
	(27,'plugin_content_manager_configuration_content_types::plugin::upload.folder','{\"settings\":{\"bulkable\":true,\"filterable\":true,\"searchable\":true,\"pageSize\":10,\"mainField\":\"name\",\"defaultSortBy\":\"name\",\"defaultSortOrder\":\"ASC\"},\"metadatas\":{\"id\":{\"edit\":{},\"list\":{\"label\":\"id\",\"searchable\":true,\"sortable\":true}},\"name\":{\"edit\":{\"label\":\"name\",\"description\":\"\",\"placeholder\":\"\",\"visible\":true,\"editable\":true},\"list\":{\"label\":\"name\",\"searchable\":true,\"sortable\":true}},\"pathId\":{\"edit\":{\"label\":\"pathId\",\"description\":\"\",\"placeholder\":\"\",\"visible\":true,\"editable\":true},\"list\":{\"label\":\"pathId\",\"searchable\":true,\"sortable\":true}},\"parent\":{\"edit\":{\"label\":\"parent\",\"description\":\"\",\"placeholder\":\"\",\"visible\":true,\"editable\":true,\"mainField\":\"name\"},\"list\":{\"label\":\"parent\",\"searchable\":true,\"sortable\":true}},\"children\":{\"edit\":{\"label\":\"children\",\"description\":\"\",\"placeholder\":\"\",\"visible\":true,\"editable\":true,\"mainField\":\"name\"},\"list\":{\"label\":\"children\",\"searchable\":false,\"sortable\":false}},\"files\":{\"edit\":{\"label\":\"files\",\"description\":\"\",\"placeholder\":\"\",\"visible\":true,\"editable\":true,\"mainField\":\"name\"},\"list\":{\"label\":\"files\",\"searchable\":false,\"sortable\":false}},\"path\":{\"edit\":{\"label\":\"path\",\"description\":\"\",\"placeholder\":\"\",\"visible\":true,\"editable\":true},\"list\":{\"label\":\"path\",\"searchable\":true,\"sortable\":true}},\"createdAt\":{\"edit\":{\"label\":\"createdAt\",\"description\":\"\",\"placeholder\":\"\",\"visible\":false,\"editable\":true},\"list\":{\"label\":\"createdAt\",\"searchable\":true,\"sortable\":true}},\"updatedAt\":{\"edit\":{\"label\":\"updatedAt\",\"description\":\"\",\"placeholder\":\"\",\"visible\":false,\"editable\":true},\"list\":{\"label\":\"updatedAt\",\"searchable\":true,\"sortable\":true}},\"createdBy\":{\"edit\":{\"label\":\"createdBy\",\"description\":\"\",\"placeholder\":\"\",\"visible\":false,\"editable\":true,\"mainField\":\"firstname\"},\"list\":{\"label\":\"createdBy\",\"searchable\":true,\"sortable\":true}},\"updatedBy\":{\"edit\":{\"label\":\"updatedBy\",\"description\":\"\",\"placeholder\":\"\",\"visible\":false,\"editable\":true,\"mainField\":\"firstname\"},\"list\":{\"label\":\"updatedBy\",\"searchable\":true,\"sortable\":true}}},\"layouts\":{\"list\":[\"id\",\"name\",\"pathId\",\"parent\"],\"edit\":[[{\"name\":\"name\",\"size\":6},{\"name\":\"pathId\",\"size\":4}],[{\"name\":\"parent\",\"size\":6},{\"name\":\"children\",\"size\":6}],[{\"name\":\"files\",\"size\":6},{\"name\":\"path\",\"size\":6}]]},\"uid\":\"plugin::upload.folder\"}','object',NULL,NULL),
	(28,'plugin_content_manager_configuration_content_types::plugin::littlebox-strapi-suite.ltb-st-module-menu-item','{\"settings\":{\"bulkable\":true,\"filterable\":true,\"searchable\":true,\"pageSize\":10,\"mainField\":\"title\",\"defaultSortBy\":\"title\",\"defaultSortOrder\":\"ASC\"},\"metadatas\":{\"id\":{\"edit\":{},\"list\":{\"label\":\"id\",\"searchable\":true,\"sortable\":true}},\"title\":{\"edit\":{\"label\":\"title\",\"description\":\"\",\"placeholder\":\"\",\"visible\":true,\"editable\":true},\"list\":{\"label\":\"title\",\"searchable\":true,\"sortable\":true}},\"uid\":{\"edit\":{\"label\":\"uid\",\"description\":\"\",\"placeholder\":\"\",\"visible\":true,\"editable\":true},\"list\":{\"label\":\"uid\",\"searchable\":true,\"sortable\":true}},\"createdAt\":{\"edit\":{\"label\":\"createdAt\",\"description\":\"\",\"placeholder\":\"\",\"visible\":false,\"editable\":true},\"list\":{\"label\":\"createdAt\",\"searchable\":true,\"sortable\":true}},\"updatedAt\":{\"edit\":{\"label\":\"updatedAt\",\"description\":\"\",\"placeholder\":\"\",\"visible\":false,\"editable\":true},\"list\":{\"label\":\"updatedAt\",\"searchable\":true,\"sortable\":true}},\"createdBy\":{\"edit\":{\"label\":\"createdBy\",\"description\":\"\",\"placeholder\":\"\",\"visible\":false,\"editable\":true,\"mainField\":\"firstname\"},\"list\":{\"label\":\"createdBy\",\"searchable\":true,\"sortable\":true}},\"updatedBy\":{\"edit\":{\"label\":\"updatedBy\",\"description\":\"\",\"placeholder\":\"\",\"visible\":false,\"editable\":true,\"mainField\":\"firstname\"},\"list\":{\"label\":\"updatedBy\",\"searchable\":true,\"sortable\":true}}},\"layouts\":{\"list\":[\"id\",\"title\",\"uid\",\"createdAt\"],\"edit\":[[{\"name\":\"title\",\"size\":6},{\"name\":\"uid\",\"size\":6}]]},\"uid\":\"plugin::littlebox-strapi-suite.ltb-st-module-menu-item\"}','object',NULL,NULL),
	(29,'plugin_content_manager_configuration_content_types::plugin::littlebox-strapi-suite.ltb-st-module-attribute-item','{\"settings\":{\"bulkable\":true,\"filterable\":true,\"searchable\":true,\"pageSize\":10,\"mainField\":\"state\",\"defaultSortBy\":\"state\",\"defaultSortOrder\":\"ASC\"},\"metadatas\":{\"id\":{\"edit\":{},\"list\":{\"label\":\"id\",\"searchable\":true,\"sortable\":true}},\"state\":{\"edit\":{\"label\":\"state\",\"description\":\"\",\"placeholder\":\"\",\"visible\":true,\"editable\":true},\"list\":{\"label\":\"state\",\"searchable\":true,\"sortable\":true}},\"contentId\":{\"edit\":{\"label\":\"contentId\",\"description\":\"\",\"placeholder\":\"\",\"visible\":true,\"editable\":true},\"list\":{\"label\":\"contentId\",\"searchable\":true,\"sortable\":true}},\"contentModel\":{\"edit\":{\"label\":\"contentModel\",\"description\":\"\",\"placeholder\":\"\",\"visible\":true,\"editable\":true},\"list\":{\"label\":\"contentModel\",\"searchable\":true,\"sortable\":true}},\"parentContentId\":{\"edit\":{\"label\":\"parentContentId\",\"description\":\"\",\"placeholder\":\"\",\"visible\":true,\"editable\":true},\"list\":{\"label\":\"parentContentId\",\"searchable\":true,\"sortable\":true}},\"parentContentModel\":{\"edit\":{\"label\":\"parentContentModel\",\"description\":\"\",\"placeholder\":\"\",\"visible\":true,\"editable\":true},\"list\":{\"label\":\"parentContentModel\",\"searchable\":true,\"sortable\":true}},\"templateId\":{\"edit\":{\"label\":\"templateId\",\"description\":\"\",\"placeholder\":\"\",\"visible\":true,\"editable\":true},\"list\":{\"label\":\"templateId\",\"searchable\":true,\"sortable\":true}},\"priority\":{\"edit\":{\"label\":\"priority\",\"description\":\"\",\"placeholder\":\"\",\"visible\":true,\"editable\":true},\"list\":{\"label\":\"priority\",\"searchable\":true,\"sortable\":true}},\"frequency\":{\"edit\":{\"label\":\"frequency\",\"description\":\"\",\"placeholder\":\"\",\"visible\":true,\"editable\":true},\"list\":{\"label\":\"frequency\",\"searchable\":true,\"sortable\":true}},\"createdAt\":{\"edit\":{\"label\":\"createdAt\",\"description\":\"\",\"placeholder\":\"\",\"visible\":false,\"editable\":true},\"list\":{\"label\":\"createdAt\",\"searchable\":true,\"sortable\":true}},\"updatedAt\":{\"edit\":{\"label\":\"updatedAt\",\"description\":\"\",\"placeholder\":\"\",\"visible\":false,\"editable\":true},\"list\":{\"label\":\"updatedAt\",\"searchable\":true,\"sortable\":true}},\"createdBy\":{\"edit\":{\"label\":\"createdBy\",\"description\":\"\",\"placeholder\":\"\",\"visible\":false,\"editable\":true,\"mainField\":\"firstname\"},\"list\":{\"label\":\"createdBy\",\"searchable\":true,\"sortable\":true}},\"updatedBy\":{\"edit\":{\"label\":\"updatedBy\",\"description\":\"\",\"placeholder\":\"\",\"visible\":false,\"editable\":true,\"mainField\":\"firstname\"},\"list\":{\"label\":\"updatedBy\",\"searchable\":true,\"sortable\":true}}},\"layouts\":{\"list\":[\"id\",\"state\",\"contentId\",\"contentModel\"],\"edit\":[[{\"name\":\"state\",\"size\":6},{\"name\":\"contentId\",\"size\":6}],[{\"name\":\"contentModel\",\"size\":6},{\"name\":\"parentContentId\",\"size\":6}],[{\"name\":\"parentContentModel\",\"size\":6},{\"name\":\"templateId\",\"size\":6}],[{\"name\":\"priority\",\"size\":6},{\"name\":\"frequency\",\"size\":6}]]},\"uid\":\"plugin::littlebox-strapi-suite.ltb-st-module-attribute-item\"}','object',NULL,NULL),
	(30,'plugin_content_manager_configuration_content_types::plugin::littlebox-strapi-suite.ltb-st-module-menu-children-item','{\"settings\":{\"bulkable\":true,\"filterable\":true,\"searchable\":true,\"pageSize\":10,\"mainField\":\"menuId\",\"defaultSortBy\":\"menuId\",\"defaultSortOrder\":\"ASC\"},\"metadatas\":{\"id\":{\"edit\":{},\"list\":{\"label\":\"id\",\"searchable\":true,\"sortable\":true}},\"menuId\":{\"edit\":{\"label\":\"menuId\",\"description\":\"\",\"placeholder\":\"\",\"visible\":true,\"editable\":true},\"list\":{\"label\":\"menuId\",\"searchable\":true,\"sortable\":true}},\"parentId\":{\"edit\":{\"label\":\"parentId\",\"description\":\"\",\"placeholder\":\"\",\"visible\":true,\"editable\":true},\"list\":{\"label\":\"parentId\",\"searchable\":true,\"sortable\":true}},\"title\":{\"edit\":{\"label\":\"title\",\"description\":\"\",\"placeholder\":\"\",\"visible\":true,\"editable\":true},\"list\":{\"label\":\"title\",\"searchable\":true,\"sortable\":true}},\"url\":{\"edit\":{\"label\":\"url\",\"description\":\"\",\"placeholder\":\"\",\"visible\":true,\"editable\":true},\"list\":{\"label\":\"url\",\"searchable\":true,\"sortable\":true}},\"contentId\":{\"edit\":{\"label\":\"contentId\",\"description\":\"\",\"placeholder\":\"\",\"visible\":true,\"editable\":true},\"list\":{\"label\":\"contentId\",\"searchable\":true,\"sortable\":true}},\"contentModel\":{\"edit\":{\"label\":\"contentModel\",\"description\":\"\",\"placeholder\":\"\",\"visible\":true,\"editable\":true},\"list\":{\"label\":\"contentModel\",\"searchable\":true,\"sortable\":true}},\"target\":{\"edit\":{\"label\":\"target\",\"description\":\"\",\"placeholder\":\"\",\"visible\":true,\"editable\":true},\"list\":{\"label\":\"target\",\"searchable\":true,\"sortable\":true}},\"order\":{\"edit\":{\"label\":\"order\",\"description\":\"\",\"placeholder\":\"\",\"visible\":true,\"editable\":true},\"list\":{\"label\":\"order\",\"searchable\":true,\"sortable\":true}},\"metadata\":{\"edit\":{\"label\":\"metadata\",\"description\":\"\",\"placeholder\":\"\",\"visible\":true,\"editable\":true},\"list\":{\"label\":\"metadata\",\"searchable\":false,\"sortable\":false}},\"createdAt\":{\"edit\":{\"label\":\"createdAt\",\"description\":\"\",\"placeholder\":\"\",\"visible\":false,\"editable\":true},\"list\":{\"label\":\"createdAt\",\"searchable\":true,\"sortable\":true}},\"updatedAt\":{\"edit\":{\"label\":\"updatedAt\",\"description\":\"\",\"placeholder\":\"\",\"visible\":false,\"editable\":true},\"list\":{\"label\":\"updatedAt\",\"searchable\":true,\"sortable\":true}},\"createdBy\":{\"edit\":{\"label\":\"createdBy\",\"description\":\"\",\"placeholder\":\"\",\"visible\":false,\"editable\":true,\"mainField\":\"firstname\"},\"list\":{\"label\":\"createdBy\",\"searchable\":true,\"sortable\":true}},\"updatedBy\":{\"edit\":{\"label\":\"updatedBy\",\"description\":\"\",\"placeholder\":\"\",\"visible\":false,\"editable\":true,\"mainField\":\"firstname\"},\"list\":{\"label\":\"updatedBy\",\"searchable\":true,\"sortable\":true}}},\"layouts\":{\"list\":[\"id\",\"menuId\",\"parentId\",\"title\"],\"edit\":[[{\"name\":\"menuId\",\"size\":6},{\"name\":\"parentId\",\"size\":6}],[{\"name\":\"title\",\"size\":6},{\"name\":\"url\",\"size\":6}],[{\"name\":\"contentId\",\"size\":6},{\"name\":\"contentModel\",\"size\":6}],[{\"name\":\"target\",\"size\":6},{\"name\":\"order\",\"size\":4}],[{\"name\":\"metadata\",\"size\":12}]]},\"uid\":\"plugin::littlebox-strapi-suite.ltb-st-module-menu-children-item\"}','object',NULL,NULL),
	(31,'plugin_content_manager_configuration_content_types::plugin::littlebox-strapi-suite.ltb-st-module-parameter-item','{\"settings\":{\"bulkable\":true,\"filterable\":true,\"searchable\":true,\"pageSize\":10,\"mainField\":\"uid\",\"defaultSortBy\":\"uid\",\"defaultSortOrder\":\"ASC\"},\"metadatas\":{\"id\":{\"edit\":{},\"list\":{\"label\":\"id\",\"searchable\":true,\"sortable\":true}},\"uid\":{\"edit\":{\"label\":\"uid\",\"description\":\"\",\"placeholder\":\"\",\"visible\":true,\"editable\":true},\"list\":{\"label\":\"uid\",\"searchable\":true,\"sortable\":true}},\"value\":{\"edit\":{\"label\":\"value\",\"description\":\"\",\"placeholder\":\"\",\"visible\":true,\"editable\":true},\"list\":{\"label\":\"value\",\"searchable\":true,\"sortable\":true}},\"private\":{\"edit\":{\"label\":\"private\",\"description\":\"\",\"placeholder\":\"\",\"visible\":true,\"editable\":true},\"list\":{\"label\":\"private\",\"searchable\":true,\"sortable\":true}},\"createdAt\":{\"edit\":{\"label\":\"createdAt\",\"description\":\"\",\"placeholder\":\"\",\"visible\":false,\"editable\":true},\"list\":{\"label\":\"createdAt\",\"searchable\":true,\"sortable\":true}},\"updatedAt\":{\"edit\":{\"label\":\"updatedAt\",\"description\":\"\",\"placeholder\":\"\",\"visible\":false,\"editable\":true},\"list\":{\"label\":\"updatedAt\",\"searchable\":true,\"sortable\":true}},\"createdBy\":{\"edit\":{\"label\":\"createdBy\",\"description\":\"\",\"placeholder\":\"\",\"visible\":false,\"editable\":true,\"mainField\":\"firstname\"},\"list\":{\"label\":\"createdBy\",\"searchable\":true,\"sortable\":true}},\"updatedBy\":{\"edit\":{\"label\":\"updatedBy\",\"description\":\"\",\"placeholder\":\"\",\"visible\":false,\"editable\":true,\"mainField\":\"firstname\"},\"list\":{\"label\":\"updatedBy\",\"searchable\":true,\"sortable\":true}}},\"layouts\":{\"list\":[\"id\",\"uid\",\"value\",\"private\"],\"edit\":[[{\"name\":\"uid\",\"size\":6},{\"name\":\"value\",\"size\":6}],[{\"name\":\"private\",\"size\":4}]]},\"uid\":\"plugin::littlebox-strapi-suite.ltb-st-module-parameter-item\"}','object',NULL,NULL),
	(32,'plugin_content_manager_configuration_content_types::plugin::littlebox-strapi-suite.ltb-st-module-template-item','{\"settings\":{\"bulkable\":true,\"filterable\":true,\"searchable\":true,\"pageSize\":10,\"mainField\":\"uid\",\"defaultSortBy\":\"uid\",\"defaultSortOrder\":\"ASC\"},\"metadatas\":{\"id\":{\"edit\":{},\"list\":{\"label\":\"id\",\"searchable\":true,\"sortable\":true}},\"uid\":{\"edit\":{\"label\":\"uid\",\"description\":\"\",\"placeholder\":\"\",\"visible\":true,\"editable\":true},\"list\":{\"label\":\"uid\",\"searchable\":true,\"sortable\":true}},\"name\":{\"edit\":{\"label\":\"name\",\"description\":\"\",\"placeholder\":\"\",\"visible\":true,\"editable\":true},\"list\":{\"label\":\"name\",\"searchable\":true,\"sortable\":true}},\"createdAt\":{\"edit\":{\"label\":\"createdAt\",\"description\":\"\",\"placeholder\":\"\",\"visible\":false,\"editable\":true},\"list\":{\"label\":\"createdAt\",\"searchable\":true,\"sortable\":true}},\"updatedAt\":{\"edit\":{\"label\":\"updatedAt\",\"description\":\"\",\"placeholder\":\"\",\"visible\":false,\"editable\":true},\"list\":{\"label\":\"updatedAt\",\"searchable\":true,\"sortable\":true}},\"createdBy\":{\"edit\":{\"label\":\"createdBy\",\"description\":\"\",\"placeholder\":\"\",\"visible\":false,\"editable\":true,\"mainField\":\"firstname\"},\"list\":{\"label\":\"createdBy\",\"searchable\":true,\"sortable\":true}},\"updatedBy\":{\"edit\":{\"label\":\"updatedBy\",\"description\":\"\",\"placeholder\":\"\",\"visible\":false,\"editable\":true,\"mainField\":\"firstname\"},\"list\":{\"label\":\"updatedBy\",\"searchable\":true,\"sortable\":true}}},\"layouts\":{\"list\":[\"id\",\"uid\",\"name\",\"createdAt\"],\"edit\":[[{\"name\":\"uid\",\"size\":6},{\"name\":\"name\",\"size\":6}]]},\"uid\":\"plugin::littlebox-strapi-suite.ltb-st-module-template-item\"}','object',NULL,NULL),
	(33,'plugin_content_manager_configuration_content_types::plugin::users-permissions.permission','{\"settings\":{\"bulkable\":true,\"filterable\":true,\"searchable\":true,\"pageSize\":10,\"mainField\":\"action\",\"defaultSortBy\":\"action\",\"defaultSortOrder\":\"ASC\"},\"metadatas\":{\"id\":{\"edit\":{},\"list\":{\"label\":\"id\",\"searchable\":true,\"sortable\":true}},\"action\":{\"edit\":{\"label\":\"action\",\"description\":\"\",\"placeholder\":\"\",\"visible\":true,\"editable\":true},\"list\":{\"label\":\"action\",\"searchable\":true,\"sortable\":true}},\"role\":{\"edit\":{\"label\":\"role\",\"description\":\"\",\"placeholder\":\"\",\"visible\":true,\"editable\":true,\"mainField\":\"name\"},\"list\":{\"label\":\"role\",\"searchable\":true,\"sortable\":true}},\"createdAt\":{\"edit\":{\"label\":\"createdAt\",\"description\":\"\",\"placeholder\":\"\",\"visible\":false,\"editable\":true},\"list\":{\"label\":\"createdAt\",\"searchable\":true,\"sortable\":true}},\"updatedAt\":{\"edit\":{\"label\":\"updatedAt\",\"description\":\"\",\"placeholder\":\"\",\"visible\":false,\"editable\":true},\"list\":{\"label\":\"updatedAt\",\"searchable\":true,\"sortable\":true}},\"createdBy\":{\"edit\":{\"label\":\"createdBy\",\"description\":\"\",\"placeholder\":\"\",\"visible\":false,\"editable\":true,\"mainField\":\"firstname\"},\"list\":{\"label\":\"createdBy\",\"searchable\":true,\"sortable\":true}},\"updatedBy\":{\"edit\":{\"label\":\"updatedBy\",\"description\":\"\",\"placeholder\":\"\",\"visible\":false,\"editable\":true,\"mainField\":\"firstname\"},\"list\":{\"label\":\"updatedBy\",\"searchable\":true,\"sortable\":true}}},\"layouts\":{\"list\":[\"id\",\"action\",\"role\",\"createdAt\"],\"edit\":[[{\"name\":\"action\",\"size\":6},{\"name\":\"role\",\"size\":6}]]},\"uid\":\"plugin::users-permissions.permission\"}','object',NULL,NULL),
	(34,'plugin_content_manager_configuration_content_types::plugin::littlebox-strapi-suite.ltb-st-module-translation-item','{\"settings\":{\"bulkable\":true,\"filterable\":true,\"searchable\":true,\"pageSize\":10,\"mainField\":\"uid\",\"defaultSortBy\":\"uid\",\"defaultSortOrder\":\"ASC\"},\"metadatas\":{\"id\":{\"edit\":{},\"list\":{\"label\":\"id\",\"searchable\":true,\"sortable\":true}},\"uid\":{\"edit\":{\"label\":\"uid\",\"description\":\"\",\"placeholder\":\"\",\"visible\":true,\"editable\":true},\"list\":{\"label\":\"uid\",\"searchable\":true,\"sortable\":true}},\"translation\":{\"edit\":{\"label\":\"translation\",\"description\":\"\",\"placeholder\":\"\",\"visible\":true,\"editable\":true},\"list\":{\"label\":\"translation\",\"searchable\":true,\"sortable\":true}},\"createdAt\":{\"edit\":{\"label\":\"createdAt\",\"description\":\"\",\"placeholder\":\"\",\"visible\":false,\"editable\":true},\"list\":{\"label\":\"createdAt\",\"searchable\":true,\"sortable\":true}},\"updatedAt\":{\"edit\":{\"label\":\"updatedAt\",\"description\":\"\",\"placeholder\":\"\",\"visible\":false,\"editable\":true},\"list\":{\"label\":\"updatedAt\",\"searchable\":true,\"sortable\":true}},\"createdBy\":{\"edit\":{\"label\":\"createdBy\",\"description\":\"\",\"placeholder\":\"\",\"visible\":false,\"editable\":true,\"mainField\":\"firstname\"},\"list\":{\"label\":\"createdBy\",\"searchable\":true,\"sortable\":true}},\"updatedBy\":{\"edit\":{\"label\":\"updatedBy\",\"description\":\"\",\"placeholder\":\"\",\"visible\":false,\"editable\":true,\"mainField\":\"firstname\"},\"list\":{\"label\":\"updatedBy\",\"searchable\":true,\"sortable\":true}}},\"layouts\":{\"list\":[\"id\",\"uid\",\"translation\",\"createdAt\"],\"edit\":[[{\"name\":\"uid\",\"size\":6},{\"name\":\"translation\",\"size\":6}]]},\"uid\":\"plugin::littlebox-strapi-suite.ltb-st-module-translation-item\"}','object',NULL,NULL),
	(35,'plugin_content_manager_configuration_content_types::plugin::users-permissions.role','{\"settings\":{\"bulkable\":true,\"filterable\":true,\"searchable\":true,\"pageSize\":10,\"mainField\":\"name\",\"defaultSortBy\":\"name\",\"defaultSortOrder\":\"ASC\"},\"metadatas\":{\"id\":{\"edit\":{},\"list\":{\"label\":\"id\",\"searchable\":true,\"sortable\":true}},\"name\":{\"edit\":{\"label\":\"name\",\"description\":\"\",\"placeholder\":\"\",\"visible\":true,\"editable\":true},\"list\":{\"label\":\"name\",\"searchable\":true,\"sortable\":true}},\"description\":{\"edit\":{\"label\":\"description\",\"description\":\"\",\"placeholder\":\"\",\"visible\":true,\"editable\":true},\"list\":{\"label\":\"description\",\"searchable\":true,\"sortable\":true}},\"type\":{\"edit\":{\"label\":\"type\",\"description\":\"\",\"placeholder\":\"\",\"visible\":true,\"editable\":true},\"list\":{\"label\":\"type\",\"searchable\":true,\"sortable\":true}},\"permissions\":{\"edit\":{\"label\":\"permissions\",\"description\":\"\",\"placeholder\":\"\",\"visible\":true,\"editable\":true,\"mainField\":\"action\"},\"list\":{\"label\":\"permissions\",\"searchable\":false,\"sortable\":false}},\"users\":{\"edit\":{\"label\":\"users\",\"description\":\"\",\"placeholder\":\"\",\"visible\":true,\"editable\":true,\"mainField\":\"username\"},\"list\":{\"label\":\"users\",\"searchable\":false,\"sortable\":false}},\"createdAt\":{\"edit\":{\"label\":\"createdAt\",\"description\":\"\",\"placeholder\":\"\",\"visible\":false,\"editable\":true},\"list\":{\"label\":\"createdAt\",\"searchable\":true,\"sortable\":true}},\"updatedAt\":{\"edit\":{\"label\":\"updatedAt\",\"description\":\"\",\"placeholder\":\"\",\"visible\":false,\"editable\":true},\"list\":{\"label\":\"updatedAt\",\"searchable\":true,\"sortable\":true}},\"createdBy\":{\"edit\":{\"label\":\"createdBy\",\"description\":\"\",\"placeholder\":\"\",\"visible\":false,\"editable\":true,\"mainField\":\"firstname\"},\"list\":{\"label\":\"createdBy\",\"searchable\":true,\"sortable\":true}},\"updatedBy\":{\"edit\":{\"label\":\"updatedBy\",\"description\":\"\",\"placeholder\":\"\",\"visible\":false,\"editable\":true,\"mainField\":\"firstname\"},\"list\":{\"label\":\"updatedBy\",\"searchable\":true,\"sortable\":true}}},\"layouts\":{\"list\":[\"id\",\"name\",\"description\",\"type\"],\"edit\":[[{\"name\":\"name\",\"size\":6},{\"name\":\"description\",\"size\":6}],[{\"name\":\"type\",\"size\":6},{\"name\":\"permissions\",\"size\":6}],[{\"name\":\"users\",\"size\":6}]]},\"uid\":\"plugin::users-permissions.role\"}','object',NULL,NULL),
	(36,'plugin_content_manager_configuration_content_types::admin::permission','{\"settings\":{\"bulkable\":true,\"filterable\":true,\"searchable\":true,\"pageSize\":10,\"mainField\":\"action\",\"defaultSortBy\":\"action\",\"defaultSortOrder\":\"ASC\"},\"metadatas\":{\"id\":{\"edit\":{},\"list\":{\"label\":\"id\",\"searchable\":true,\"sortable\":true}},\"action\":{\"edit\":{\"label\":\"action\",\"description\":\"\",\"placeholder\":\"\",\"visible\":true,\"editable\":true},\"list\":{\"label\":\"action\",\"searchable\":true,\"sortable\":true}},\"actionParameters\":{\"edit\":{\"label\":\"actionParameters\",\"description\":\"\",\"placeholder\":\"\",\"visible\":true,\"editable\":true},\"list\":{\"label\":\"actionParameters\",\"searchable\":false,\"sortable\":false}},\"subject\":{\"edit\":{\"label\":\"subject\",\"description\":\"\",\"placeholder\":\"\",\"visible\":true,\"editable\":true},\"list\":{\"label\":\"subject\",\"searchable\":true,\"sortable\":true}},\"properties\":{\"edit\":{\"label\":\"properties\",\"description\":\"\",\"placeholder\":\"\",\"visible\":true,\"editable\":true},\"list\":{\"label\":\"properties\",\"searchable\":false,\"sortable\":false}},\"conditions\":{\"edit\":{\"label\":\"conditions\",\"description\":\"\",\"placeholder\":\"\",\"visible\":true,\"editable\":true},\"list\":{\"label\":\"conditions\",\"searchable\":false,\"sortable\":false}},\"role\":{\"edit\":{\"label\":\"role\",\"description\":\"\",\"placeholder\":\"\",\"visible\":true,\"editable\":true,\"mainField\":\"name\"},\"list\":{\"label\":\"role\",\"searchable\":true,\"sortable\":true}},\"createdAt\":{\"edit\":{\"label\":\"createdAt\",\"description\":\"\",\"placeholder\":\"\",\"visible\":false,\"editable\":true},\"list\":{\"label\":\"createdAt\",\"searchable\":true,\"sortable\":true}},\"updatedAt\":{\"edit\":{\"label\":\"updatedAt\",\"description\":\"\",\"placeholder\":\"\",\"visible\":false,\"editable\":true},\"list\":{\"label\":\"updatedAt\",\"searchable\":true,\"sortable\":true}},\"createdBy\":{\"edit\":{\"label\":\"createdBy\",\"description\":\"\",\"placeholder\":\"\",\"visible\":false,\"editable\":true,\"mainField\":\"firstname\"},\"list\":{\"label\":\"createdBy\",\"searchable\":true,\"sortable\":true}},\"updatedBy\":{\"edit\":{\"label\":\"updatedBy\",\"description\":\"\",\"placeholder\":\"\",\"visible\":false,\"editable\":true,\"mainField\":\"firstname\"},\"list\":{\"label\":\"updatedBy\",\"searchable\":true,\"sortable\":true}}},\"layouts\":{\"list\":[\"id\",\"action\",\"subject\",\"role\"],\"edit\":[[{\"name\":\"action\",\"size\":6}],[{\"name\":\"actionParameters\",\"size\":12}],[{\"name\":\"subject\",\"size\":6}],[{\"name\":\"properties\",\"size\":12}],[{\"name\":\"conditions\",\"size\":12}],[{\"name\":\"role\",\"size\":6}]]},\"uid\":\"admin::permission\"}','object',NULL,NULL),
	(37,'plugin_content_manager_configuration_content_types::plugin::users-permissions.user','{\"settings\":{\"bulkable\":true,\"filterable\":true,\"searchable\":true,\"pageSize\":10,\"mainField\":\"username\",\"defaultSortBy\":\"username\",\"defaultSortOrder\":\"ASC\"},\"metadatas\":{\"id\":{\"edit\":{},\"list\":{\"label\":\"id\",\"searchable\":true,\"sortable\":true}},\"username\":{\"edit\":{\"label\":\"username\",\"description\":\"\",\"placeholder\":\"\",\"visible\":true,\"editable\":true},\"list\":{\"label\":\"username\",\"searchable\":true,\"sortable\":true}},\"email\":{\"edit\":{\"label\":\"email\",\"description\":\"\",\"placeholder\":\"\",\"visible\":true,\"editable\":true},\"list\":{\"label\":\"email\",\"searchable\":true,\"sortable\":true}},\"provider\":{\"edit\":{\"label\":\"provider\",\"description\":\"\",\"placeholder\":\"\",\"visible\":false,\"editable\":true},\"list\":{\"label\":\"provider\",\"searchable\":true,\"sortable\":true}},\"password\":{\"edit\":{\"label\":\"password\",\"description\":\"\",\"placeholder\":\"\",\"visible\":true,\"editable\":true},\"list\":{\"label\":\"password\",\"searchable\":true,\"sortable\":true}},\"resetPasswordToken\":{\"edit\":{\"label\":\"resetPasswordToken\",\"description\":\"\",\"placeholder\":\"\",\"visible\":false,\"editable\":true},\"list\":{\"label\":\"resetPasswordToken\",\"searchable\":true,\"sortable\":true}},\"confirmationToken\":{\"edit\":{\"label\":\"confirmationToken\",\"description\":\"\",\"placeholder\":\"\",\"visible\":false,\"editable\":true},\"list\":{\"label\":\"confirmationToken\",\"searchable\":true,\"sortable\":true}},\"confirmed\":{\"edit\":{\"label\":\"confirmed\",\"description\":\"\",\"placeholder\":\"\",\"visible\":true,\"editable\":true},\"list\":{\"label\":\"confirmed\",\"searchable\":true,\"sortable\":true}},\"blocked\":{\"edit\":{\"label\":\"blocked\",\"description\":\"\",\"placeholder\":\"\",\"visible\":true,\"editable\":true},\"list\":{\"label\":\"blocked\",\"searchable\":true,\"sortable\":true}},\"role\":{\"edit\":{\"label\":\"role\",\"description\":\"\",\"placeholder\":\"\",\"visible\":true,\"editable\":true,\"mainField\":\"name\"},\"list\":{\"label\":\"role\",\"searchable\":true,\"sortable\":true}},\"createdAt\":{\"edit\":{\"label\":\"createdAt\",\"description\":\"\",\"placeholder\":\"\",\"visible\":false,\"editable\":true},\"list\":{\"label\":\"createdAt\",\"searchable\":true,\"sortable\":true}},\"updatedAt\":{\"edit\":{\"label\":\"updatedAt\",\"description\":\"\",\"placeholder\":\"\",\"visible\":false,\"editable\":true},\"list\":{\"label\":\"updatedAt\",\"searchable\":true,\"sortable\":true}},\"createdBy\":{\"edit\":{\"label\":\"createdBy\",\"description\":\"\",\"placeholder\":\"\",\"visible\":false,\"editable\":true,\"mainField\":\"firstname\"},\"list\":{\"label\":\"createdBy\",\"searchable\":true,\"sortable\":true}},\"updatedBy\":{\"edit\":{\"label\":\"updatedBy\",\"description\":\"\",\"placeholder\":\"\",\"visible\":false,\"editable\":true,\"mainField\":\"firstname\"},\"list\":{\"label\":\"updatedBy\",\"searchable\":true,\"sortable\":true}}},\"layouts\":{\"list\":[\"id\",\"username\",\"email\",\"confirmed\"],\"edit\":[[{\"name\":\"username\",\"size\":6},{\"name\":\"email\",\"size\":6}],[{\"name\":\"password\",\"size\":6},{\"name\":\"confirmed\",\"size\":4}],[{\"name\":\"blocked\",\"size\":4},{\"name\":\"role\",\"size\":6}]]},\"uid\":\"plugin::users-permissions.user\"}','object',NULL,NULL),
	(38,'plugin_content_manager_configuration_content_types::admin::user','{\"settings\":{\"bulkable\":true,\"filterable\":true,\"searchable\":true,\"pageSize\":10,\"mainField\":\"firstname\",\"defaultSortBy\":\"firstname\",\"defaultSortOrder\":\"ASC\"},\"metadatas\":{\"id\":{\"edit\":{},\"list\":{\"label\":\"id\",\"searchable\":true,\"sortable\":true}},\"firstname\":{\"edit\":{\"label\":\"firstname\",\"description\":\"\",\"placeholder\":\"\",\"visible\":true,\"editable\":true},\"list\":{\"label\":\"firstname\",\"searchable\":true,\"sortable\":true}},\"lastname\":{\"edit\":{\"label\":\"lastname\",\"description\":\"\",\"placeholder\":\"\",\"visible\":true,\"editable\":true},\"list\":{\"label\":\"lastname\",\"searchable\":true,\"sortable\":true}},\"username\":{\"edit\":{\"label\":\"username\",\"description\":\"\",\"placeholder\":\"\",\"visible\":true,\"editable\":true},\"list\":{\"label\":\"username\",\"searchable\":true,\"sortable\":true}},\"email\":{\"edit\":{\"label\":\"email\",\"description\":\"\",\"placeholder\":\"\",\"visible\":true,\"editable\":true},\"list\":{\"label\":\"email\",\"searchable\":true,\"sortable\":true}},\"password\":{\"edit\":{\"label\":\"password\",\"description\":\"\",\"placeholder\":\"\",\"visible\":true,\"editable\":true},\"list\":{\"label\":\"password\",\"searchable\":true,\"sortable\":true}},\"resetPasswordToken\":{\"edit\":{\"label\":\"resetPasswordToken\",\"description\":\"\",\"placeholder\":\"\",\"visible\":false,\"editable\":true},\"list\":{\"label\":\"resetPasswordToken\",\"searchable\":true,\"sortable\":true}},\"registrationToken\":{\"edit\":{\"label\":\"registrationToken\",\"description\":\"\",\"placeholder\":\"\",\"visible\":false,\"editable\":true},\"list\":{\"label\":\"registrationToken\",\"searchable\":true,\"sortable\":true}},\"isActive\":{\"edit\":{\"label\":\"isActive\",\"description\":\"\",\"placeholder\":\"\",\"visible\":true,\"editable\":true},\"list\":{\"label\":\"isActive\",\"searchable\":true,\"sortable\":true}},\"roles\":{\"edit\":{\"label\":\"roles\",\"description\":\"\",\"placeholder\":\"\",\"visible\":true,\"editable\":true,\"mainField\":\"name\"},\"list\":{\"label\":\"roles\",\"searchable\":false,\"sortable\":false}},\"blocked\":{\"edit\":{\"label\":\"blocked\",\"description\":\"\",\"placeholder\":\"\",\"visible\":true,\"editable\":true},\"list\":{\"label\":\"blocked\",\"searchable\":true,\"sortable\":true}},\"preferedLanguage\":{\"edit\":{\"label\":\"preferedLanguage\",\"description\":\"\",\"placeholder\":\"\",\"visible\":true,\"editable\":true},\"list\":{\"label\":\"preferedLanguage\",\"searchable\":true,\"sortable\":true}},\"createdAt\":{\"edit\":{\"label\":\"createdAt\",\"description\":\"\",\"placeholder\":\"\",\"visible\":false,\"editable\":true},\"list\":{\"label\":\"createdAt\",\"searchable\":true,\"sortable\":true}},\"updatedAt\":{\"edit\":{\"label\":\"updatedAt\",\"description\":\"\",\"placeholder\":\"\",\"visible\":false,\"editable\":true},\"list\":{\"label\":\"updatedAt\",\"searchable\":true,\"sortable\":true}},\"createdBy\":{\"edit\":{\"label\":\"createdBy\",\"description\":\"\",\"placeholder\":\"\",\"visible\":false,\"editable\":true,\"mainField\":\"firstname\"},\"list\":{\"label\":\"createdBy\",\"searchable\":true,\"sortable\":true}},\"updatedBy\":{\"edit\":{\"label\":\"updatedBy\",\"description\":\"\",\"placeholder\":\"\",\"visible\":false,\"editable\":true,\"mainField\":\"firstname\"},\"list\":{\"label\":\"updatedBy\",\"searchable\":true,\"sortable\":true}}},\"layouts\":{\"list\":[\"id\",\"firstname\",\"lastname\",\"username\"],\"edit\":[[{\"name\":\"firstname\",\"size\":6},{\"name\":\"lastname\",\"size\":6}],[{\"name\":\"username\",\"size\":6},{\"name\":\"email\",\"size\":6}],[{\"name\":\"password\",\"size\":6},{\"name\":\"isActive\",\"size\":4}],[{\"name\":\"roles\",\"size\":6},{\"name\":\"blocked\",\"size\":4}],[{\"name\":\"preferedLanguage\",\"size\":6}]]},\"uid\":\"admin::user\"}','object',NULL,NULL),
	(39,'plugin_content_manager_configuration_content_types::admin::api-token','{\"settings\":{\"bulkable\":true,\"filterable\":true,\"searchable\":true,\"pageSize\":10,\"mainField\":\"name\",\"defaultSortBy\":\"name\",\"defaultSortOrder\":\"ASC\"},\"metadatas\":{\"id\":{\"edit\":{},\"list\":{\"label\":\"id\",\"searchable\":true,\"sortable\":true}},\"name\":{\"edit\":{\"label\":\"name\",\"description\":\"\",\"placeholder\":\"\",\"visible\":true,\"editable\":true},\"list\":{\"label\":\"name\",\"searchable\":true,\"sortable\":true}},\"description\":{\"edit\":{\"label\":\"description\",\"description\":\"\",\"placeholder\":\"\",\"visible\":true,\"editable\":true},\"list\":{\"label\":\"description\",\"searchable\":true,\"sortable\":true}},\"type\":{\"edit\":{\"label\":\"type\",\"description\":\"\",\"placeholder\":\"\",\"visible\":true,\"editable\":true},\"list\":{\"label\":\"type\",\"searchable\":true,\"sortable\":true}},\"accessKey\":{\"edit\":{\"label\":\"accessKey\",\"description\":\"\",\"placeholder\":\"\",\"visible\":true,\"editable\":true},\"list\":{\"label\":\"accessKey\",\"searchable\":true,\"sortable\":true}},\"lastUsedAt\":{\"edit\":{\"label\":\"lastUsedAt\",\"description\":\"\",\"placeholder\":\"\",\"visible\":true,\"editable\":true},\"list\":{\"label\":\"lastUsedAt\",\"searchable\":true,\"sortable\":true}},\"permissions\":{\"edit\":{\"label\":\"permissions\",\"description\":\"\",\"placeholder\":\"\",\"visible\":true,\"editable\":true,\"mainField\":\"action\"},\"list\":{\"label\":\"permissions\",\"searchable\":false,\"sortable\":false}},\"expiresAt\":{\"edit\":{\"label\":\"expiresAt\",\"description\":\"\",\"placeholder\":\"\",\"visible\":true,\"editable\":true},\"list\":{\"label\":\"expiresAt\",\"searchable\":true,\"sortable\":true}},\"lifespan\":{\"edit\":{\"label\":\"lifespan\",\"description\":\"\",\"placeholder\":\"\",\"visible\":true,\"editable\":true},\"list\":{\"label\":\"lifespan\",\"searchable\":true,\"sortable\":true}},\"createdAt\":{\"edit\":{\"label\":\"createdAt\",\"description\":\"\",\"placeholder\":\"\",\"visible\":false,\"editable\":true},\"list\":{\"label\":\"createdAt\",\"searchable\":true,\"sortable\":true}},\"updatedAt\":{\"edit\":{\"label\":\"updatedAt\",\"description\":\"\",\"placeholder\":\"\",\"visible\":false,\"editable\":true},\"list\":{\"label\":\"updatedAt\",\"searchable\":true,\"sortable\":true}},\"createdBy\":{\"edit\":{\"label\":\"createdBy\",\"description\":\"\",\"placeholder\":\"\",\"visible\":false,\"editable\":true,\"mainField\":\"firstname\"},\"list\":{\"label\":\"createdBy\",\"searchable\":true,\"sortable\":true}},\"updatedBy\":{\"edit\":{\"label\":\"updatedBy\",\"description\":\"\",\"placeholder\":\"\",\"visible\":false,\"editable\":true,\"mainField\":\"firstname\"},\"list\":{\"label\":\"updatedBy\",\"searchable\":true,\"sortable\":true}}},\"layouts\":{\"list\":[\"id\",\"name\",\"description\",\"type\"],\"edit\":[[{\"name\":\"name\",\"size\":6},{\"name\":\"description\",\"size\":6}],[{\"name\":\"type\",\"size\":6},{\"name\":\"accessKey\",\"size\":6}],[{\"name\":\"lastUsedAt\",\"size\":6},{\"name\":\"permissions\",\"size\":6}],[{\"name\":\"expiresAt\",\"size\":6},{\"name\":\"lifespan\",\"size\":4}]]},\"uid\":\"admin::api-token\"}','object',NULL,NULL),
	(40,'plugin_content_manager_configuration_content_types::admin::transfer-token','{\"settings\":{\"bulkable\":true,\"filterable\":true,\"searchable\":true,\"pageSize\":10,\"mainField\":\"name\",\"defaultSortBy\":\"name\",\"defaultSortOrder\":\"ASC\"},\"metadatas\":{\"id\":{\"edit\":{},\"list\":{\"label\":\"id\",\"searchable\":true,\"sortable\":true}},\"name\":{\"edit\":{\"label\":\"name\",\"description\":\"\",\"placeholder\":\"\",\"visible\":true,\"editable\":true},\"list\":{\"label\":\"name\",\"searchable\":true,\"sortable\":true}},\"description\":{\"edit\":{\"label\":\"description\",\"description\":\"\",\"placeholder\":\"\",\"visible\":true,\"editable\":true},\"list\":{\"label\":\"description\",\"searchable\":true,\"sortable\":true}},\"accessKey\":{\"edit\":{\"label\":\"accessKey\",\"description\":\"\",\"placeholder\":\"\",\"visible\":true,\"editable\":true},\"list\":{\"label\":\"accessKey\",\"searchable\":true,\"sortable\":true}},\"lastUsedAt\":{\"edit\":{\"label\":\"lastUsedAt\",\"description\":\"\",\"placeholder\":\"\",\"visible\":true,\"editable\":true},\"list\":{\"label\":\"lastUsedAt\",\"searchable\":true,\"sortable\":true}},\"permissions\":{\"edit\":{\"label\":\"permissions\",\"description\":\"\",\"placeholder\":\"\",\"visible\":true,\"editable\":true,\"mainField\":\"action\"},\"list\":{\"label\":\"permissions\",\"searchable\":false,\"sortable\":false}},\"expiresAt\":{\"edit\":{\"label\":\"expiresAt\",\"description\":\"\",\"placeholder\":\"\",\"visible\":true,\"editable\":true},\"list\":{\"label\":\"expiresAt\",\"searchable\":true,\"sortable\":true}},\"lifespan\":{\"edit\":{\"label\":\"lifespan\",\"description\":\"\",\"placeholder\":\"\",\"visible\":true,\"editable\":true},\"list\":{\"label\":\"lifespan\",\"searchable\":true,\"sortable\":true}},\"createdAt\":{\"edit\":{\"label\":\"createdAt\",\"description\":\"\",\"placeholder\":\"\",\"visible\":false,\"editable\":true},\"list\":{\"label\":\"createdAt\",\"searchable\":true,\"sortable\":true}},\"updatedAt\":{\"edit\":{\"label\":\"updatedAt\",\"description\":\"\",\"placeholder\":\"\",\"visible\":false,\"editable\":true},\"list\":{\"label\":\"updatedAt\",\"searchable\":true,\"sortable\":true}},\"createdBy\":{\"edit\":{\"label\":\"createdBy\",\"description\":\"\",\"placeholder\":\"\",\"visible\":false,\"editable\":true,\"mainField\":\"firstname\"},\"list\":{\"label\":\"createdBy\",\"searchable\":true,\"sortable\":true}},\"updatedBy\":{\"edit\":{\"label\":\"updatedBy\",\"description\":\"\",\"placeholder\":\"\",\"visible\":false,\"editable\":true,\"mainField\":\"firstname\"},\"list\":{\"label\":\"updatedBy\",\"searchable\":true,\"sortable\":true}}},\"layouts\":{\"list\":[\"id\",\"name\",\"description\",\"accessKey\"],\"edit\":[[{\"name\":\"name\",\"size\":6},{\"name\":\"description\",\"size\":6}],[{\"name\":\"accessKey\",\"size\":6},{\"name\":\"lastUsedAt\",\"size\":6}],[{\"name\":\"permissions\",\"size\":6},{\"name\":\"expiresAt\",\"size\":6}],[{\"name\":\"lifespan\",\"size\":4}]]},\"uid\":\"admin::transfer-token\"}','object',NULL,NULL),
	(41,'plugin_content_manager_configuration_content_types::admin::role','{\"settings\":{\"bulkable\":true,\"filterable\":true,\"searchable\":true,\"pageSize\":10,\"mainField\":\"name\",\"defaultSortBy\":\"name\",\"defaultSortOrder\":\"ASC\"},\"metadatas\":{\"id\":{\"edit\":{},\"list\":{\"label\":\"id\",\"searchable\":true,\"sortable\":true}},\"name\":{\"edit\":{\"label\":\"name\",\"description\":\"\",\"placeholder\":\"\",\"visible\":true,\"editable\":true},\"list\":{\"label\":\"name\",\"searchable\":true,\"sortable\":true}},\"code\":{\"edit\":{\"label\":\"code\",\"description\":\"\",\"placeholder\":\"\",\"visible\":true,\"editable\":true},\"list\":{\"label\":\"code\",\"searchable\":true,\"sortable\":true}},\"description\":{\"edit\":{\"label\":\"description\",\"description\":\"\",\"placeholder\":\"\",\"visible\":true,\"editable\":true},\"list\":{\"label\":\"description\",\"searchable\":true,\"sortable\":true}},\"users\":{\"edit\":{\"label\":\"users\",\"description\":\"\",\"placeholder\":\"\",\"visible\":true,\"editable\":true,\"mainField\":\"firstname\"},\"list\":{\"label\":\"users\",\"searchable\":false,\"sortable\":false}},\"permissions\":{\"edit\":{\"label\":\"permissions\",\"description\":\"\",\"placeholder\":\"\",\"visible\":true,\"editable\":true,\"mainField\":\"action\"},\"list\":{\"label\":\"permissions\",\"searchable\":false,\"sortable\":false}},\"createdAt\":{\"edit\":{\"label\":\"createdAt\",\"description\":\"\",\"placeholder\":\"\",\"visible\":false,\"editable\":true},\"list\":{\"label\":\"createdAt\",\"searchable\":true,\"sortable\":true}},\"updatedAt\":{\"edit\":{\"label\":\"updatedAt\",\"description\":\"\",\"placeholder\":\"\",\"visible\":false,\"editable\":true},\"list\":{\"label\":\"updatedAt\",\"searchable\":true,\"sortable\":true}},\"createdBy\":{\"edit\":{\"label\":\"createdBy\",\"description\":\"\",\"placeholder\":\"\",\"visible\":false,\"editable\":true,\"mainField\":\"firstname\"},\"list\":{\"label\":\"createdBy\",\"searchable\":true,\"sortable\":true}},\"updatedBy\":{\"edit\":{\"label\":\"updatedBy\",\"description\":\"\",\"placeholder\":\"\",\"visible\":false,\"editable\":true,\"mainField\":\"firstname\"},\"list\":{\"label\":\"updatedBy\",\"searchable\":true,\"sortable\":true}}},\"layouts\":{\"list\":[\"id\",\"name\",\"code\",\"description\"],\"edit\":[[{\"name\":\"name\",\"size\":6},{\"name\":\"code\",\"size\":6}],[{\"name\":\"description\",\"size\":6},{\"name\":\"users\",\"size\":6}],[{\"name\":\"permissions\",\"size\":6}]]},\"uid\":\"admin::role\"}','object',NULL,NULL),
	(42,'plugin_content_manager_configuration_content_types::admin::api-token-permission','{\"settings\":{\"bulkable\":true,\"filterable\":true,\"searchable\":true,\"pageSize\":10,\"mainField\":\"action\",\"defaultSortBy\":\"action\",\"defaultSortOrder\":\"ASC\"},\"metadatas\":{\"id\":{\"edit\":{},\"list\":{\"label\":\"id\",\"searchable\":true,\"sortable\":true}},\"action\":{\"edit\":{\"label\":\"action\",\"description\":\"\",\"placeholder\":\"\",\"visible\":true,\"editable\":true},\"list\":{\"label\":\"action\",\"searchable\":true,\"sortable\":true}},\"token\":{\"edit\":{\"label\":\"token\",\"description\":\"\",\"placeholder\":\"\",\"visible\":true,\"editable\":true,\"mainField\":\"name\"},\"list\":{\"label\":\"token\",\"searchable\":true,\"sortable\":true}},\"createdAt\":{\"edit\":{\"label\":\"createdAt\",\"description\":\"\",\"placeholder\":\"\",\"visible\":false,\"editable\":true},\"list\":{\"label\":\"createdAt\",\"searchable\":true,\"sortable\":true}},\"updatedAt\":{\"edit\":{\"label\":\"updatedAt\",\"description\":\"\",\"placeholder\":\"\",\"visible\":false,\"editable\":true},\"list\":{\"label\":\"updatedAt\",\"searchable\":true,\"sortable\":true}},\"createdBy\":{\"edit\":{\"label\":\"createdBy\",\"description\":\"\",\"placeholder\":\"\",\"visible\":false,\"editable\":true,\"mainField\":\"firstname\"},\"list\":{\"label\":\"createdBy\",\"searchable\":true,\"sortable\":true}},\"updatedBy\":{\"edit\":{\"label\":\"updatedBy\",\"description\":\"\",\"placeholder\":\"\",\"visible\":false,\"editable\":true,\"mainField\":\"firstname\"},\"list\":{\"label\":\"updatedBy\",\"searchable\":true,\"sortable\":true}}},\"layouts\":{\"list\":[\"id\",\"action\",\"token\",\"createdAt\"],\"edit\":[[{\"name\":\"action\",\"size\":6},{\"name\":\"token\",\"size\":6}]]},\"uid\":\"admin::api-token-permission\"}','object',NULL,NULL),
	(43,'plugin_content_manager_configuration_content_types::admin::transfer-token-permission','{\"settings\":{\"bulkable\":true,\"filterable\":true,\"searchable\":true,\"pageSize\":10,\"mainField\":\"action\",\"defaultSortBy\":\"action\",\"defaultSortOrder\":\"ASC\"},\"metadatas\":{\"id\":{\"edit\":{},\"list\":{\"label\":\"id\",\"searchable\":true,\"sortable\":true}},\"action\":{\"edit\":{\"label\":\"action\",\"description\":\"\",\"placeholder\":\"\",\"visible\":true,\"editable\":true},\"list\":{\"label\":\"action\",\"searchable\":true,\"sortable\":true}},\"token\":{\"edit\":{\"label\":\"token\",\"description\":\"\",\"placeholder\":\"\",\"visible\":true,\"editable\":true,\"mainField\":\"name\"},\"list\":{\"label\":\"token\",\"searchable\":true,\"sortable\":true}},\"createdAt\":{\"edit\":{\"label\":\"createdAt\",\"description\":\"\",\"placeholder\":\"\",\"visible\":false,\"editable\":true},\"list\":{\"label\":\"createdAt\",\"searchable\":true,\"sortable\":true}},\"updatedAt\":{\"edit\":{\"label\":\"updatedAt\",\"description\":\"\",\"placeholder\":\"\",\"visible\":false,\"editable\":true},\"list\":{\"label\":\"updatedAt\",\"searchable\":true,\"sortable\":true}},\"createdBy\":{\"edit\":{\"label\":\"createdBy\",\"description\":\"\",\"placeholder\":\"\",\"visible\":false,\"editable\":true,\"mainField\":\"firstname\"},\"list\":{\"label\":\"createdBy\",\"searchable\":true,\"sortable\":true}},\"updatedBy\":{\"edit\":{\"label\":\"updatedBy\",\"description\":\"\",\"placeholder\":\"\",\"visible\":false,\"editable\":true,\"mainField\":\"firstname\"},\"list\":{\"label\":\"updatedBy\",\"searchable\":true,\"sortable\":true}}},\"layouts\":{\"list\":[\"id\",\"action\",\"token\",\"createdAt\"],\"edit\":[[{\"name\":\"action\",\"size\":6},{\"name\":\"token\",\"size\":6}]]},\"uid\":\"admin::transfer-token-permission\"}','object',NULL,NULL),
	(44,'plugin_upload_settings','{\"sizeOptimization\":true,\"responsiveDimensions\":true,\"autoOrientation\":false}','object',NULL,NULL),
	(45,'plugin_upload_view_configuration','{\"pageSize\":10,\"sort\":\"createdAt:DESC\"}','object',NULL,NULL),
	(46,'plugin_upload_metrics','{\"weeklySchedule\":\"54 35 22 * * 6\",\"lastWeeklyUpdate\":1780936429019}','object',NULL,NULL),
	(47,'plugin_i18n_default_locale','\"en\"','string',NULL,NULL),
	(48,'plugin_users-permissions_grant','{\"email\":{\"icon\":\"envelope\",\"enabled\":true},\"discord\":{\"icon\":\"discord\",\"enabled\":false,\"key\":\"\",\"secret\":\"\",\"callbackUrl\":\"api/auth/discord/callback\",\"scope\":[\"identify\",\"email\"]},\"facebook\":{\"icon\":\"facebook-square\",\"enabled\":false,\"key\":\"\",\"secret\":\"\",\"callbackUrl\":\"api/auth/facebook/callback\",\"scope\":[\"email\"]},\"google\":{\"icon\":\"google\",\"enabled\":false,\"key\":\"\",\"secret\":\"\",\"callbackUrl\":\"api/auth/google/callback\",\"scope\":[\"email\"]},\"github\":{\"icon\":\"github\",\"enabled\":false,\"key\":\"\",\"secret\":\"\",\"callbackUrl\":\"api/auth/github/callback\",\"scope\":[\"user\",\"user:email\"]},\"microsoft\":{\"icon\":\"windows\",\"enabled\":false,\"key\":\"\",\"secret\":\"\",\"callbackUrl\":\"api/auth/microsoft/callback\",\"scope\":[\"user.read\"]},\"twitter\":{\"icon\":\"twitter\",\"enabled\":false,\"key\":\"\",\"secret\":\"\",\"callbackUrl\":\"api/auth/twitter/callback\"},\"instagram\":{\"icon\":\"instagram\",\"enabled\":false,\"key\":\"\",\"secret\":\"\",\"callbackUrl\":\"api/auth/instagram/callback\",\"scope\":[\"user_profile\"]},\"vk\":{\"icon\":\"vk\",\"enabled\":false,\"key\":\"\",\"secret\":\"\",\"callbackUrl\":\"api/auth/vk/callback\",\"scope\":[\"email\"]},\"twitch\":{\"icon\":\"twitch\",\"enabled\":false,\"key\":\"\",\"secret\":\"\",\"callbackUrl\":\"api/auth/twitch/callback\",\"scope\":[\"user:read:email\"]},\"linkedin\":{\"icon\":\"linkedin\",\"enabled\":false,\"key\":\"\",\"secret\":\"\",\"callbackUrl\":\"api/auth/linkedin/callback\",\"scope\":[\"r_liteprofile\",\"r_emailaddress\"]},\"cognito\":{\"icon\":\"aws\",\"enabled\":false,\"key\":\"\",\"secret\":\"\",\"subdomain\":\"my.subdomain.com\",\"callback\":\"api/auth/cognito/callback\",\"scope\":[\"email\",\"openid\",\"profile\"]},\"reddit\":{\"icon\":\"reddit\",\"enabled\":false,\"key\":\"\",\"secret\":\"\",\"callback\":\"api/auth/reddit/callback\",\"scope\":[\"identity\"]},\"auth0\":{\"icon\":\"\",\"enabled\":false,\"key\":\"\",\"secret\":\"\",\"subdomain\":\"my-tenant.eu\",\"callback\":\"api/auth/auth0/callback\",\"scope\":[\"openid\",\"email\",\"profile\"]},\"cas\":{\"icon\":\"book\",\"enabled\":false,\"key\":\"\",\"secret\":\"\",\"callback\":\"api/auth/cas/callback\",\"scope\":[\"openid email\"],\"subdomain\":\"my.subdomain.com/cas\"},\"patreon\":{\"icon\":\"\",\"enabled\":false,\"key\":\"\",\"secret\":\"\",\"callback\":\"api/auth/patreon/callback\",\"scope\":[\"identity\",\"identity[email]\"]},\"keycloak\":{\"icon\":\"\",\"enabled\":false,\"key\":\"\",\"secret\":\"\",\"subdomain\":\"myKeycloakProvider.com/realms/myrealm\",\"callback\":\"api/auth/keycloak/callback\",\"scope\":[\"openid\",\"email\",\"profile\"]}}','object',NULL,NULL),
	(49,'plugin_users-permissions_email','{\"reset_password\":{\"display\":\"Email.template.reset_password\",\"icon\":\"sync\",\"options\":{\"from\":{\"name\":\"Administration Panel\",\"email\":\"no-reply@strapi.io\"},\"response_email\":\"\",\"object\":\"Reset password\",\"message\":\"<p>We heard that you lost your password. Sorry about that!</p>\\n\\n<p>But don’t worry! You can use the following link to reset your password:</p>\\n<p><%= URL %>?code=<%= TOKEN %></p>\\n\\n<p>Thanks.</p>\"}},\"email_confirmation\":{\"display\":\"Email.template.email_confirmation\",\"icon\":\"check-square\",\"options\":{\"from\":{\"name\":\"Administration Panel\",\"email\":\"no-reply@strapi.io\"},\"response_email\":\"\",\"object\":\"Account confirmation\",\"message\":\"<p>Thank you for registering!</p>\\n\\n<p>You have to confirm your email address. Please click on the link below.</p>\\n\\n<p><%= URL %>?confirmation=<%= CODE %></p>\\n\\n<p>Thanks.</p>\"}}}','object',NULL,NULL),
	(50,'plugin_users-permissions_advanced','{\"unique_email\":true,\"allow_register\":true,\"email_confirmation\":false,\"email_reset_password\":null,\"email_confirmation_redirection\":null,\"default_role\":\"authenticated\"}','object',NULL,NULL),
	(51,'core_admin_auth','{\"providers\":{\"autoRegister\":false,\"defaultRole\":null,\"ssoLockedRoles\":null}}','object',NULL,NULL),
	(52,'plugin_seo_settings','{\"api::page.page\":{\"collectionName\":\"page\",\"seoChecks\":{\"metaTitle\":true,\"metaDescription\":true,\"metaRobots\":true,\"openGraph\":true,\"wordCount\":true,\"canonicalUrl\":true,\"keywordDensity\":true,\"structuredData\":true,\"alternativeText\":true,\"lastUpdatedAt\":true}}}','object',NULL,NULL);

/*!40000 ALTER TABLE `strapi_core_store_settings` ENABLE KEYS */;
UNLOCK TABLES;


# Dump of table strapi_database_schema
# ------------------------------------------------------------

DROP TABLE IF EXISTS `strapi_database_schema`;

CREATE TABLE `strapi_database_schema` (
  `id` int(10) unsigned NOT NULL AUTO_INCREMENT,
  `schema` longtext CHARACTER SET utf8mb4 COLLATE utf8mb4_bin DEFAULT NULL CHECK (json_valid(`schema`)),
  `time` datetime DEFAULT NULL,
  `hash` varchar(255) DEFAULT NULL,
  PRIMARY KEY (`id`)
) ENGINE=InnoDB DEFAULT CHARSET=utf8mb4 COLLATE=utf8mb4_uca1400_ai_ci;

LOCK TABLES `strapi_database_schema` WRITE;
/*!40000 ALTER TABLE `strapi_database_schema` DISABLE KEYS */;

INSERT INTO `strapi_database_schema` (`id`, `schema`, `time`, `hash`)
VALUES
	(27,X'7B227461626C6573223A5B7B226E616D65223A2270616765735F636D7073222C22696E6465786573223A5B7B226E616D65223A2270616765735F6669656C645F696478222C22636F6C756D6E73223A5B226669656C64225D7D2C7B226E616D65223A2270616765735F636F6D706F6E656E745F747970655F696478222C22636F6C756D6E73223A5B22636F6D706F6E656E745F74797065225D7D2C7B226E616D65223A2270616765735F656E746974795F666B222C22636F6C756D6E73223A5B22656E746974795F6964225D7D2C7B226E616D65223A2270616765735F7571222C22636F6C756D6E73223A5B22656E746974795F6964222C22636D705F6964222C226669656C64222C22636F6D706F6E656E745F74797065225D2C2274797065223A22756E69717565227D5D2C22666F726569676E4B657973223A5B7B226E616D65223A2270616765735F656E746974795F666B222C22636F6C756D6E73223A5B22656E746974795F6964225D2C227265666572656E636564436F6C756D6E73223A5B226964225D2C227265666572656E6365645461626C65223A227061676573222C226F6E44656C657465223A2243415343414445227D5D2C22636F6C756D6E73223A5B7B226E616D65223A226964222C2274797065223A22696E6372656D656E7473222C2261726773223A5B7B227072696D617279223A747275652C227072696D6172794B6579223A747275657D5D2C2264656661756C74546F223A6E756C6C2C226E6F744E756C6C61626C65223A747275652C22756E7369676E6564223A66616C73657D2C7B226E616D65223A22656E746974795F6964222C2274797065223A22696E7465676572222C2261726773223A5B5D2C2264656661756C74546F223A6E756C6C2C226E6F744E756C6C61626C65223A66616C73652C22756E7369676E6564223A747275657D2C7B226E616D65223A22636D705F6964222C2274797065223A22696E7465676572222C2261726773223A5B5D2C2264656661756C74546F223A6E756C6C2C226E6F744E756C6C61626C65223A66616C73652C22756E7369676E6564223A747275657D2C7B226E616D65223A22636F6D706F6E656E745F74797065222C2274797065223A22737472696E67222C2261726773223A5B5D2C2264656661756C74546F223A6E756C6C2C226E6F744E756C6C61626C65223A66616C73652C22756E7369676E6564223A66616C73657D2C7B226E616D65223A226669656C64222C2274797065223A22737472696E67222C2261726773223A5B5D2C2264656661756C74546F223A6E756C6C2C226E6F744E756C6C61626C65223A66616C73652C22756E7369676E6564223A66616C73657D2C7B226E616D65223A226F72646572222C2274797065223A22646F75626C65222C2261726773223A5B5D2C2264656661756C74546F223A6E756C6C2C226E6F744E756C6C61626C65223A66616C73652C22756E7369676E6564223A747275657D5D7D2C7B226E616D65223A227061676573222C22696E6465786573223A5B7B226E616D65223A2270616765735F646F63756D656E74735F696478222C22636F6C756D6E73223A5B22646F63756D656E745F6964222C226C6F63616C65222C227075626C69736865645F6174225D7D2C7B226E616D65223A2270616765735F637265617465645F62795F69645F666B222C22636F6C756D6E73223A5B22637265617465645F62795F6964225D7D2C7B226E616D65223A2270616765735F757064617465645F62795F69645F666B222C22636F6C756D6E73223A5B22757064617465645F62795F6964225D7D5D2C22666F726569676E4B657973223A5B7B226E616D65223A2270616765735F637265617465645F62795F69645F666B222C22636F6C756D6E73223A5B22637265617465645F62795F6964225D2C227265666572656E6365645461626C65223A2261646D696E5F7573657273222C227265666572656E636564436F6C756D6E73223A5B226964225D2C226F6E44656C657465223A22534554204E554C4C227D2C7B226E616D65223A2270616765735F757064617465645F62795F69645F666B222C22636F6C756D6E73223A5B22757064617465645F62795F6964225D2C227265666572656E6365645461626C65223A2261646D696E5F7573657273222C227265666572656E636564436F6C756D6E73223A5B226964225D2C226F6E44656C657465223A22534554204E554C4C227D5D2C22636F6C756D6E73223A5B7B226E616D65223A226964222C2274797065223A22696E6372656D656E7473222C2261726773223A5B7B227072696D617279223A747275652C227072696D6172794B6579223A747275657D5D2C2264656661756C74546F223A6E756C6C2C226E6F744E756C6C61626C65223A747275652C22756E7369676E6564223A66616C73657D2C7B226E616D65223A22646F63756D656E745F6964222C2274797065223A22737472696E67222C2261726773223A5B5D2C2264656661756C74546F223A6E756C6C2C226E6F744E756C6C61626C65223A66616C73652C22756E7369676E6564223A66616C73657D2C7B226E616D65223A227469746C65222C2274797065223A22737472696E67222C2261726773223A5B5D2C2264656661756C74546F223A6E756C6C2C226E6F744E756C6C61626C65223A66616C73652C22756E7369676E6564223A66616C73657D2C7B226E616D65223A22736C7567222C2274797065223A22737472696E67222C2261726773223A5B5D2C2264656661756C74546F223A6E756C6C2C226E6F744E756C6C61626C65223A66616C73652C22756E7369676E6564223A66616C73657D2C7B226E616D65223A22637265617465645F6174222C2274797065223A226461746574696D65222C2261726773223A5B7B22757365547A223A66616C73652C22707265636973696F6E223A367D5D2C2264656661756C74546F223A6E756C6C2C226E6F744E756C6C61626C65223A66616C73652C22756E7369676E6564223A66616C73657D2C7B226E616D65223A22757064617465645F6174222C2274797065223A226461746574696D65222C2261726773223A5B7B22757365547A223A66616C73652C22707265636973696F6E223A367D5D2C2264656661756C74546F223A6E756C6C2C226E6F744E756C6C61626C65223A66616C73652C22756E7369676E6564223A66616C73657D2C7B226E616D65223A227075626C69736865645F6174222C2274797065223A226461746574696D65222C2261726773223A5B7B22757365547A223A66616C73652C22707265636973696F6E223A367D5D2C2264656661756C74546F223A6E756C6C2C226E6F744E756C6C61626C65223A66616C73652C22756E7369676E6564223A66616C73657D2C7B226E616D65223A22637265617465645F62795F6964222C2274797065223A22696E7465676572222C2261726773223A5B5D2C2264656661756C74546F223A6E756C6C2C226E6F744E756C6C61626C65223A66616C73652C22756E7369676E6564223A747275657D2C7B226E616D65223A22757064617465645F62795F6964222C2274797065223A22696E7465676572222C2261726773223A5B5D2C2264656661756C74546F223A6E756C6C2C226E6F744E756C6C61626C65223A66616C73652C22756E7369676E6564223A747275657D2C7B226E616D65223A226C6F63616C65222C2274797065223A22737472696E67222C2261726773223A5B5D2C2264656661756C74546F223A6E756C6C2C226E6F744E756C6C61626C65223A66616C73652C22756E7369676E6564223A66616C73657D5D7D2C7B226E616D65223A2266696C6573222C22696E6465786573223A5B7B226E616D65223A2275706C6F61645F66696C65735F666F6C6465725F706174685F696E646578222C22636F6C756D6E73223A5B22666F6C6465725F70617468225D2C2274797065223A6E756C6C7D2C7B226E616D65223A2275706C6F61645F66696C65735F637265617465645F61745F696E646578222C22636F6C756D6E73223A5B22637265617465645F6174225D2C2274797065223A6E756C6C7D2C7B226E616D65223A2275706C6F61645F66696C65735F757064617465645F61745F696E646578222C22636F6C756D6E73223A5B22757064617465645F6174225D2C2274797065223A6E756C6C7D2C7B226E616D65223A2275706C6F61645F66696C65735F6E616D655F696E646578222C22636F6C756D6E73223A5B226E616D65225D2C2274797065223A6E756C6C7D2C7B226E616D65223A2275706C6F61645F66696C65735F73697A655F696E646578222C22636F6C756D6E73223A5B2273697A65225D2C2274797065223A6E756C6C7D2C7B226E616D65223A2275706C6F61645F66696C65735F6578745F696E646578222C22636F6C756D6E73223A5B22657874225D2C2274797065223A6E756C6C7D2C7B226E616D65223A2266696C65735F646F63756D656E74735F696478222C22636F6C756D6E73223A5B22646F63756D656E745F6964222C226C6F63616C65222C227075626C69736865645F6174225D7D2C7B226E616D65223A2266696C65735F637265617465645F62795F69645F666B222C22636F6C756D6E73223A5B22637265617465645F62795F6964225D7D2C7B226E616D65223A2266696C65735F757064617465645F62795F69645F666B222C22636F6C756D6E73223A5B22757064617465645F62795F6964225D7D5D2C22666F726569676E4B657973223A5B7B226E616D65223A2266696C65735F637265617465645F62795F69645F666B222C22636F6C756D6E73223A5B22637265617465645F62795F6964225D2C227265666572656E6365645461626C65223A2261646D696E5F7573657273222C227265666572656E636564436F6C756D6E73223A5B226964225D2C226F6E44656C657465223A22534554204E554C4C227D2C7B226E616D65223A2266696C65735F757064617465645F62795F69645F666B222C22636F6C756D6E73223A5B22757064617465645F62795F6964225D2C227265666572656E6365645461626C65223A2261646D696E5F7573657273222C227265666572656E636564436F6C756D6E73223A5B226964225D2C226F6E44656C657465223A22534554204E554C4C227D5D2C22636F6C756D6E73223A5B7B226E616D65223A226964222C2274797065223A22696E6372656D656E7473222C2261726773223A5B7B227072696D617279223A747275652C227072696D6172794B6579223A747275657D5D2C2264656661756C74546F223A6E756C6C2C226E6F744E756C6C61626C65223A747275652C22756E7369676E6564223A66616C73657D2C7B226E616D65223A22646F63756D656E745F6964222C2274797065223A22737472696E67222C2261726773223A5B5D2C2264656661756C74546F223A6E756C6C2C226E6F744E756C6C61626C65223A66616C73652C22756E7369676E6564223A66616C73657D2C7B226E616D65223A226E616D65222C2274797065223A22737472696E67222C2261726773223A5B5D2C2264656661756C74546F223A6E756C6C2C226E6F744E756C6C61626C65223A66616C73652C22756E7369676E6564223A66616C73657D2C7B226E616D65223A22616C7465726E61746976655F74657874222C2274797065223A22737472696E67222C2261726773223A5B5D2C2264656661756C74546F223A6E756C6C2C226E6F744E756C6C61626C65223A66616C73652C22756E7369676E6564223A66616C73657D2C7B226E616D65223A2263617074696F6E222C2274797065223A22737472696E67222C2261726773223A5B5D2C2264656661756C74546F223A6E756C6C2C226E6F744E756C6C61626C65223A66616C73652C22756E7369676E6564223A66616C73657D2C7B226E616D65223A227769647468222C2274797065223A22696E7465676572222C2261726773223A5B5D2C2264656661756C74546F223A6E756C6C2C226E6F744E756C6C61626C65223A66616C73652C22756E7369676E6564223A66616C73657D2C7B226E616D65223A22686569676874222C2274797065223A22696E7465676572222C2261726773223A5B5D2C2264656661756C74546F223A6E756C6C2C226E6F744E756C6C61626C65223A66616C73652C22756E7369676E6564223A66616C73657D2C7B226E616D65223A22666F726D617473222C2274797065223A226A736F6E62222C2261726773223A5B5D2C2264656661756C74546F223A6E756C6C2C226E6F744E756C6C61626C65223A66616C73652C22756E7369676E6564223A66616C73657D2C7B226E616D65223A2268617368222C2274797065223A22737472696E67222C2261726773223A5B5D2C2264656661756C74546F223A6E756C6C2C226E6F744E756C6C61626C65223A66616C73652C22756E7369676E6564223A66616C73657D2C7B226E616D65223A22657874222C2274797065223A22737472696E67222C2261726773223A5B5D2C2264656661756C74546F223A6E756C6C2C226E6F744E756C6C61626C65223A66616C73652C22756E7369676E6564223A66616C73657D2C7B226E616D65223A226D696D65222C2274797065223A22737472696E67222C2261726773223A5B5D2C2264656661756C74546F223A6E756C6C2C226E6F744E756C6C61626C65223A66616C73652C22756E7369676E6564223A66616C73657D2C7B226E616D65223A2273697A65222C2274797065223A22646563696D616C222C2261726773223A5B31302C325D2C2264656661756C74546F223A6E756C6C2C226E6F744E756C6C61626C65223A66616C73652C22756E7369676E6564223A66616C73657D2C7B226E616D65223A2275726C222C2274797065223A22737472696E67222C2261726773223A5B5D2C2264656661756C74546F223A6E756C6C2C226E6F744E756C6C61626C65223A66616C73652C22756E7369676E6564223A66616C73657D2C7B226E616D65223A22707265766965775F75726C222C2274797065223A22737472696E67222C2261726773223A5B5D2C2264656661756C74546F223A6E756C6C2C226E6F744E756C6C61626C65223A66616C73652C22756E7369676E6564223A66616C73657D2C7B226E616D65223A2270726F7669646572222C2274797065223A22737472696E67222C2261726773223A5B5D2C2264656661756C74546F223A6E756C6C2C226E6F744E756C6C61626C65223A66616C73652C22756E7369676E6564223A66616C73657D2C7B226E616D65223A2270726F76696465725F6D65746164617461222C2274797065223A226A736F6E62222C2261726773223A5B5D2C2264656661756C74546F223A6E756C6C2C226E6F744E756C6C61626C65223A66616C73652C22756E7369676E6564223A66616C73657D2C7B226E616D65223A22666F6C6465725F70617468222C2274797065223A22737472696E67222C2261726773223A5B5D2C2264656661756C74546F223A6E756C6C2C226E6F744E756C6C61626C65223A66616C73652C22756E7369676E6564223A66616C73657D2C7B226E616D65223A22637265617465645F6174222C2274797065223A226461746574696D65222C2261726773223A5B7B22757365547A223A66616C73652C22707265636973696F6E223A367D5D2C2264656661756C74546F223A6E756C6C2C226E6F744E756C6C61626C65223A66616C73652C22756E7369676E6564223A66616C73657D2C7B226E616D65223A22757064617465645F6174222C2274797065223A226461746574696D65222C2261726773223A5B7B22757365547A223A66616C73652C22707265636973696F6E223A367D5D2C2264656661756C74546F223A6E756C6C2C226E6F744E756C6C61626C65223A66616C73652C22756E7369676E6564223A66616C73657D2C7B226E616D65223A227075626C69736865645F6174222C2274797065223A226461746574696D65222C2261726773223A5B7B22757365547A223A66616C73652C22707265636973696F6E223A367D5D2C2264656661756C74546F223A6E756C6C2C226E6F744E756C6C61626C65223A66616C73652C22756E7369676E6564223A66616C73657D2C7B226E616D65223A22637265617465645F62795F6964222C2274797065223A22696E7465676572222C2261726773223A5B5D2C2264656661756C74546F223A6E756C6C2C226E6F744E756C6C61626C65223A66616C73652C22756E7369676E6564223A747275657D2C7B226E616D65223A22757064617465645F62795F6964222C2274797065223A22696E7465676572222C2261726773223A5B5D2C2264656661756C74546F223A6E756C6C2C226E6F744E756C6C61626C65223A66616C73652C22756E7369676E6564223A747275657D2C7B226E616D65223A226C6F63616C65222C2274797065223A22737472696E67222C2261726773223A5B5D2C2264656661756C74546F223A6E756C6C2C226E6F744E756C6C61626C65223A66616C73652C22756E7369676E6564223A66616C73657D5D7D2C7B226E616D65223A2275706C6F61645F666F6C64657273222C22696E6465786573223A5B7B226E616D65223A2275706C6F61645F666F6C646572735F706174685F69645F696E646578222C22636F6C756D6E73223A5B22706174685F6964225D2C2274797065223A22756E69717565227D2C7B226E616D65223A2275706C6F61645F666F6C646572735F706174685F696E646578222C22636F6C756D6E73223A5B2270617468225D2C2274797065223A22756E69717565227D2C7B226E616D65223A2275706C6F61645F666F6C646572735F646F63756D656E74735F696478222C22636F6C756D6E73223A5B22646F63756D656E745F6964222C226C6F63616C65222C227075626C69736865645F6174225D7D2C7B226E616D65223A2275706C6F61645F666F6C646572735F637265617465645F62795F69645F666B222C22636F6C756D6E73223A5B22637265617465645F62795F6964225D7D2C7B226E616D65223A2275706C6F61645F666F6C646572735F757064617465645F62795F69645F666B222C22636F6C756D6E73223A5B22757064617465645F62795F6964225D7D5D2C22666F726569676E4B657973223A5B7B226E616D65223A2275706C6F61645F666F6C646572735F637265617465645F62795F69645F666B222C22636F6C756D6E73223A5B22637265617465645F62795F6964225D2C227265666572656E6365645461626C65223A2261646D696E5F7573657273222C227265666572656E636564436F6C756D6E73223A5B226964225D2C226F6E44656C657465223A22534554204E554C4C227D2C7B226E616D65223A2275706C6F61645F666F6C646572735F757064617465645F62795F69645F666B222C22636F6C756D6E73223A5B22757064617465645F62795F6964225D2C227265666572656E6365645461626C65223A2261646D696E5F7573657273222C227265666572656E636564436F6C756D6E73223A5B226964225D2C226F6E44656C657465223A22534554204E554C4C227D5D2C22636F6C756D6E73223A5B7B226E616D65223A226964222C2274797065223A22696E6372656D656E7473222C2261726773223A5B7B227072696D617279223A747275652C227072696D6172794B6579223A747275657D5D2C2264656661756C74546F223A6E756C6C2C226E6F744E756C6C61626C65223A747275652C22756E7369676E6564223A66616C73657D2C7B226E616D65223A22646F63756D656E745F6964222C2274797065223A22737472696E67222C2261726773223A5B5D2C2264656661756C74546F223A6E756C6C2C226E6F744E756C6C61626C65223A66616C73652C22756E7369676E6564223A66616C73657D2C7B226E616D65223A226E616D65222C2274797065223A22737472696E67222C2261726773223A5B5D2C2264656661756C74546F223A6E756C6C2C226E6F744E756C6C61626C65223A66616C73652C22756E7369676E6564223A66616C73657D2C7B226E616D65223A22706174685F6964222C2274797065223A22696E7465676572222C2261726773223A5B5D2C2264656661756C74546F223A6E756C6C2C226E6F744E756C6C61626C65223A66616C73652C22756E7369676E6564223A66616C73657D2C7B226E616D65223A2270617468222C2274797065223A22737472696E67222C2261726773223A5B5D2C2264656661756C74546F223A6E756C6C2C226E6F744E756C6C61626C65223A66616C73652C22756E7369676E6564223A66616C73657D2C7B226E616D65223A22637265617465645F6174222C2274797065223A226461746574696D65222C2261726773223A5B7B22757365547A223A66616C73652C22707265636973696F6E223A367D5D2C2264656661756C74546F223A6E756C6C2C226E6F744E756C6C61626C65223A66616C73652C22756E7369676E6564223A66616C73657D2C7B226E616D65223A22757064617465645F6174222C2274797065223A226461746574696D65222C2261726773223A5B7B22757365547A223A66616C73652C22707265636973696F6E223A367D5D2C2264656661756C74546F223A6E756C6C2C226E6F744E756C6C61626C65223A66616C73652C22756E7369676E6564223A66616C73657D2C7B226E616D65223A227075626C69736865645F6174222C2274797065223A226461746574696D65222C2261726773223A5B7B22757365547A223A66616C73652C22707265636973696F6E223A367D5D2C2264656661756C74546F223A6E756C6C2C226E6F744E756C6C61626C65223A66616C73652C22756E7369676E6564223A66616C73657D2C7B226E616D65223A22637265617465645F62795F6964222C2274797065223A22696E7465676572222C2261726773223A5B5D2C2264656661756C74546F223A6E756C6C2C226E6F744E756C6C61626C65223A66616C73652C22756E7369676E6564223A747275657D2C7B226E616D65223A22757064617465645F62795F6964222C2274797065223A22696E7465676572222C2261726773223A5B5D2C2264656661756C74546F223A6E756C6C2C226E6F744E756C6C61626C65223A66616C73652C22756E7369676E6564223A747275657D2C7B226E616D65223A226C6F63616C65222C2274797065223A22737472696E67222C2261726773223A5B5D2C2264656661756C74546F223A6E756C6C2C226E6F744E756C6C61626C65223A66616C73652C22756E7369676E6564223A66616C73657D5D7D2C7B226E616D65223A226931386E5F6C6F63616C65222C22696E6465786573223A5B7B226E616D65223A226931386E5F6C6F63616C655F646F63756D656E74735F696478222C22636F6C756D6E73223A5B22646F63756D656E745F6964222C226C6F63616C65222C227075626C69736865645F6174225D7D2C7B226E616D65223A226931386E5F6C6F63616C655F637265617465645F62795F69645F666B222C22636F6C756D6E73223A5B22637265617465645F62795F6964225D7D2C7B226E616D65223A226931386E5F6C6F63616C655F757064617465645F62795F69645F666B222C22636F6C756D6E73223A5B22757064617465645F62795F6964225D7D5D2C22666F726569676E4B657973223A5B7B226E616D65223A226931386E5F6C6F63616C655F637265617465645F62795F69645F666B222C22636F6C756D6E73223A5B22637265617465645F62795F6964225D2C227265666572656E6365645461626C65223A2261646D696E5F7573657273222C227265666572656E636564436F6C756D6E73223A5B226964225D2C226F6E44656C657465223A22534554204E554C4C227D2C7B226E616D65223A226931386E5F6C6F63616C655F757064617465645F62795F69645F666B222C22636F6C756D6E73223A5B22757064617465645F62795F6964225D2C227265666572656E6365645461626C65223A2261646D696E5F7573657273222C227265666572656E636564436F6C756D6E73223A5B226964225D2C226F6E44656C657465223A22534554204E554C4C227D5D2C22636F6C756D6E73223A5B7B226E616D65223A226964222C2274797065223A22696E6372656D656E7473222C2261726773223A5B7B227072696D617279223A747275652C227072696D6172794B6579223A747275657D5D2C2264656661756C74546F223A6E756C6C2C226E6F744E756C6C61626C65223A747275652C22756E7369676E6564223A66616C73657D2C7B226E616D65223A22646F63756D656E745F6964222C2274797065223A22737472696E67222C2261726773223A5B5D2C2264656661756C74546F223A6E756C6C2C226E6F744E756C6C61626C65223A66616C73652C22756E7369676E6564223A66616C73657D2C7B226E616D65223A226E616D65222C2274797065223A22737472696E67222C2261726773223A5B5D2C2264656661756C74546F223A6E756C6C2C226E6F744E756C6C61626C65223A66616C73652C22756E7369676E6564223A66616C73657D2C7B226E616D65223A22636F6465222C2274797065223A22737472696E67222C2261726773223A5B5D2C2264656661756C74546F223A6E756C6C2C226E6F744E756C6C61626C65223A66616C73652C22756E7369676E6564223A66616C73657D2C7B226E616D65223A22637265617465645F6174222C2274797065223A226461746574696D65222C2261726773223A5B7B22757365547A223A66616C73652C22707265636973696F6E223A367D5D2C2264656661756C74546F223A6E756C6C2C226E6F744E756C6C61626C65223A66616C73652C22756E7369676E6564223A66616C73657D2C7B226E616D65223A22757064617465645F6174222C2274797065223A226461746574696D65222C2261726773223A5B7B22757365547A223A66616C73652C22707265636973696F6E223A367D5D2C2264656661756C74546F223A6E756C6C2C226E6F744E756C6C61626C65223A66616C73652C22756E7369676E6564223A66616C73657D2C7B226E616D65223A227075626C69736865645F6174222C2274797065223A226461746574696D65222C2261726773223A5B7B22757365547A223A66616C73652C22707265636973696F6E223A367D5D2C2264656661756C74546F223A6E756C6C2C226E6F744E756C6C61626C65223A66616C73652C22756E7369676E6564223A66616C73657D2C7B226E616D65223A22637265617465645F62795F6964222C2274797065223A22696E7465676572222C2261726773223A5B5D2C2264656661756C74546F223A6E756C6C2C226E6F744E756C6C61626C65223A66616C73652C22756E7369676E6564223A747275657D2C7B226E616D65223A22757064617465645F62795F6964222C2274797065223A22696E7465676572222C2261726773223A5B5D2C2264656661756C74546F223A6E756C6C2C226E6F744E756C6C61626C65223A66616C73652C22756E7369676E6564223A747275657D2C7B226E616D65223A226C6F63616C65222C2274797065223A22737472696E67222C2261726773223A5B5D2C2264656661756C74546F223A6E756C6C2C226E6F744E756C6C61626C65223A66616C73652C22756E7369676E6564223A66616C73657D5D7D2C7B226E616D65223A227374726170695F72656C6561736573222C22696E6465786573223A5B7B226E616D65223A227374726170695F72656C65617365735F646F63756D656E74735F696478222C22636F6C756D6E73223A5B22646F63756D656E745F6964222C226C6F63616C65222C227075626C69736865645F6174225D7D2C7B226E616D65223A227374726170695F72656C65617365735F637265617465645F62795F69645F666B222C22636F6C756D6E73223A5B22637265617465645F62795F6964225D7D2C7B226E616D65223A227374726170695F72656C65617365735F757064617465645F62795F69645F666B222C22636F6C756D6E73223A5B22757064617465645F62795F6964225D7D5D2C22666F726569676E4B657973223A5B7B226E616D65223A227374726170695F72656C65617365735F637265617465645F62795F69645F666B222C22636F6C756D6E73223A5B22637265617465645F62795F6964225D2C227265666572656E6365645461626C65223A2261646D696E5F7573657273222C227265666572656E636564436F6C756D6E73223A5B226964225D2C226F6E44656C657465223A22534554204E554C4C227D2C7B226E616D65223A227374726170695F72656C65617365735F757064617465645F62795F69645F666B222C22636F6C756D6E73223A5B22757064617465645F62795F6964225D2C227265666572656E6365645461626C65223A2261646D696E5F7573657273222C227265666572656E636564436F6C756D6E73223A5B226964225D2C226F6E44656C657465223A22534554204E554C4C227D5D2C22636F6C756D6E73223A5B7B226E616D65223A226964222C2274797065223A22696E6372656D656E7473222C2261726773223A5B7B227072696D617279223A747275652C227072696D6172794B6579223A747275657D5D2C2264656661756C74546F223A6E756C6C2C226E6F744E756C6C61626C65223A747275652C22756E7369676E6564223A66616C73657D2C7B226E616D65223A22646F63756D656E745F6964222C2274797065223A22737472696E67222C2261726773223A5B5D2C2264656661756C74546F223A6E756C6C2C226E6F744E756C6C61626C65223A66616C73652C22756E7369676E6564223A66616C73657D2C7B226E616D65223A226E616D65222C2274797065223A22737472696E67222C2261726773223A5B5D2C2264656661756C74546F223A6E756C6C2C226E6F744E756C6C61626C65223A66616C73652C22756E7369676E6564223A66616C73657D2C7B226E616D65223A2272656C65617365645F6174222C2274797065223A226461746574696D65222C2261726773223A5B7B22757365547A223A66616C73652C22707265636973696F6E223A367D5D2C2264656661756C74546F223A6E756C6C2C226E6F744E756C6C61626C65223A66616C73652C22756E7369676E6564223A66616C73657D2C7B226E616D65223A227363686564756C65645F6174222C2274797065223A226461746574696D65222C2261726773223A5B7B22757365547A223A66616C73652C22707265636973696F6E223A367D5D2C2264656661756C74546F223A6E756C6C2C226E6F744E756C6C61626C65223A66616C73652C22756E7369676E6564223A66616C73657D2C7B226E616D65223A2274696D657A6F6E65222C2274797065223A22737472696E67222C2261726773223A5B5D2C2264656661756C74546F223A6E756C6C2C226E6F744E756C6C61626C65223A66616C73652C22756E7369676E6564223A66616C73657D2C7B226E616D65223A22737461747573222C2274797065223A22737472696E67222C2261726773223A5B5D2C2264656661756C74546F223A6E756C6C2C226E6F744E756C6C61626C65223A66616C73652C22756E7369676E6564223A66616C73657D2C7B226E616D65223A22637265617465645F6174222C2274797065223A226461746574696D65222C2261726773223A5B7B22757365547A223A66616C73652C22707265636973696F6E223A367D5D2C2264656661756C74546F223A6E756C6C2C226E6F744E756C6C61626C65223A66616C73652C22756E7369676E6564223A66616C73657D2C7B226E616D65223A22757064617465645F6174222C2274797065223A226461746574696D65222C2261726773223A5B7B22757365547A223A66616C73652C22707265636973696F6E223A367D5D2C2264656661756C74546F223A6E756C6C2C226E6F744E756C6C61626C65223A66616C73652C22756E7369676E6564223A66616C73657D2C7B226E616D65223A227075626C69736865645F6174222C2274797065223A226461746574696D65222C2261726773223A5B7B22757365547A223A66616C73652C22707265636973696F6E223A367D5D2C2264656661756C74546F223A6E756C6C2C226E6F744E756C6C61626C65223A66616C73652C22756E7369676E6564223A66616C73657D2C7B226E616D65223A22637265617465645F62795F6964222C2274797065223A22696E7465676572222C2261726773223A5B5D2C2264656661756C74546F223A6E756C6C2C226E6F744E756C6C61626C65223A66616C73652C22756E7369676E6564223A747275657D2C7B226E616D65223A22757064617465645F62795F6964222C2274797065223A22696E7465676572222C2261726773223A5B5D2C2264656661756C74546F223A6E756C6C2C226E6F744E756C6C61626C65223A66616C73652C22756E7369676E6564223A747275657D2C7B226E616D65223A226C6F63616C65222C2274797065223A22737472696E67222C2261726773223A5B5D2C2264656661756C74546F223A6E756C6C2C226E6F744E756C6C61626C65223A66616C73652C22756E7369676E6564223A66616C73657D5D7D2C7B226E616D65223A227374726170695F72656C656173655F616374696F6E73222C22696E6465786573223A5B7B226E616D65223A227374726170695F72656C656173655F616374696F6E735F646F63756D656E74735F696478222C22636F6C756D6E73223A5B22646F63756D656E745F6964222C226C6F63616C65222C227075626C69736865645F6174225D7D2C7B226E616D65223A227374726170695F72656C656173655F616374696F6E735F637265617465645F62795F69645F666B222C22636F6C756D6E73223A5B22637265617465645F62795F6964225D7D2C7B226E616D65223A227374726170695F72656C656173655F616374696F6E735F757064617465645F62795F69645F666B222C22636F6C756D6E73223A5B22757064617465645F62795F6964225D7D5D2C22666F726569676E4B657973223A5B7B226E616D65223A227374726170695F72656C656173655F616374696F6E735F637265617465645F62795F69645F666B222C22636F6C756D6E73223A5B22637265617465645F62795F6964225D2C227265666572656E6365645461626C65223A2261646D696E5F7573657273222C227265666572656E636564436F6C756D6E73223A5B226964225D2C226F6E44656C657465223A22534554204E554C4C227D2C7B226E616D65223A227374726170695F72656C656173655F616374696F6E735F757064617465645F62795F69645F666B222C22636F6C756D6E73223A5B22757064617465645F62795F6964225D2C227265666572656E6365645461626C65223A2261646D696E5F7573657273222C227265666572656E636564436F6C756D6E73223A5B226964225D2C226F6E44656C657465223A22534554204E554C4C227D5D2C22636F6C756D6E73223A5B7B226E616D65223A226964222C2274797065223A22696E6372656D656E7473222C2261726773223A5B7B227072696D617279223A747275652C227072696D6172794B6579223A747275657D5D2C2264656661756C74546F223A6E756C6C2C226E6F744E756C6C61626C65223A747275652C22756E7369676E6564223A66616C73657D2C7B226E616D65223A22646F63756D656E745F6964222C2274797065223A22737472696E67222C2261726773223A5B5D2C2264656661756C74546F223A6E756C6C2C226E6F744E756C6C61626C65223A66616C73652C22756E7369676E6564223A66616C73657D2C7B226E616D65223A2274797065222C2274797065223A22737472696E67222C2261726773223A5B5D2C2264656661756C74546F223A6E756C6C2C226E6F744E756C6C61626C65223A66616C73652C22756E7369676E6564223A66616C73657D2C7B226E616D65223A22636F6E74656E745F74797065222C2274797065223A22737472696E67222C2261726773223A5B5D2C2264656661756C74546F223A6E756C6C2C226E6F744E756C6C61626C65223A66616C73652C22756E7369676E6564223A66616C73657D2C7B226E616D65223A22656E7472795F646F63756D656E745F6964222C2274797065223A22737472696E67222C2261726773223A5B5D2C2264656661756C74546F223A6E756C6C2C226E6F744E756C6C61626C65223A66616C73652C22756E7369676E6564223A66616C73657D2C7B226E616D65223A226C6F63616C65222C2274797065223A22737472696E67222C2261726773223A5B5D2C2264656661756C74546F223A6E756C6C2C226E6F744E756C6C61626C65223A66616C73652C22756E7369676E6564223A66616C73657D2C7B226E616D65223A2269735F656E7472795F76616C6964222C2274797065223A22626F6F6C65616E222C2261726773223A5B5D2C2264656661756C74546F223A6E756C6C2C226E6F744E756C6C61626C65223A66616C73652C22756E7369676E6564223A66616C73657D2C7B226E616D65223A22637265617465645F6174222C2274797065223A226461746574696D65222C2261726773223A5B7B22757365547A223A66616C73652C22707265636973696F6E223A367D5D2C2264656661756C74546F223A6E756C6C2C226E6F744E756C6C61626C65223A66616C73652C22756E7369676E6564223A66616C73657D2C7B226E616D65223A22757064617465645F6174222C2274797065223A226461746574696D65222C2261726773223A5B7B22757365547A223A66616C73652C22707265636973696F6E223A367D5D2C2264656661756C74546F223A6E756C6C2C226E6F744E756C6C61626C65223A66616C73652C22756E7369676E6564223A66616C73657D2C7B226E616D65223A227075626C69736865645F6174222C2274797065223A226461746574696D65222C2261726773223A5B7B22757365547A223A66616C73652C22707265636973696F6E223A367D5D2C2264656661756C74546F223A6E756C6C2C226E6F744E756C6C61626C65223A66616C73652C22756E7369676E6564223A66616C73657D2C7B226E616D65223A22637265617465645F62795F6964222C2274797065223A22696E7465676572222C2261726773223A5B5D2C2264656661756C74546F223A6E756C6C2C226E6F744E756C6C61626C65223A66616C73652C22756E7369676E6564223A747275657D2C7B226E616D65223A22757064617465645F62795F6964222C2274797065223A22696E7465676572222C2261726773223A5B5D2C2264656661756C74546F223A6E756C6C2C226E6F744E756C6C61626C65223A66616C73652C22756E7369676E6564223A747275657D5D7D2C7B226E616D65223A227374726170695F776F726B666C6F7773222C22696E6465786573223A5B7B226E616D65223A227374726170695F776F726B666C6F77735F646F63756D656E74735F696478222C22636F6C756D6E73223A5B22646F63756D656E745F6964222C226C6F63616C65222C227075626C69736865645F6174225D7D2C7B226E616D65223A227374726170695F776F726B666C6F77735F637265617465645F62795F69645F666B222C22636F6C756D6E73223A5B22637265617465645F62795F6964225D7D2C7B226E616D65223A227374726170695F776F726B666C6F77735F757064617465645F62795F69645F666B222C22636F6C756D6E73223A5B22757064617465645F62795F6964225D7D5D2C22666F726569676E4B657973223A5B7B226E616D65223A227374726170695F776F726B666C6F77735F637265617465645F62795F69645F666B222C22636F6C756D6E73223A5B22637265617465645F62795F6964225D2C227265666572656E6365645461626C65223A2261646D696E5F7573657273222C227265666572656E636564436F6C756D6E73223A5B226964225D2C226F6E44656C657465223A22534554204E554C4C227D2C7B226E616D65223A227374726170695F776F726B666C6F77735F757064617465645F62795F69645F666B222C22636F6C756D6E73223A5B22757064617465645F62795F6964225D2C227265666572656E6365645461626C65223A2261646D696E5F7573657273222C227265666572656E636564436F6C756D6E73223A5B226964225D2C226F6E44656C657465223A22534554204E554C4C227D5D2C22636F6C756D6E73223A5B7B226E616D65223A226964222C2274797065223A22696E6372656D656E7473222C2261726773223A5B7B227072696D617279223A747275652C227072696D6172794B6579223A747275657D5D2C2264656661756C74546F223A6E756C6C2C226E6F744E756C6C61626C65223A747275652C22756E7369676E6564223A66616C73657D2C7B226E616D65223A22646F63756D656E745F6964222C2274797065223A22737472696E67222C2261726773223A5B5D2C2264656661756C74546F223A6E756C6C2C226E6F744E756C6C61626C65223A66616C73652C22756E7369676E6564223A66616C73657D2C7B226E616D65223A226E616D65222C2274797065223A22737472696E67222C2261726773223A5B5D2C2264656661756C74546F223A6E756C6C2C226E6F744E756C6C61626C65223A66616C73652C22756E7369676E6564223A66616C73657D2C7B226E616D65223A22636F6E74656E745F7479706573222C2274797065223A226A736F6E62222C2261726773223A5B5D2C2264656661756C74546F223A6E756C6C2C226E6F744E756C6C61626C65223A66616C73652C22756E7369676E6564223A66616C73657D2C7B226E616D65223A22637265617465645F6174222C2274797065223A226461746574696D65222C2261726773223A5B7B22757365547A223A66616C73652C22707265636973696F6E223A367D5D2C2264656661756C74546F223A6E756C6C2C226E6F744E756C6C61626C65223A66616C73652C22756E7369676E6564223A66616C73657D2C7B226E616D65223A22757064617465645F6174222C2274797065223A226461746574696D65222C2261726773223A5B7B22757365547A223A66616C73652C22707265636973696F6E223A367D5D2C2264656661756C74546F223A6E756C6C2C226E6F744E756C6C61626C65223A66616C73652C22756E7369676E6564223A66616C73657D2C7B226E616D65223A227075626C69736865645F6174222C2274797065223A226461746574696D65222C2261726773223A5B7B22757365547A223A66616C73652C22707265636973696F6E223A367D5D2C2264656661756C74546F223A6E756C6C2C226E6F744E756C6C61626C65223A66616C73652C22756E7369676E6564223A66616C73657D2C7B226E616D65223A22637265617465645F62795F6964222C2274797065223A22696E7465676572222C2261726773223A5B5D2C2264656661756C74546F223A6E756C6C2C226E6F744E756C6C61626C65223A66616C73652C22756E7369676E6564223A747275657D2C7B226E616D65223A22757064617465645F62795F6964222C2274797065223A22696E7465676572222C2261726773223A5B5D2C2264656661756C74546F223A6E756C6C2C226E6F744E756C6C61626C65223A66616C73652C22756E7369676E6564223A747275657D2C7B226E616D65223A226C6F63616C65222C2274797065223A22737472696E67222C2261726773223A5B5D2C2264656661756C74546F223A6E756C6C2C226E6F744E756C6C61626C65223A66616C73652C22756E7369676E6564223A66616C73657D5D7D2C7B226E616D65223A227374726170695F776F726B666C6F77735F737461676573222C22696E6465786573223A5B7B226E616D65223A227374726170695F776F726B666C6F77735F7374616765735F646F63756D656E74735F696478222C22636F6C756D6E73223A5B22646F63756D656E745F6964222C226C6F63616C65222C227075626C69736865645F6174225D7D2C7B226E616D65223A227374726170695F776F726B666C6F77735F7374616765735F637265617465645F62795F69645F666B222C22636F6C756D6E73223A5B22637265617465645F62795F6964225D7D2C7B226E616D65223A227374726170695F776F726B666C6F77735F7374616765735F757064617465645F62795F69645F666B222C22636F6C756D6E73223A5B22757064617465645F62795F6964225D7D5D2C22666F726569676E4B657973223A5B7B226E616D65223A227374726170695F776F726B666C6F77735F7374616765735F637265617465645F62795F69645F666B222C22636F6C756D6E73223A5B22637265617465645F62795F6964225D2C227265666572656E6365645461626C65223A2261646D696E5F7573657273222C227265666572656E636564436F6C756D6E73223A5B226964225D2C226F6E44656C657465223A22534554204E554C4C227D2C7B226E616D65223A227374726170695F776F726B666C6F77735F7374616765735F757064617465645F62795F69645F666B222C22636F6C756D6E73223A5B22757064617465645F62795F6964225D2C227265666572656E6365645461626C65223A2261646D696E5F7573657273222C227265666572656E636564436F6C756D6E73223A5B226964225D2C226F6E44656C657465223A22534554204E554C4C227D5D2C22636F6C756D6E73223A5B7B226E616D65223A226964222C2274797065223A22696E6372656D656E7473222C2261726773223A5B7B227072696D617279223A747275652C227072696D6172794B6579223A747275657D5D2C2264656661756C74546F223A6E756C6C2C226E6F744E756C6C61626C65223A747275652C22756E7369676E6564223A66616C73657D2C7B226E616D65223A22646F63756D656E745F6964222C2274797065223A22737472696E67222C2261726773223A5B5D2C2264656661756C74546F223A6E756C6C2C226E6F744E756C6C61626C65223A66616C73652C22756E7369676E6564223A66616C73657D2C7B226E616D65223A226E616D65222C2274797065223A22737472696E67222C2261726773223A5B5D2C2264656661756C74546F223A6E756C6C2C226E6F744E756C6C61626C65223A66616C73652C22756E7369676E6564223A66616C73657D2C7B226E616D65223A22636F6C6F72222C2274797065223A22737472696E67222C2261726773223A5B5D2C2264656661756C74546F223A6E756C6C2C226E6F744E756C6C61626C65223A66616C73652C22756E7369676E6564223A66616C73657D2C7B226E616D65223A22637265617465645F6174222C2274797065223A226461746574696D65222C2261726773223A5B7B22757365547A223A66616C73652C22707265636973696F6E223A367D5D2C2264656661756C74546F223A6E756C6C2C226E6F744E756C6C61626C65223A66616C73652C22756E7369676E6564223A66616C73657D2C7B226E616D65223A22757064617465645F6174222C2274797065223A226461746574696D65222C2261726773223A5B7B22757365547A223A66616C73652C22707265636973696F6E223A367D5D2C2264656661756C74546F223A6E756C6C2C226E6F744E756C6C61626C65223A66616C73652C22756E7369676E6564223A66616C73657D2C7B226E616D65223A227075626C69736865645F6174222C2274797065223A226461746574696D65222C2261726773223A5B7B22757365547A223A66616C73652C22707265636973696F6E223A367D5D2C2264656661756C74546F223A6E756C6C2C226E6F744E756C6C61626C65223A66616C73652C22756E7369676E6564223A66616C73657D2C7B226E616D65223A22637265617465645F62795F6964222C2274797065223A22696E7465676572222C2261726773223A5B5D2C2264656661756C74546F223A6E756C6C2C226E6F744E756C6C61626C65223A66616C73652C22756E7369676E6564223A747275657D2C7B226E616D65223A22757064617465645F62795F6964222C2274797065223A22696E7465676572222C2261726773223A5B5D2C2264656661756C74546F223A6E756C6C2C226E6F744E756C6C61626C65223A66616C73652C22756E7369676E6564223A747275657D2C7B226E616D65223A226C6F63616C65222C2274797065223A22737472696E67222C2261726773223A5B5D2C2264656661756C74546F223A6E756C6C2C226E6F744E756C6C61626C65223A66616C73652C22756E7369676E6564223A66616C73657D5D7D2C7B226E616D65223A226C74625F73745F6170705F73657474696E67222C22696E6465786573223A5B7B226E616D65223A22756E697175655F6D6F64756C655F70726F7065727479222C22636F6C756D6E73223A5B226D6F64756C65222C2270726F7065727479225D2C2274797065223A22756E69717565227D2C7B226E616D65223A226C74625F73745F6170705F73657474696E675F646F63756D656E74735F696478222C22636F6C756D6E73223A5B22646F63756D656E745F6964222C226C6F63616C65222C227075626C69736865645F6174225D7D2C7B226E616D65223A226C74625F73745F6170705F73657474696E675F637265617465645F62795F69645F666B222C22636F6C756D6E73223A5B22637265617465645F62795F6964225D7D2C7B226E616D65223A226C74625F73745F6170705F73657474696E675F757064617465645F62795F69645F666B222C22636F6C756D6E73223A5B22757064617465645F62795F6964225D7D5D2C22666F726569676E4B657973223A5B7B226E616D65223A226C74625F73745F6170705F73657474696E675F637265617465645F62795F69645F666B222C22636F6C756D6E73223A5B22637265617465645F62795F6964225D2C227265666572656E6365645461626C65223A2261646D696E5F7573657273222C227265666572656E636564436F6C756D6E73223A5B226964225D2C226F6E44656C657465223A22534554204E554C4C227D2C7B226E616D65223A226C74625F73745F6170705F73657474696E675F757064617465645F62795F69645F666B222C22636F6C756D6E73223A5B22757064617465645F62795F6964225D2C227265666572656E6365645461626C65223A2261646D696E5F7573657273222C227265666572656E636564436F6C756D6E73223A5B226964225D2C226F6E44656C657465223A22534554204E554C4C227D5D2C22636F6C756D6E73223A5B7B226E616D65223A226964222C2274797065223A22696E6372656D656E7473222C2261726773223A5B7B227072696D617279223A747275652C227072696D6172794B6579223A747275657D5D2C2264656661756C74546F223A6E756C6C2C226E6F744E756C6C61626C65223A747275652C22756E7369676E6564223A66616C73657D2C7B226E616D65223A22646F63756D656E745F6964222C2274797065223A22737472696E67222C2261726773223A5B5D2C2264656661756C74546F223A6E756C6C2C226E6F744E756C6C61626C65223A66616C73652C22756E7369676E6564223A66616C73657D2C7B226E616D65223A226D6F64756C65222C2274797065223A22737472696E67222C2261726773223A5B5D2C2264656661756C74546F223A6E756C6C2C226E6F744E756C6C61626C65223A66616C73652C22756E7369676E6564223A66616C73657D2C7B226E616D65223A2270726F7065727479222C2274797065223A22737472696E67222C2261726773223A5B5D2C2264656661756C74546F223A6E756C6C2C226E6F744E756C6C61626C65223A66616C73652C22756E7369676E6564223A66616C73657D2C7B226E616D65223A2274797065222C2274797065223A22737472696E67222C2261726773223A5B5D2C2264656661756C74546F223A6E756C6C2C226E6F744E756C6C61626C65223A66616C73652C22756E7369676E6564223A66616C73657D2C7B226E616D65223A2276616C7565222C2274797065223A22737472696E67222C2261726773223A5B5D2C2264656661756C74546F223A6E756C6C2C226E6F744E756C6C61626C65223A66616C73652C22756E7369676E6564223A66616C73657D2C7B226E616D65223A22637265617465645F6174222C2274797065223A226461746574696D65222C2261726773223A5B7B22757365547A223A66616C73652C22707265636973696F6E223A367D5D2C2264656661756C74546F223A6E756C6C2C226E6F744E756C6C61626C65223A66616C73652C22756E7369676E6564223A66616C73657D2C7B226E616D65223A22757064617465645F6174222C2274797065223A226461746574696D65222C2261726773223A5B7B22757365547A223A66616C73652C22707265636973696F6E223A367D5D2C2264656661756C74546F223A6E756C6C2C226E6F744E756C6C61626C65223A66616C73652C22756E7369676E6564223A66616C73657D2C7B226E616D65223A227075626C69736865645F6174222C2274797065223A226461746574696D65222C2261726773223A5B7B22757365547A223A66616C73652C22707265636973696F6E223A367D5D2C2264656661756C74546F223A6E756C6C2C226E6F744E756C6C61626C65223A66616C73652C22756E7369676E6564223A66616C73657D2C7B226E616D65223A22637265617465645F62795F6964222C2274797065223A22696E7465676572222C2261726773223A5B5D2C2264656661756C74546F223A6E756C6C2C226E6F744E756C6C61626C65223A66616C73652C22756E7369676E6564223A747275657D2C7B226E616D65223A22757064617465645F62795F6964222C2274797065223A22696E7465676572222C2261726773223A5B5D2C2264656661756C74546F223A6E756C6C2C226E6F744E756C6C61626C65223A66616C73652C22756E7369676E6564223A747275657D2C7B226E616D65223A226C6F63616C65222C2274797065223A22737472696E67222C2261726773223A5B5D2C2264656661756C74546F223A6E756C6C2C226E6F744E756C6C61626C65223A66616C73652C22756E7369676E6564223A66616C73657D5D7D2C7B226E616D65223A226C74625F73745F6D6F64756C655F736C75675F6974656D73222C22696E6465786573223A5B7B226E616D65223A22756E697175655F73746174655F736C75675F706172656E745F6D6F64656C5F6C6F63616C65222C22636F6C756D6E73223A5B227374617465222C22736C7567222C22706172656E745F636F6E74656E745F6964222C22706172656E745F636F6E74656E745F6D6F64656C222C226C6F63616C65225D2C2274797065223A22756E69717565227D2C7B226E616D65223A2273746174655F736C75675F6C6F63616C65222C22636F6C756D6E73223A5B227374617465222C22736C7567222C226C6F63616C65225D7D2C7B226E616D65223A226C74625F73745F6D6F64756C655F736C75675F6974656D735F646F63756D656E74735F696478222C22636F6C756D6E73223A5B22646F63756D656E745F6964222C226C6F63616C65222C227075626C69736865645F6174225D7D2C7B226E616D65223A226C74625F73745F6D6F64756C655F736C75675F6974656D735F637265617465645F62795F69645F666B222C22636F6C756D6E73223A5B22637265617465645F62795F6964225D7D2C7B226E616D65223A226C74625F73745F6D6F64756C655F736C75675F6974656D735F757064617465645F62795F69645F666B222C22636F6C756D6E73223A5B22757064617465645F62795F6964225D7D5D2C22666F726569676E4B657973223A5B7B226E616D65223A226C74625F73745F6D6F64756C655F736C75675F6974656D735F637265617465645F62795F69645F666B222C22636F6C756D6E73223A5B22637265617465645F62795F6964225D2C227265666572656E6365645461626C65223A2261646D696E5F7573657273222C227265666572656E636564436F6C756D6E73223A5B226964225D2C226F6E44656C657465223A22534554204E554C4C227D2C7B226E616D65223A226C74625F73745F6D6F64756C655F736C75675F6974656D735F757064617465645F62795F69645F666B222C22636F6C756D6E73223A5B22757064617465645F62795F6964225D2C227265666572656E6365645461626C65223A2261646D696E5F7573657273222C227265666572656E636564436F6C756D6E73223A5B226964225D2C226F6E44656C657465223A22534554204E554C4C227D5D2C22636F6C756D6E73223A5B7B226E616D65223A226964222C2274797065223A22696E6372656D656E7473222C2261726773223A5B7B227072696D617279223A747275652C227072696D6172794B6579223A747275657D5D2C2264656661756C74546F223A6E756C6C2C226E6F744E756C6C61626C65223A747275652C22756E7369676E6564223A66616C73657D2C7B226E616D65223A22646F63756D656E745F6964222C2274797065223A22737472696E67222C2261726773223A5B5D2C2264656661756C74546F223A6E756C6C2C226E6F744E756C6C61626C65223A66616C73652C22756E7369676E6564223A66616C73657D2C7B226E616D65223A227374617465222C2274797065223A22737472696E67222C2261726773223A5B5D2C2264656661756C74546F223A6E756C6C2C226E6F744E756C6C61626C65223A66616C73652C22756E7369676E6564223A66616C73657D2C7B226E616D65223A22736C7567222C2274797065223A22737472696E67222C2261726773223A5B5D2C2264656661756C74546F223A6E756C6C2C226E6F744E756C6C61626C65223A66616C73652C22756E7369676E6564223A66616C73657D2C7B226E616D65223A22636F6E74656E745F6964222C2274797065223A22737472696E67222C2261726773223A5B5D2C2264656661756C74546F223A6E756C6C2C226E6F744E756C6C61626C65223A66616C73652C22756E7369676E6564223A66616C73657D2C7B226E616D65223A22636F6E74656E745F6D6F64656C222C2274797065223A22737472696E67222C2261726773223A5B5D2C2264656661756C74546F223A6E756C6C2C226E6F744E756C6C61626C65223A66616C73652C22756E7369676E6564223A66616C73657D2C7B226E616D65223A22706172656E745F636F6E74656E745F6964222C2274797065223A22737472696E67222C2261726773223A5B5D2C2264656661756C74546F223A6E756C6C2C226E6F744E756C6C61626C65223A66616C73652C22756E7369676E6564223A66616C73657D2C7B226E616D65223A22706172656E745F636F6E74656E745F6D6F64656C222C2274797065223A22737472696E67222C2261726773223A5B5D2C2264656661756C74546F223A6E756C6C2C226E6F744E756C6C61626C65223A66616C73652C22756E7369676E6564223A66616C73657D2C7B226E616D65223A226C6F63616C65222C2274797065223A22737472696E67222C2261726773223A5B5D2C2264656661756C74546F223A6E756C6C2C226E6F744E756C6C61626C65223A66616C73652C22756E7369676E6564223A66616C73657D2C7B226E616D65223A22637265617465645F6174222C2274797065223A226461746574696D65222C2261726773223A5B7B22757365547A223A66616C73652C22707265636973696F6E223A367D5D2C2264656661756C74546F223A6E756C6C2C226E6F744E756C6C61626C65223A66616C73652C22756E7369676E6564223A66616C73657D2C7B226E616D65223A22757064617465645F6174222C2274797065223A226461746574696D65222C2261726773223A5B7B22757365547A223A66616C73652C22707265636973696F6E223A367D5D2C2264656661756C74546F223A6E756C6C2C226E6F744E756C6C61626C65223A66616C73652C22756E7369676E6564223A66616C73657D2C7B226E616D65223A227075626C69736865645F6174222C2274797065223A226461746574696D65222C2261726773223A5B7B22757365547A223A66616C73652C22707265636973696F6E223A367D5D2C2264656661756C74546F223A6E756C6C2C226E6F744E756C6C61626C65223A66616C73652C22756E7369676E6564223A66616C73657D2C7B226E616D65223A22637265617465645F62795F6964222C2274797065223A22696E7465676572222C2261726773223A5B5D2C2264656661756C74546F223A6E756C6C2C226E6F744E756C6C61626C65223A66616C73652C22756E7369676E6564223A747275657D2C7B226E616D65223A22757064617465645F62795F6964222C2274797065223A22696E7465676572222C2261726773223A5B5D2C2264656661756C74546F223A6E756C6C2C226E6F744E756C6C61626C65223A66616C73652C22756E7369676E6564223A747275657D5D7D2C7B226E616D65223A226C74625F73745F6D6F64756C655F74656D706C6174655F6974656D73222C22696E6465786573223A5B7B226E616D65223A22756E697175655F756964222C22636F6C756D6E73223A5B22756964225D2C2274797065223A22756E69717565227D2C7B226E616D65223A226C74625F73745F6D6F64756C655F74656D706C6174655F6974656D735F646F63756D656E74735F696478222C22636F6C756D6E73223A5B22646F63756D656E745F6964222C226C6F63616C65222C227075626C69736865645F6174225D7D2C7B226E616D65223A226C74625F73745F6D6F64756C655F74656D706C6174655F6974656D735F637265617465645F62795F69645F666B222C22636F6C756D6E73223A5B22637265617465645F62795F6964225D7D2C7B226E616D65223A226C74625F73745F6D6F64756C655F74656D706C6174655F6974656D735F757064617465645F62795F69645F666B222C22636F6C756D6E73223A5B22757064617465645F62795F6964225D7D5D2C22666F726569676E4B657973223A5B7B226E616D65223A226C74625F73745F6D6F64756C655F74656D706C6174655F6974656D735F637265617465645F62795F69645F666B222C22636F6C756D6E73223A5B22637265617465645F62795F6964225D2C227265666572656E6365645461626C65223A2261646D696E5F7573657273222C227265666572656E636564436F6C756D6E73223A5B226964225D2C226F6E44656C657465223A22534554204E554C4C227D2C7B226E616D65223A226C74625F73745F6D6F64756C655F74656D706C6174655F6974656D735F757064617465645F62795F69645F666B222C22636F6C756D6E73223A5B22757064617465645F62795F6964225D2C227265666572656E6365645461626C65223A2261646D696E5F7573657273222C227265666572656E636564436F6C756D6E73223A5B226964225D2C226F6E44656C657465223A22534554204E554C4C227D5D2C22636F6C756D6E73223A5B7B226E616D65223A226964222C2274797065223A22696E6372656D656E7473222C2261726773223A5B7B227072696D617279223A747275652C227072696D6172794B6579223A747275657D5D2C2264656661756C74546F223A6E756C6C2C226E6F744E756C6C61626C65223A747275652C22756E7369676E6564223A66616C73657D2C7B226E616D65223A22646F63756D656E745F6964222C2274797065223A22737472696E67222C2261726773223A5B5D2C2264656661756C74546F223A6E756C6C2C226E6F744E756C6C61626C65223A66616C73652C22756E7369676E6564223A66616C73657D2C7B226E616D65223A22756964222C2274797065223A22737472696E67222C2261726773223A5B5D2C2264656661756C74546F223A6E756C6C2C226E6F744E756C6C61626C65223A66616C73652C22756E7369676E6564223A66616C73657D2C7B226E616D65223A226E616D65222C2274797065223A22737472696E67222C2261726773223A5B5D2C2264656661756C74546F223A6E756C6C2C226E6F744E756C6C61626C65223A66616C73652C22756E7369676E6564223A66616C73657D2C7B226E616D65223A22637265617465645F6174222C2274797065223A226461746574696D65222C2261726773223A5B7B22757365547A223A66616C73652C22707265636973696F6E223A367D5D2C2264656661756C74546F223A6E756C6C2C226E6F744E756C6C61626C65223A66616C73652C22756E7369676E6564223A66616C73657D2C7B226E616D65223A22757064617465645F6174222C2274797065223A226461746574696D65222C2261726773223A5B7B22757365547A223A66616C73652C22707265636973696F6E223A367D5D2C2264656661756C74546F223A6E756C6C2C226E6F744E756C6C61626C65223A66616C73652C22756E7369676E6564223A66616C73657D2C7B226E616D65223A227075626C69736865645F6174222C2274797065223A226461746574696D65222C2261726773223A5B7B22757365547A223A66616C73652C22707265636973696F6E223A367D5D2C2264656661756C74546F223A6E756C6C2C226E6F744E756C6C61626C65223A66616C73652C22756E7369676E6564223A66616C73657D2C7B226E616D65223A22637265617465645F62795F6964222C2274797065223A22696E7465676572222C2261726773223A5B5D2C2264656661756C74546F223A6E756C6C2C226E6F744E756C6C61626C65223A66616C73652C22756E7369676E6564223A747275657D2C7B226E616D65223A22757064617465645F62795F6964222C2274797065223A22696E7465676572222C2261726773223A5B5D2C2264656661756C74546F223A6E756C6C2C226E6F744E756C6C61626C65223A66616C73652C22756E7369676E6564223A747275657D2C7B226E616D65223A226C6F63616C65222C2274797065223A22737472696E67222C2261726773223A5B5D2C2264656661756C74546F223A6E756C6C2C226E6F744E756C6C61626C65223A66616C73652C22756E7369676E6564223A66616C73657D5D7D2C7B226E616D65223A226C74625F73745F6D6F64756C655F6174747269627574655F6974656D73222C22696E6465786573223A5B7B226E616D65223A22756E697175655F73746174655F636F6E74656E745F6D6F64656C5F6C6F63616C65222C22636F6C756D6E73223A5B227374617465222C22636F6E74656E745F6964222C22636F6E74656E745F6D6F64656C222C226C6F63616C65225D2C2274797065223A22756E69717565227D2C7B226E616D65223A22756E697175655F74656D706C6174655F6964222C22636F6C756D6E73223A5B2274656D706C6174655F6964225D7D2C7B226E616D65223A226C74625F73745F6D6F64756C655F6174747269627574655F6974656D735F646F63756D656E74735F696478222C22636F6C756D6E73223A5B22646F63756D656E745F6964222C226C6F63616C65222C227075626C69736865645F6174225D7D2C7B226E616D65223A226C74625F73745F6D6F64756C655F6174747269627574655F6974656D735F637265617465645F62795F69645F666B222C22636F6C756D6E73223A5B22637265617465645F62795F6964225D7D2C7B226E616D65223A226C74625F73745F6D6F64756C655F6174747269627574655F6974656D735F757064617465645F62795F69645F666B222C22636F6C756D6E73223A5B22757064617465645F62795F6964225D7D5D2C22666F726569676E4B657973223A5B7B226E616D65223A226C74625F73745F6D6F64756C655F6174747269627574655F6974656D735F637265617465645F62795F69645F666B222C22636F6C756D6E73223A5B22637265617465645F62795F6964225D2C227265666572656E6365645461626C65223A2261646D696E5F7573657273222C227265666572656E636564436F6C756D6E73223A5B226964225D2C226F6E44656C657465223A22534554204E554C4C227D2C7B226E616D65223A226C74625F73745F6D6F64756C655F6174747269627574655F6974656D735F757064617465645F62795F69645F666B222C22636F6C756D6E73223A5B22757064617465645F62795F6964225D2C227265666572656E6365645461626C65223A2261646D696E5F7573657273222C227265666572656E636564436F6C756D6E73223A5B226964225D2C226F6E44656C657465223A22534554204E554C4C227D5D2C22636F6C756D6E73223A5B7B226E616D65223A226964222C2274797065223A22696E6372656D656E7473222C2261726773223A5B7B227072696D617279223A747275652C227072696D6172794B6579223A747275657D5D2C2264656661756C74546F223A6E756C6C2C226E6F744E756C6C61626C65223A747275652C22756E7369676E6564223A66616C73657D2C7B226E616D65223A22646F63756D656E745F6964222C2274797065223A22737472696E67222C2261726773223A5B5D2C2264656661756C74546F223A6E756C6C2C226E6F744E756C6C61626C65223A66616C73652C22756E7369676E6564223A66616C73657D2C7B226E616D65223A227374617465222C2274797065223A22737472696E67222C2261726773223A5B5D2C2264656661756C74546F223A6E756C6C2C226E6F744E756C6C61626C65223A66616C73652C22756E7369676E6564223A66616C73657D2C7B226E616D65223A22636F6E74656E745F6964222C2274797065223A22737472696E67222C2261726773223A5B5D2C2264656661756C74546F223A6E756C6C2C226E6F744E756C6C61626C65223A66616C73652C22756E7369676E6564223A66616C73657D2C7B226E616D65223A22636F6E74656E745F6D6F64656C222C2274797065223A22737472696E67222C2261726773223A5B5D2C2264656661756C74546F223A6E756C6C2C226E6F744E756C6C61626C65223A66616C73652C22756E7369676E6564223A66616C73657D2C7B226E616D65223A22706172656E745F636F6E74656E745F6964222C2274797065223A22737472696E67222C2261726773223A5B5D2C2264656661756C74546F223A6E756C6C2C226E6F744E756C6C61626C65223A66616C73652C22756E7369676E6564223A66616C73657D2C7B226E616D65223A22706172656E745F636F6E74656E745F6D6F64656C222C2274797065223A22737472696E67222C2261726773223A5B5D2C2264656661756C74546F223A6E756C6C2C226E6F744E756C6C61626C65223A66616C73652C22756E7369676E6564223A66616C73657D2C7B226E616D65223A2274656D706C6174655F6964222C2274797065223A22737472696E67222C2261726773223A5B5D2C2264656661756C74546F223A6E756C6C2C226E6F744E756C6C61626C65223A66616C73652C22756E7369676E6564223A66616C73657D2C7B226E616D65223A226C6F63616C65222C2274797065223A22737472696E67222C2261726773223A5B5D2C2264656661756C74546F223A6E756C6C2C226E6F744E756C6C61626C65223A66616C73652C22756E7369676E6564223A66616C73657D2C7B226E616D65223A227072696F72697479222C2274797065223A22737472696E67222C2261726773223A5B5D2C2264656661756C74546F223A6E756C6C2C226E6F744E756C6C61626C65223A66616C73652C22756E7369676E6564223A66616C73657D2C7B226E616D65223A226672657175656E6379222C2274797065223A22737472696E67222C2261726773223A5B5D2C2264656661756C74546F223A6E756C6C2C226E6F744E756C6C61626C65223A66616C73652C22756E7369676E6564223A66616C73657D2C7B226E616D65223A22637265617465645F6174222C2274797065223A226461746574696D65222C2261726773223A5B7B22757365547A223A66616C73652C22707265636973696F6E223A367D5D2C2264656661756C74546F223A6E756C6C2C226E6F744E756C6C61626C65223A66616C73652C22756E7369676E6564223A66616C73657D2C7B226E616D65223A22757064617465645F6174222C2274797065223A226461746574696D65222C2261726773223A5B7B22757365547A223A66616C73652C22707265636973696F6E223A367D5D2C2264656661756C74546F223A6E756C6C2C226E6F744E756C6C61626C65223A66616C73652C22756E7369676E6564223A66616C73657D2C7B226E616D65223A227075626C69736865645F6174222C2274797065223A226461746574696D65222C2261726773223A5B7B22757365547A223A66616C73652C22707265636973696F6E223A367D5D2C2264656661756C74546F223A6E756C6C2C226E6F744E756C6C61626C65223A66616C73652C22756E7369676E6564223A66616C73657D2C7B226E616D65223A22637265617465645F62795F6964222C2274797065223A22696E7465676572222C2261726773223A5B5D2C2264656661756C74546F223A6E756C6C2C226E6F744E756C6C61626C65223A66616C73652C22756E7369676E6564223A747275657D2C7B226E616D65223A22757064617465645F62795F6964222C2274797065223A22696E7465676572222C2261726773223A5B5D2C2264656661756C74546F223A6E756C6C2C226E6F744E756C6C61626C65223A66616C73652C22756E7369676E6564223A747275657D5D7D2C7B226E616D65223A226C74625F73745F6D6F64756C655F6D656E755F6974656D73222C22696E6465786573223A5B7B226E616D65223A22756E697175655F7569645F6C6F63616C65222C22636F6C756D6E73223A5B22756964222C226C6F63616C65225D2C2274797065223A22756E69717565227D2C7B226E616D65223A226C74625F73745F6D6F64756C655F6D656E755F6974656D735F646F63756D656E74735F696478222C22636F6C756D6E73223A5B22646F63756D656E745F6964222C226C6F63616C65222C227075626C69736865645F6174225D7D2C7B226E616D65223A226C74625F73745F6D6F64756C655F6D656E755F6974656D735F637265617465645F62795F69645F666B222C22636F6C756D6E73223A5B22637265617465645F62795F6964225D7D2C7B226E616D65223A226C74625F73745F6D6F64756C655F6D656E755F6974656D735F757064617465645F62795F69645F666B222C22636F6C756D6E73223A5B22757064617465645F62795F6964225D7D5D2C22666F726569676E4B657973223A5B7B226E616D65223A226C74625F73745F6D6F64756C655F6D656E755F6974656D735F637265617465645F62795F69645F666B222C22636F6C756D6E73223A5B22637265617465645F62795F6964225D2C227265666572656E6365645461626C65223A2261646D696E5F7573657273222C227265666572656E636564436F6C756D6E73223A5B226964225D2C226F6E44656C657465223A22534554204E554C4C227D2C7B226E616D65223A226C74625F73745F6D6F64756C655F6D656E755F6974656D735F757064617465645F62795F69645F666B222C22636F6C756D6E73223A5B22757064617465645F62795F6964225D2C227265666572656E6365645461626C65223A2261646D696E5F7573657273222C227265666572656E636564436F6C756D6E73223A5B226964225D2C226F6E44656C657465223A22534554204E554C4C227D5D2C22636F6C756D6E73223A5B7B226E616D65223A226964222C2274797065223A22696E6372656D656E7473222C2261726773223A5B7B227072696D617279223A747275652C227072696D6172794B6579223A747275657D5D2C2264656661756C74546F223A6E756C6C2C226E6F744E756C6C61626C65223A747275652C22756E7369676E6564223A66616C73657D2C7B226E616D65223A22646F63756D656E745F6964222C2274797065223A22737472696E67222C2261726773223A5B5D2C2264656661756C74546F223A6E756C6C2C226E6F744E756C6C61626C65223A66616C73652C22756E7369676E6564223A66616C73657D2C7B226E616D65223A227469746C65222C2274797065223A22737472696E67222C2261726773223A5B5D2C2264656661756C74546F223A6E756C6C2C226E6F744E756C6C61626C65223A66616C73652C22756E7369676E6564223A66616C73657D2C7B226E616D65223A22756964222C2274797065223A22737472696E67222C2261726773223A5B5D2C2264656661756C74546F223A6E756C6C2C226E6F744E756C6C61626C65223A66616C73652C22756E7369676E6564223A66616C73657D2C7B226E616D65223A226C6F63616C65222C2274797065223A22737472696E67222C2261726773223A5B5D2C2264656661756C74546F223A6E756C6C2C226E6F744E756C6C61626C65223A66616C73652C22756E7369676E6564223A66616C73657D2C7B226E616D65223A22637265617465645F6174222C2274797065223A226461746574696D65222C2261726773223A5B7B22757365547A223A66616C73652C22707265636973696F6E223A367D5D2C2264656661756C74546F223A6E756C6C2C226E6F744E756C6C61626C65223A66616C73652C22756E7369676E6564223A66616C73657D2C7B226E616D65223A22757064617465645F6174222C2274797065223A226461746574696D65222C2261726773223A5B7B22757365547A223A66616C73652C22707265636973696F6E223A367D5D2C2264656661756C74546F223A6E756C6C2C226E6F744E756C6C61626C65223A66616C73652C22756E7369676E6564223A66616C73657D2C7B226E616D65223A227075626C69736865645F6174222C2274797065223A226461746574696D65222C2261726773223A5B7B22757365547A223A66616C73652C22707265636973696F6E223A367D5D2C2264656661756C74546F223A6E756C6C2C226E6F744E756C6C61626C65223A66616C73652C22756E7369676E6564223A66616C73657D2C7B226E616D65223A22637265617465645F62795F6964222C2274797065223A22696E7465676572222C2261726773223A5B5D2C2264656661756C74546F223A6E756C6C2C226E6F744E756C6C61626C65223A66616C73652C22756E7369676E6564223A747275657D2C7B226E616D65223A22757064617465645F62795F6964222C2274797065223A22696E7465676572222C2261726773223A5B5D2C2264656661756C74546F223A6E756C6C2C226E6F744E756C6C61626C65223A66616C73652C22756E7369676E6564223A747275657D5D7D2C7B226E616D65223A226C74625F73745F6D6F64756C655F6D656E755F6368696C6472656E5F6974656D73222C22696E6465786573223A5B7B226E616D65223A226D656E755F6964222C22636F6C756D6E73223A5B226D656E755F6964225D7D2C7B226E616D65223A226C74625F73745F6D6F64756C655F6D656E755F6368696C6472656E5F6974656D735F646F63756D656E74735F696478222C22636F6C756D6E73223A5B22646F63756D656E745F6964222C226C6F63616C65222C227075626C69736865645F6174225D7D2C7B226E616D65223A226C74625F73745F6D6F64756C655F6D656E755F6368696C6472656E5F6974656D735F637265617465645F62795F69645F666B222C22636F6C756D6E73223A5B22637265617465645F62795F6964225D7D2C7B226E616D65223A226C74625F73745F6D6F64756C655F6D656E755F6368696C6472656E5F6974656D735F757064617465645F62795F69645F666B222C22636F6C756D6E73223A5B22757064617465645F62795F6964225D7D5D2C22666F726569676E4B657973223A5B7B226E616D65223A226C74625F73745F6D6F64756C655F6D656E755F6368696C6472656E5F6974656D735F637265617465645F62795F69645F666B222C22636F6C756D6E73223A5B22637265617465645F62795F6964225D2C227265666572656E6365645461626C65223A2261646D696E5F7573657273222C227265666572656E636564436F6C756D6E73223A5B226964225D2C226F6E44656C657465223A22534554204E554C4C227D2C7B226E616D65223A226C74625F73745F6D6F64756C655F6D656E755F6368696C6472656E5F6974656D735F757064617465645F62795F69645F666B222C22636F6C756D6E73223A5B22757064617465645F62795F6964225D2C227265666572656E6365645461626C65223A2261646D696E5F7573657273222C227265666572656E636564436F6C756D6E73223A5B226964225D2C226F6E44656C657465223A22534554204E554C4C227D5D2C22636F6C756D6E73223A5B7B226E616D65223A226964222C2274797065223A22696E6372656D656E7473222C2261726773223A5B7B227072696D617279223A747275652C227072696D6172794B6579223A747275657D5D2C2264656661756C74546F223A6E756C6C2C226E6F744E756C6C61626C65223A747275652C22756E7369676E6564223A66616C73657D2C7B226E616D65223A22646F63756D656E745F6964222C2274797065223A22737472696E67222C2261726773223A5B5D2C2264656661756C74546F223A6E756C6C2C226E6F744E756C6C61626C65223A66616C73652C22756E7369676E6564223A66616C73657D2C7B226E616D65223A226D656E755F6964222C2274797065223A22737472696E67222C2261726773223A5B5D2C2264656661756C74546F223A6E756C6C2C226E6F744E756C6C61626C65223A66616C73652C22756E7369676E6564223A66616C73657D2C7B226E616D65223A22706172656E745F6964222C2274797065223A22737472696E67222C2261726773223A5B5D2C2264656661756C74546F223A6E756C6C2C226E6F744E756C6C61626C65223A66616C73652C22756E7369676E6564223A66616C73657D2C7B226E616D65223A227469746C65222C2274797065223A22737472696E67222C2261726773223A5B5D2C2264656661756C74546F223A6E756C6C2C226E6F744E756C6C61626C65223A66616C73652C22756E7369676E6564223A66616C73657D2C7B226E616D65223A2275726C222C2274797065223A22737472696E67222C2261726773223A5B5D2C2264656661756C74546F223A6E756C6C2C226E6F744E756C6C61626C65223A66616C73652C22756E7369676E6564223A66616C73657D2C7B226E616D65223A22636F6E74656E745F6964222C2274797065223A22737472696E67222C2261726773223A5B5D2C2264656661756C74546F223A6E756C6C2C226E6F744E756C6C61626C65223A66616C73652C22756E7369676E6564223A66616C73657D2C7B226E616D65223A22636F6E74656E745F6D6F64656C222C2274797065223A22737472696E67222C2261726773223A5B5D2C2264656661756C74546F223A6E756C6C2C226E6F744E756C6C61626C65223A66616C73652C22756E7369676E6564223A66616C73657D2C7B226E616D65223A22746172676574222C2274797065223A22737472696E67222C2261726773223A5B5D2C2264656661756C74546F223A6E756C6C2C226E6F744E756C6C61626C65223A66616C73652C22756E7369676E6564223A66616C73657D2C7B226E616D65223A226F72646572222C2274797065223A22696E7465676572222C2261726773223A5B5D2C2264656661756C74546F223A6E756C6C2C226E6F744E756C6C61626C65223A66616C73652C22756E7369676E6564223A66616C73657D2C7B226E616D65223A226D65746164617461222C2274797065223A226A736F6E62222C2261726773223A5B5D2C2264656661756C74546F223A6E756C6C2C226E6F744E756C6C61626C65223A66616C73652C22756E7369676E6564223A66616C73657D2C7B226E616D65223A22637265617465645F6174222C2274797065223A226461746574696D65222C2261726773223A5B7B22757365547A223A66616C73652C22707265636973696F6E223A367D5D2C2264656661756C74546F223A6E756C6C2C226E6F744E756C6C61626C65223A66616C73652C22756E7369676E6564223A66616C73657D2C7B226E616D65223A22757064617465645F6174222C2274797065223A226461746574696D65222C2261726773223A5B7B22757365547A223A66616C73652C22707265636973696F6E223A367D5D2C2264656661756C74546F223A6E756C6C2C226E6F744E756C6C61626C65223A66616C73652C22756E7369676E6564223A66616C73657D2C7B226E616D65223A227075626C69736865645F6174222C2274797065223A226461746574696D65222C2261726773223A5B7B22757365547A223A66616C73652C22707265636973696F6E223A367D5D2C2264656661756C74546F223A6E756C6C2C226E6F744E756C6C61626C65223A66616C73652C22756E7369676E6564223A66616C73657D2C7B226E616D65223A22637265617465645F62795F6964222C2274797065223A22696E7465676572222C2261726773223A5B5D2C2264656661756C74546F223A6E756C6C2C226E6F744E756C6C61626C65223A66616C73652C22756E7369676E6564223A747275657D2C7B226E616D65223A22757064617465645F62795F6964222C2274797065223A22696E7465676572222C2261726773223A5B5D2C2264656661756C74546F223A6E756C6C2C226E6F744E756C6C61626C65223A66616C73652C22756E7369676E6564223A747275657D2C7B226E616D65223A226C6F63616C65222C2274797065223A22737472696E67222C2261726773223A5B5D2C2264656661756C74546F223A6E756C6C2C226E6F744E756C6C61626C65223A66616C73652C22756E7369676E6564223A66616C73657D5D7D2C7B226E616D65223A226C74625F73745F6D6F64756C655F706172616D657465725F6974656D73222C22696E6465786573223A5B7B226E616D65223A22756E697175655F756964222C22636F6C756D6E73223A5B22756964225D2C2274797065223A22756E69717565227D2C7B226E616D65223A226C74625F73745F6D6F64756C655F706172616D657465725F6974656D735F646F63756D656E74735F696478222C22636F6C756D6E73223A5B22646F63756D656E745F6964222C226C6F63616C65222C227075626C69736865645F6174225D7D2C7B226E616D65223A226C74625F73745F6D6F64756C655F706172616D657465725F6974656D735F637265617465645F62795F69645F666B222C22636F6C756D6E73223A5B22637265617465645F62795F6964225D7D2C7B226E616D65223A226C74625F73745F6D6F64756C655F706172616D657465725F6974656D735F757064617465645F62795F69645F666B222C22636F6C756D6E73223A5B22757064617465645F62795F6964225D7D5D2C22666F726569676E4B657973223A5B7B226E616D65223A226C74625F73745F6D6F64756C655F706172616D657465725F6974656D735F637265617465645F62795F69645F666B222C22636F6C756D6E73223A5B22637265617465645F62795F6964225D2C227265666572656E6365645461626C65223A2261646D696E5F7573657273222C227265666572656E636564436F6C756D6E73223A5B226964225D2C226F6E44656C657465223A22534554204E554C4C227D2C7B226E616D65223A226C74625F73745F6D6F64756C655F706172616D657465725F6974656D735F757064617465645F62795F69645F666B222C22636F6C756D6E73223A5B22757064617465645F62795F6964225D2C227265666572656E6365645461626C65223A2261646D696E5F7573657273222C227265666572656E636564436F6C756D6E73223A5B226964225D2C226F6E44656C657465223A22534554204E554C4C227D5D2C22636F6C756D6E73223A5B7B226E616D65223A226964222C2274797065223A22696E6372656D656E7473222C2261726773223A5B7B227072696D617279223A747275652C227072696D6172794B6579223A747275657D5D2C2264656661756C74546F223A6E756C6C2C226E6F744E756C6C61626C65223A747275652C22756E7369676E6564223A66616C73657D2C7B226E616D65223A22646F63756D656E745F6964222C2274797065223A22737472696E67222C2261726773223A5B5D2C2264656661756C74546F223A6E756C6C2C226E6F744E756C6C61626C65223A66616C73652C22756E7369676E6564223A66616C73657D2C7B226E616D65223A22756964222C2274797065223A22737472696E67222C2261726773223A5B5D2C2264656661756C74546F223A6E756C6C2C226E6F744E756C6C61626C65223A66616C73652C22756E7369676E6564223A66616C73657D2C7B226E616D65223A2276616C7565222C2274797065223A22737472696E67222C2261726773223A5B5D2C2264656661756C74546F223A6E756C6C2C226E6F744E756C6C61626C65223A66616C73652C22756E7369676E6564223A66616C73657D2C7B226E616D65223A2270726976617465222C2274797065223A22626F6F6C65616E222C2261726773223A5B5D2C2264656661756C74546F223A6E756C6C2C226E6F744E756C6C61626C65223A66616C73652C22756E7369676E6564223A66616C73657D2C7B226E616D65223A22637265617465645F6174222C2274797065223A226461746574696D65222C2261726773223A5B7B22757365547A223A66616C73652C22707265636973696F6E223A367D5D2C2264656661756C74546F223A6E756C6C2C226E6F744E756C6C61626C65223A66616C73652C22756E7369676E6564223A66616C73657D2C7B226E616D65223A22757064617465645F6174222C2274797065223A226461746574696D65222C2261726773223A5B7B22757365547A223A66616C73652C22707265636973696F6E223A367D5D2C2264656661756C74546F223A6E756C6C2C226E6F744E756C6C61626C65223A66616C73652C22756E7369676E6564223A66616C73657D2C7B226E616D65223A227075626C69736865645F6174222C2274797065223A226461746574696D65222C2261726773223A5B7B22757365547A223A66616C73652C22707265636973696F6E223A367D5D2C2264656661756C74546F223A6E756C6C2C226E6F744E756C6C61626C65223A66616C73652C22756E7369676E6564223A66616C73657D2C7B226E616D65223A22637265617465645F62795F6964222C2274797065223A22696E7465676572222C2261726773223A5B5D2C2264656661756C74546F223A6E756C6C2C226E6F744E756C6C61626C65223A66616C73652C22756E7369676E6564223A747275657D2C7B226E616D65223A22757064617465645F62795F6964222C2274797065223A22696E7465676572222C2261726773223A5B5D2C2264656661756C74546F223A6E756C6C2C226E6F744E756C6C61626C65223A66616C73652C22756E7369676E6564223A747275657D2C7B226E616D65223A226C6F63616C65222C2274797065223A22737472696E67222C2261726773223A5B5D2C2264656661756C74546F223A6E756C6C2C226E6F744E756C6C61626C65223A66616C73652C22756E7369676E6564223A66616C73657D5D7D2C7B226E616D65223A226C74625F73745F6D6F64756C655F7472616E736C6174696F6E5F6974656D73222C22696E6465786573223A5B7B226E616D65223A22756E697175655F7569645F6C6F63616C65222C22636F6C756D6E73223A5B22756964222C226C6F63616C65225D2C2274797065223A22756E69717565227D2C7B226E616D65223A22696E6465785F756964222C22636F6C756D6E73223A5B22756964225D7D2C7B226E616D65223A22696E6465785F7472616E736C6174696F6E222C22636F6C756D6E73223A5B227472616E736C6174696F6E225D7D2C7B226E616D65223A226C74625F73745F6D6F64756C655F7472616E736C6174696F6E5F6974656D735F646F63756D656E74735F696478222C22636F6C756D6E73223A5B22646F63756D656E745F6964222C226C6F63616C65222C227075626C69736865645F6174225D7D2C7B226E616D65223A226C74625F73745F6D6F64756C655F7472616E736C6174696F6E5F6974656D735F637265617465645F62795F69645F666B222C22636F6C756D6E73223A5B22637265617465645F62795F6964225D7D2C7B226E616D65223A226C74625F73745F6D6F64756C655F7472616E736C6174696F6E5F6974656D735F757064617465645F62795F69645F666B222C22636F6C756D6E73223A5B22757064617465645F62795F6964225D7D5D2C22666F726569676E4B657973223A5B7B226E616D65223A226C74625F73745F6D6F64756C655F7472616E736C6174696F6E5F6974656D735F637265617465645F62795F69645F666B222C22636F6C756D6E73223A5B22637265617465645F62795F6964225D2C227265666572656E6365645461626C65223A2261646D696E5F7573657273222C227265666572656E636564436F6C756D6E73223A5B226964225D2C226F6E44656C657465223A22534554204E554C4C227D2C7B226E616D65223A226C74625F73745F6D6F64756C655F7472616E736C6174696F6E5F6974656D735F757064617465645F62795F69645F666B222C22636F6C756D6E73223A5B22757064617465645F62795F6964225D2C227265666572656E6365645461626C65223A2261646D696E5F7573657273222C227265666572656E636564436F6C756D6E73223A5B226964225D2C226F6E44656C657465223A22534554204E554C4C227D5D2C22636F6C756D6E73223A5B7B226E616D65223A226964222C2274797065223A22696E6372656D656E7473222C2261726773223A5B7B227072696D617279223A747275652C227072696D6172794B6579223A747275657D5D2C2264656661756C74546F223A6E756C6C2C226E6F744E756C6C61626C65223A747275652C22756E7369676E6564223A66616C73657D2C7B226E616D65223A22646F63756D656E745F6964222C2274797065223A22737472696E67222C2261726773223A5B5D2C2264656661756C74546F223A6E756C6C2C226E6F744E756C6C61626C65223A66616C73652C22756E7369676E6564223A66616C73657D2C7B226E616D65223A22756964222C2274797065223A22737472696E67222C2261726773223A5B5D2C2264656661756C74546F223A6E756C6C2C226E6F744E756C6C61626C65223A66616C73652C22756E7369676E6564223A66616C73657D2C7B226E616D65223A227472616E736C6174696F6E222C2274797065223A22737472696E67222C2261726773223A5B5D2C2264656661756C74546F223A6E756C6C2C226E6F744E756C6C61626C65223A66616C73652C22756E7369676E6564223A66616C73657D2C7B226E616D65223A226C6F63616C65222C2274797065223A22737472696E67222C2261726773223A5B5D2C2264656661756C74546F223A6E756C6C2C226E6F744E756C6C61626C65223A66616C73652C22756E7369676E6564223A66616C73657D2C7B226E616D65223A22637265617465645F6174222C2274797065223A226461746574696D65222C2261726773223A5B7B22757365547A223A66616C73652C22707265636973696F6E223A367D5D2C2264656661756C74546F223A6E756C6C2C226E6F744E756C6C61626C65223A66616C73652C22756E7369676E6564223A66616C73657D2C7B226E616D65223A22757064617465645F6174222C2274797065223A226461746574696D65222C2261726773223A5B7B22757365547A223A66616C73652C22707265636973696F6E223A367D5D2C2264656661756C74546F223A6E756C6C2C226E6F744E756C6C61626C65223A66616C73652C22756E7369676E6564223A66616C73657D2C7B226E616D65223A227075626C69736865645F6174222C2274797065223A226461746574696D65222C2261726773223A5B7B22757365547A223A66616C73652C22707265636973696F6E223A367D5D2C2264656661756C74546F223A6E756C6C2C226E6F744E756C6C61626C65223A66616C73652C22756E7369676E6564223A66616C73657D2C7B226E616D65223A22637265617465645F62795F6964222C2274797065223A22696E7465676572222C2261726773223A5B5D2C2264656661756C74546F223A6E756C6C2C226E6F744E756C6C61626C65223A66616C73652C22756E7369676E6564223A747275657D2C7B226E616D65223A22757064617465645F62795F6964222C2274797065223A22696E7465676572222C2261726773223A5B5D2C2264656661756C74546F223A6E756C6C2C226E6F744E756C6C61626C65223A66616C73652C22756E7369676E6564223A747275657D5D7D2C7B226E616D65223A2275705F7065726D697373696F6E73222C22696E6465786573223A5B7B226E616D65223A2275705F7065726D697373696F6E735F646F63756D656E74735F696478222C22636F6C756D6E73223A5B22646F63756D656E745F6964222C226C6F63616C65222C227075626C69736865645F6174225D7D2C7B226E616D65223A2275705F7065726D697373696F6E735F637265617465645F62795F69645F666B222C22636F6C756D6E73223A5B22637265617465645F62795F6964225D7D2C7B226E616D65223A2275705F7065726D697373696F6E735F757064617465645F62795F69645F666B222C22636F6C756D6E73223A5B22757064617465645F62795F6964225D7D5D2C22666F726569676E4B657973223A5B7B226E616D65223A2275705F7065726D697373696F6E735F637265617465645F62795F69645F666B222C22636F6C756D6E73223A5B22637265617465645F62795F6964225D2C227265666572656E6365645461626C65223A2261646D696E5F7573657273222C227265666572656E636564436F6C756D6E73223A5B226964225D2C226F6E44656C657465223A22534554204E554C4C227D2C7B226E616D65223A2275705F7065726D697373696F6E735F757064617465645F62795F69645F666B222C22636F6C756D6E73223A5B22757064617465645F62795F6964225D2C227265666572656E6365645461626C65223A2261646D696E5F7573657273222C227265666572656E636564436F6C756D6E73223A5B226964225D2C226F6E44656C657465223A22534554204E554C4C227D5D2C22636F6C756D6E73223A5B7B226E616D65223A226964222C2274797065223A22696E6372656D656E7473222C2261726773223A5B7B227072696D617279223A747275652C227072696D6172794B6579223A747275657D5D2C2264656661756C74546F223A6E756C6C2C226E6F744E756C6C61626C65223A747275652C22756E7369676E6564223A66616C73657D2C7B226E616D65223A22646F63756D656E745F6964222C2274797065223A22737472696E67222C2261726773223A5B5D2C2264656661756C74546F223A6E756C6C2C226E6F744E756C6C61626C65223A66616C73652C22756E7369676E6564223A66616C73657D2C7B226E616D65223A22616374696F6E222C2274797065223A22737472696E67222C2261726773223A5B5D2C2264656661756C74546F223A6E756C6C2C226E6F744E756C6C61626C65223A66616C73652C22756E7369676E6564223A66616C73657D2C7B226E616D65223A22637265617465645F6174222C2274797065223A226461746574696D65222C2261726773223A5B7B22757365547A223A66616C73652C22707265636973696F6E223A367D5D2C2264656661756C74546F223A6E756C6C2C226E6F744E756C6C61626C65223A66616C73652C22756E7369676E6564223A66616C73657D2C7B226E616D65223A22757064617465645F6174222C2274797065223A226461746574696D65222C2261726773223A5B7B22757365547A223A66616C73652C22707265636973696F6E223A367D5D2C2264656661756C74546F223A6E756C6C2C226E6F744E756C6C61626C65223A66616C73652C22756E7369676E6564223A66616C73657D2C7B226E616D65223A227075626C69736865645F6174222C2274797065223A226461746574696D65222C2261726773223A5B7B22757365547A223A66616C73652C22707265636973696F6E223A367D5D2C2264656661756C74546F223A6E756C6C2C226E6F744E756C6C61626C65223A66616C73652C22756E7369676E6564223A66616C73657D2C7B226E616D65223A22637265617465645F62795F6964222C2274797065223A22696E7465676572222C2261726773223A5B5D2C2264656661756C74546F223A6E756C6C2C226E6F744E756C6C61626C65223A66616C73652C22756E7369676E6564223A747275657D2C7B226E616D65223A22757064617465645F62795F6964222C2274797065223A22696E7465676572222C2261726773223A5B5D2C2264656661756C74546F223A6E756C6C2C226E6F744E756C6C61626C65223A66616C73652C22756E7369676E6564223A747275657D2C7B226E616D65223A226C6F63616C65222C2274797065223A22737472696E67222C2261726773223A5B5D2C2264656661756C74546F223A6E756C6C2C226E6F744E756C6C61626C65223A66616C73652C22756E7369676E6564223A66616C73657D5D7D2C7B226E616D65223A2275705F726F6C6573222C22696E6465786573223A5B7B226E616D65223A2275705F726F6C65735F646F63756D656E74735F696478222C22636F6C756D6E73223A5B22646F63756D656E745F6964222C226C6F63616C65222C227075626C69736865645F6174225D7D2C7B226E616D65223A2275705F726F6C65735F637265617465645F62795F69645F666B222C22636F6C756D6E73223A5B22637265617465645F62795F6964225D7D2C7B226E616D65223A2275705F726F6C65735F757064617465645F62795F69645F666B222C22636F6C756D6E73223A5B22757064617465645F62795F6964225D7D5D2C22666F726569676E4B657973223A5B7B226E616D65223A2275705F726F6C65735F637265617465645F62795F69645F666B222C22636F6C756D6E73223A5B22637265617465645F62795F6964225D2C227265666572656E6365645461626C65223A2261646D696E5F7573657273222C227265666572656E636564436F6C756D6E73223A5B226964225D2C226F6E44656C657465223A22534554204E554C4C227D2C7B226E616D65223A2275705F726F6C65735F757064617465645F62795F69645F666B222C22636F6C756D6E73223A5B22757064617465645F62795F6964225D2C227265666572656E6365645461626C65223A2261646D696E5F7573657273222C227265666572656E636564436F6C756D6E73223A5B226964225D2C226F6E44656C657465223A22534554204E554C4C227D5D2C22636F6C756D6E73223A5B7B226E616D65223A226964222C2274797065223A22696E6372656D656E7473222C2261726773223A5B7B227072696D617279223A747275652C227072696D6172794B6579223A747275657D5D2C2264656661756C74546F223A6E756C6C2C226E6F744E756C6C61626C65223A747275652C22756E7369676E6564223A66616C73657D2C7B226E616D65223A22646F63756D656E745F6964222C2274797065223A22737472696E67222C2261726773223A5B5D2C2264656661756C74546F223A6E756C6C2C226E6F744E756C6C61626C65223A66616C73652C22756E7369676E6564223A66616C73657D2C7B226E616D65223A226E616D65222C2274797065223A22737472696E67222C2261726773223A5B5D2C2264656661756C74546F223A6E756C6C2C226E6F744E756C6C61626C65223A66616C73652C22756E7369676E6564223A66616C73657D2C7B226E616D65223A226465736372697074696F6E222C2274797065223A22737472696E67222C2261726773223A5B5D2C2264656661756C74546F223A6E756C6C2C226E6F744E756C6C61626C65223A66616C73652C22756E7369676E6564223A66616C73657D2C7B226E616D65223A2274797065222C2274797065223A22737472696E67222C2261726773223A5B5D2C2264656661756C74546F223A6E756C6C2C226E6F744E756C6C61626C65223A66616C73652C22756E7369676E6564223A66616C73657D2C7B226E616D65223A22637265617465645F6174222C2274797065223A226461746574696D65222C2261726773223A5B7B22757365547A223A66616C73652C22707265636973696F6E223A367D5D2C2264656661756C74546F223A6E756C6C2C226E6F744E756C6C61626C65223A66616C73652C22756E7369676E6564223A66616C73657D2C7B226E616D65223A22757064617465645F6174222C2274797065223A226461746574696D65222C2261726773223A5B7B22757365547A223A66616C73652C22707265636973696F6E223A367D5D2C2264656661756C74546F223A6E756C6C2C226E6F744E756C6C61626C65223A66616C73652C22756E7369676E6564223A66616C73657D2C7B226E616D65223A227075626C69736865645F6174222C2274797065223A226461746574696D65222C2261726773223A5B7B22757365547A223A66616C73652C22707265636973696F6E223A367D5D2C2264656661756C74546F223A6E756C6C2C226E6F744E756C6C61626C65223A66616C73652C22756E7369676E6564223A66616C73657D2C7B226E616D65223A22637265617465645F62795F6964222C2274797065223A22696E7465676572222C2261726773223A5B5D2C2264656661756C74546F223A6E756C6C2C226E6F744E756C6C61626C65223A66616C73652C22756E7369676E6564223A747275657D2C7B226E616D65223A22757064617465645F62795F6964222C2274797065223A22696E7465676572222C2261726773223A5B5D2C2264656661756C74546F223A6E756C6C2C226E6F744E756C6C61626C65223A66616C73652C22756E7369676E6564223A747275657D2C7B226E616D65223A226C6F63616C65222C2274797065223A22737472696E67222C2261726773223A5B5D2C2264656661756C74546F223A6E756C6C2C226E6F744E756C6C61626C65223A66616C73652C22756E7369676E6564223A66616C73657D5D7D2C7B226E616D65223A2275705F7573657273222C22696E6465786573223A5B7B226E616D65223A2275705F75736572735F646F63756D656E74735F696478222C22636F6C756D6E73223A5B22646F63756D656E745F6964222C226C6F63616C65222C227075626C69736865645F6174225D7D2C7B226E616D65223A2275705F75736572735F637265617465645F62795F69645F666B222C22636F6C756D6E73223A5B22637265617465645F62795F6964225D7D2C7B226E616D65223A2275705F75736572735F757064617465645F62795F69645F666B222C22636F6C756D6E73223A5B22757064617465645F62795F6964225D7D5D2C22666F726569676E4B657973223A5B7B226E616D65223A2275705F75736572735F637265617465645F62795F69645F666B222C22636F6C756D6E73223A5B22637265617465645F62795F6964225D2C227265666572656E6365645461626C65223A2261646D696E5F7573657273222C227265666572656E636564436F6C756D6E73223A5B226964225D2C226F6E44656C657465223A22534554204E554C4C227D2C7B226E616D65223A2275705F75736572735F757064617465645F62795F69645F666B222C22636F6C756D6E73223A5B22757064617465645F62795F6964225D2C227265666572656E6365645461626C65223A2261646D696E5F7573657273222C227265666572656E636564436F6C756D6E73223A5B226964225D2C226F6E44656C657465223A22534554204E554C4C227D5D2C22636F6C756D6E73223A5B7B226E616D65223A226964222C2274797065223A22696E6372656D656E7473222C2261726773223A5B7B227072696D617279223A747275652C227072696D6172794B6579223A747275657D5D2C2264656661756C74546F223A6E756C6C2C226E6F744E756C6C61626C65223A747275652C22756E7369676E6564223A66616C73657D2C7B226E616D65223A22646F63756D656E745F6964222C2274797065223A22737472696E67222C2261726773223A5B5D2C2264656661756C74546F223A6E756C6C2C226E6F744E756C6C61626C65223A66616C73652C22756E7369676E6564223A66616C73657D2C7B226E616D65223A22757365726E616D65222C2274797065223A22737472696E67222C2261726773223A5B5D2C2264656661756C74546F223A6E756C6C2C226E6F744E756C6C61626C65223A66616C73652C22756E7369676E6564223A66616C73657D2C7B226E616D65223A22656D61696C222C2274797065223A22737472696E67222C2261726773223A5B5D2C2264656661756C74546F223A6E756C6C2C226E6F744E756C6C61626C65223A66616C73652C22756E7369676E6564223A66616C73657D2C7B226E616D65223A2270726F7669646572222C2274797065223A22737472696E67222C2261726773223A5B5D2C2264656661756C74546F223A6E756C6C2C226E6F744E756C6C61626C65223A66616C73652C22756E7369676E6564223A66616C73657D2C7B226E616D65223A2270617373776F7264222C2274797065223A22737472696E67222C2261726773223A5B5D2C2264656661756C74546F223A6E756C6C2C226E6F744E756C6C61626C65223A66616C73652C22756E7369676E6564223A66616C73657D2C7B226E616D65223A2272657365745F70617373776F72645F746F6B656E222C2274797065223A22737472696E67222C2261726773223A5B5D2C2264656661756C74546F223A6E756C6C2C226E6F744E756C6C61626C65223A66616C73652C22756E7369676E6564223A66616C73657D2C7B226E616D65223A22636F6E6669726D6174696F6E5F746F6B656E222C2274797065223A22737472696E67222C2261726773223A5B5D2C2264656661756C74546F223A6E756C6C2C226E6F744E756C6C61626C65223A66616C73652C22756E7369676E6564223A66616C73657D2C7B226E616D65223A22636F6E6669726D6564222C2274797065223A22626F6F6C65616E222C2261726773223A5B5D2C2264656661756C74546F223A6E756C6C2C226E6F744E756C6C61626C65223A66616C73652C22756E7369676E6564223A66616C73657D2C7B226E616D65223A22626C6F636B6564222C2274797065223A22626F6F6C65616E222C2261726773223A5B5D2C2264656661756C74546F223A6E756C6C2C226E6F744E756C6C61626C65223A66616C73652C22756E7369676E6564223A66616C73657D2C7B226E616D65223A22637265617465645F6174222C2274797065223A226461746574696D65222C2261726773223A5B7B22757365547A223A66616C73652C22707265636973696F6E223A367D5D2C2264656661756C74546F223A6E756C6C2C226E6F744E756C6C61626C65223A66616C73652C22756E7369676E6564223A66616C73657D2C7B226E616D65223A22757064617465645F6174222C2274797065223A226461746574696D65222C2261726773223A5B7B22757365547A223A66616C73652C22707265636973696F6E223A367D5D2C2264656661756C74546F223A6E756C6C2C226E6F744E756C6C61626C65223A66616C73652C22756E7369676E6564223A66616C73657D2C7B226E616D65223A227075626C69736865645F6174222C2274797065223A226461746574696D65222C2261726773223A5B7B22757365547A223A66616C73652C22707265636973696F6E223A367D5D2C2264656661756C74546F223A6E756C6C2C226E6F744E756C6C61626C65223A66616C73652C22756E7369676E6564223A66616C73657D2C7B226E616D65223A22637265617465645F62795F6964222C2274797065223A22696E7465676572222C2261726773223A5B5D2C2264656661756C74546F223A6E756C6C2C226E6F744E756C6C61626C65223A66616C73652C22756E7369676E6564223A747275657D2C7B226E616D65223A22757064617465645F62795F6964222C2274797065223A22696E7465676572222C2261726773223A5B5D2C2264656661756C74546F223A6E756C6C2C226E6F744E756C6C61626C65223A66616C73652C22756E7369676E6564223A747275657D2C7B226E616D65223A226C6F63616C65222C2274797065223A22737472696E67222C2261726773223A5B5D2C2264656661756C74546F223A6E756C6C2C226E6F744E756C6C61626C65223A66616C73652C22756E7369676E6564223A66616C73657D5D7D2C7B226E616D65223A2261646D696E5F7065726D697373696F6E73222C22696E6465786573223A5B7B226E616D65223A2261646D696E5F7065726D697373696F6E735F646F63756D656E74735F696478222C22636F6C756D6E73223A5B22646F63756D656E745F6964222C226C6F63616C65222C227075626C69736865645F6174225D7D2C7B226E616D65223A2261646D696E5F7065726D697373696F6E735F637265617465645F62795F69645F666B222C22636F6C756D6E73223A5B22637265617465645F62795F6964225D7D2C7B226E616D65223A2261646D696E5F7065726D697373696F6E735F757064617465645F62795F69645F666B222C22636F6C756D6E73223A5B22757064617465645F62795F6964225D7D5D2C22666F726569676E4B657973223A5B7B226E616D65223A2261646D696E5F7065726D697373696F6E735F637265617465645F62795F69645F666B222C22636F6C756D6E73223A5B22637265617465645F62795F6964225D2C227265666572656E6365645461626C65223A2261646D696E5F7573657273222C227265666572656E636564436F6C756D6E73223A5B226964225D2C226F6E44656C657465223A22534554204E554C4C227D2C7B226E616D65223A2261646D696E5F7065726D697373696F6E735F757064617465645F62795F69645F666B222C22636F6C756D6E73223A5B22757064617465645F62795F6964225D2C227265666572656E6365645461626C65223A2261646D696E5F7573657273222C227265666572656E636564436F6C756D6E73223A5B226964225D2C226F6E44656C657465223A22534554204E554C4C227D5D2C22636F6C756D6E73223A5B7B226E616D65223A226964222C2274797065223A22696E6372656D656E7473222C2261726773223A5B7B227072696D617279223A747275652C227072696D6172794B6579223A747275657D5D2C2264656661756C74546F223A6E756C6C2C226E6F744E756C6C61626C65223A747275652C22756E7369676E6564223A66616C73657D2C7B226E616D65223A22646F63756D656E745F6964222C2274797065223A22737472696E67222C2261726773223A5B5D2C2264656661756C74546F223A6E756C6C2C226E6F744E756C6C61626C65223A66616C73652C22756E7369676E6564223A66616C73657D2C7B226E616D65223A22616374696F6E222C2274797065223A22737472696E67222C2261726773223A5B5D2C2264656661756C74546F223A6E756C6C2C226E6F744E756C6C61626C65223A66616C73652C22756E7369676E6564223A66616C73657D2C7B226E616D65223A22616374696F6E5F706172616D6574657273222C2274797065223A226A736F6E62222C2261726773223A5B5D2C2264656661756C74546F223A6E756C6C2C226E6F744E756C6C61626C65223A66616C73652C22756E7369676E6564223A66616C73657D2C7B226E616D65223A227375626A656374222C2274797065223A22737472696E67222C2261726773223A5B5D2C2264656661756C74546F223A6E756C6C2C226E6F744E756C6C61626C65223A66616C73652C22756E7369676E6564223A66616C73657D2C7B226E616D65223A2270726F70657274696573222C2274797065223A226A736F6E62222C2261726773223A5B5D2C2264656661756C74546F223A6E756C6C2C226E6F744E756C6C61626C65223A66616C73652C22756E7369676E6564223A66616C73657D2C7B226E616D65223A22636F6E646974696F6E73222C2274797065223A226A736F6E62222C2261726773223A5B5D2C2264656661756C74546F223A6E756C6C2C226E6F744E756C6C61626C65223A66616C73652C22756E7369676E6564223A66616C73657D2C7B226E616D65223A22637265617465645F6174222C2274797065223A226461746574696D65222C2261726773223A5B7B22757365547A223A66616C73652C22707265636973696F6E223A367D5D2C2264656661756C74546F223A6E756C6C2C226E6F744E756C6C61626C65223A66616C73652C22756E7369676E6564223A66616C73657D2C7B226E616D65223A22757064617465645F6174222C2274797065223A226461746574696D65222C2261726773223A5B7B22757365547A223A66616C73652C22707265636973696F6E223A367D5D2C2264656661756C74546F223A6E756C6C2C226E6F744E756C6C61626C65223A66616C73652C22756E7369676E6564223A66616C73657D2C7B226E616D65223A227075626C69736865645F6174222C2274797065223A226461746574696D65222C2261726773223A5B7B22757365547A223A66616C73652C22707265636973696F6E223A367D5D2C2264656661756C74546F223A6E756C6C2C226E6F744E756C6C61626C65223A66616C73652C22756E7369676E6564223A66616C73657D2C7B226E616D65223A22637265617465645F62795F6964222C2274797065223A22696E7465676572222C2261726773223A5B5D2C2264656661756C74546F223A6E756C6C2C226E6F744E756C6C61626C65223A66616C73652C22756E7369676E6564223A747275657D2C7B226E616D65223A22757064617465645F62795F6964222C2274797065223A22696E7465676572222C2261726773223A5B5D2C2264656661756C74546F223A6E756C6C2C226E6F744E756C6C61626C65223A66616C73652C22756E7369676E6564223A747275657D2C7B226E616D65223A226C6F63616C65222C2274797065223A22737472696E67222C2261726773223A5B5D2C2264656661756C74546F223A6E756C6C2C226E6F744E756C6C61626C65223A66616C73652C22756E7369676E6564223A66616C73657D5D7D2C7B226E616D65223A2261646D696E5F7573657273222C22696E6465786573223A5B7B226E616D65223A2261646D696E5F75736572735F646F63756D656E74735F696478222C22636F6C756D6E73223A5B22646F63756D656E745F6964222C226C6F63616C65222C227075626C69736865645F6174225D7D2C7B226E616D65223A2261646D696E5F75736572735F637265617465645F62795F69645F666B222C22636F6C756D6E73223A5B22637265617465645F62795F6964225D7D2C7B226E616D65223A2261646D696E5F75736572735F757064617465645F62795F69645F666B222C22636F6C756D6E73223A5B22757064617465645F62795F6964225D7D5D2C22666F726569676E4B657973223A5B7B226E616D65223A2261646D696E5F75736572735F637265617465645F62795F69645F666B222C22636F6C756D6E73223A5B22637265617465645F62795F6964225D2C227265666572656E6365645461626C65223A2261646D696E5F7573657273222C227265666572656E636564436F6C756D6E73223A5B226964225D2C226F6E44656C657465223A22534554204E554C4C227D2C7B226E616D65223A2261646D696E5F75736572735F757064617465645F62795F69645F666B222C22636F6C756D6E73223A5B22757064617465645F62795F6964225D2C227265666572656E6365645461626C65223A2261646D696E5F7573657273222C227265666572656E636564436F6C756D6E73223A5B226964225D2C226F6E44656C657465223A22534554204E554C4C227D5D2C22636F6C756D6E73223A5B7B226E616D65223A226964222C2274797065223A22696E6372656D656E7473222C2261726773223A5B7B227072696D617279223A747275652C227072696D6172794B6579223A747275657D5D2C2264656661756C74546F223A6E756C6C2C226E6F744E756C6C61626C65223A747275652C22756E7369676E6564223A66616C73657D2C7B226E616D65223A22646F63756D656E745F6964222C2274797065223A22737472696E67222C2261726773223A5B5D2C2264656661756C74546F223A6E756C6C2C226E6F744E756C6C61626C65223A66616C73652C22756E7369676E6564223A66616C73657D2C7B226E616D65223A2266697273746E616D65222C2274797065223A22737472696E67222C2261726773223A5B5D2C2264656661756C74546F223A6E756C6C2C226E6F744E756C6C61626C65223A66616C73652C22756E7369676E6564223A66616C73657D2C7B226E616D65223A226C6173746E616D65222C2274797065223A22737472696E67222C2261726773223A5B5D2C2264656661756C74546F223A6E756C6C2C226E6F744E756C6C61626C65223A66616C73652C22756E7369676E6564223A66616C73657D2C7B226E616D65223A22757365726E616D65222C2274797065223A22737472696E67222C2261726773223A5B5D2C2264656661756C74546F223A6E756C6C2C226E6F744E756C6C61626C65223A66616C73652C22756E7369676E6564223A66616C73657D2C7B226E616D65223A22656D61696C222C2274797065223A22737472696E67222C2261726773223A5B5D2C2264656661756C74546F223A6E756C6C2C226E6F744E756C6C61626C65223A66616C73652C22756E7369676E6564223A66616C73657D2C7B226E616D65223A2270617373776F7264222C2274797065223A22737472696E67222C2261726773223A5B5D2C2264656661756C74546F223A6E756C6C2C226E6F744E756C6C61626C65223A66616C73652C22756E7369676E6564223A66616C73657D2C7B226E616D65223A2272657365745F70617373776F72645F746F6B656E222C2274797065223A22737472696E67222C2261726773223A5B5D2C2264656661756C74546F223A6E756C6C2C226E6F744E756C6C61626C65223A66616C73652C22756E7369676E6564223A66616C73657D2C7B226E616D65223A22726567697374726174696F6E5F746F6B656E222C2274797065223A22737472696E67222C2261726773223A5B5D2C2264656661756C74546F223A6E756C6C2C226E6F744E756C6C61626C65223A66616C73652C22756E7369676E6564223A66616C73657D2C7B226E616D65223A2269735F616374697665222C2274797065223A22626F6F6C65616E222C2261726773223A5B5D2C2264656661756C74546F223A6E756C6C2C226E6F744E756C6C61626C65223A66616C73652C22756E7369676E6564223A66616C73657D2C7B226E616D65223A22626C6F636B6564222C2274797065223A22626F6F6C65616E222C2261726773223A5B5D2C2264656661756C74546F223A6E756C6C2C226E6F744E756C6C61626C65223A66616C73652C22756E7369676E6564223A66616C73657D2C7B226E616D65223A2270726566657265645F6C616E6775616765222C2274797065223A22737472696E67222C2261726773223A5B5D2C2264656661756C74546F223A6E756C6C2C226E6F744E756C6C61626C65223A66616C73652C22756E7369676E6564223A66616C73657D2C7B226E616D65223A22637265617465645F6174222C2274797065223A226461746574696D65222C2261726773223A5B7B22757365547A223A66616C73652C22707265636973696F6E223A367D5D2C2264656661756C74546F223A6E756C6C2C226E6F744E756C6C61626C65223A66616C73652C22756E7369676E6564223A66616C73657D2C7B226E616D65223A22757064617465645F6174222C2274797065223A226461746574696D65222C2261726773223A5B7B22757365547A223A66616C73652C22707265636973696F6E223A367D5D2C2264656661756C74546F223A6E756C6C2C226E6F744E756C6C61626C65223A66616C73652C22756E7369676E6564223A66616C73657D2C7B226E616D65223A227075626C69736865645F6174222C2274797065223A226461746574696D65222C2261726773223A5B7B22757365547A223A66616C73652C22707265636973696F6E223A367D5D2C2264656661756C74546F223A6E756C6C2C226E6F744E756C6C61626C65223A66616C73652C22756E7369676E6564223A66616C73657D2C7B226E616D65223A22637265617465645F62795F6964222C2274797065223A22696E7465676572222C2261726773223A5B5D2C2264656661756C74546F223A6E756C6C2C226E6F744E756C6C61626C65223A66616C73652C22756E7369676E6564223A747275657D2C7B226E616D65223A22757064617465645F62795F6964222C2274797065223A22696E7465676572222C2261726773223A5B5D2C2264656661756C74546F223A6E756C6C2C226E6F744E756C6C61626C65223A66616C73652C22756E7369676E6564223A747275657D2C7B226E616D65223A226C6F63616C65222C2274797065223A22737472696E67222C2261726773223A5B5D2C2264656661756C74546F223A6E756C6C2C226E6F744E756C6C61626C65223A66616C73652C22756E7369676E6564223A66616C73657D5D7D2C7B226E616D65223A2261646D696E5F726F6C6573222C22696E6465786573223A5B7B226E616D65223A2261646D696E5F726F6C65735F646F63756D656E74735F696478222C22636F6C756D6E73223A5B22646F63756D656E745F6964222C226C6F63616C65222C227075626C69736865645F6174225D7D2C7B226E616D65223A2261646D696E5F726F6C65735F637265617465645F62795F69645F666B222C22636F6C756D6E73223A5B22637265617465645F62795F6964225D7D2C7B226E616D65223A2261646D696E5F726F6C65735F757064617465645F62795F69645F666B222C22636F6C756D6E73223A5B22757064617465645F62795F6964225D7D5D2C22666F726569676E4B657973223A5B7B226E616D65223A2261646D696E5F726F6C65735F637265617465645F62795F69645F666B222C22636F6C756D6E73223A5B22637265617465645F62795F6964225D2C227265666572656E6365645461626C65223A2261646D696E5F7573657273222C227265666572656E636564436F6C756D6E73223A5B226964225D2C226F6E44656C657465223A22534554204E554C4C227D2C7B226E616D65223A2261646D696E5F726F6C65735F757064617465645F62795F69645F666B222C22636F6C756D6E73223A5B22757064617465645F62795F6964225D2C227265666572656E6365645461626C65223A2261646D696E5F7573657273222C227265666572656E636564436F6C756D6E73223A5B226964225D2C226F6E44656C657465223A22534554204E554C4C227D5D2C22636F6C756D6E73223A5B7B226E616D65223A226964222C2274797065223A22696E6372656D656E7473222C2261726773223A5B7B227072696D617279223A747275652C227072696D6172794B6579223A747275657D5D2C2264656661756C74546F223A6E756C6C2C226E6F744E756C6C61626C65223A747275652C22756E7369676E6564223A66616C73657D2C7B226E616D65223A22646F63756D656E745F6964222C2274797065223A22737472696E67222C2261726773223A5B5D2C2264656661756C74546F223A6E756C6C2C226E6F744E756C6C61626C65223A66616C73652C22756E7369676E6564223A66616C73657D2C7B226E616D65223A226E616D65222C2274797065223A22737472696E67222C2261726773223A5B5D2C2264656661756C74546F223A6E756C6C2C226E6F744E756C6C61626C65223A66616C73652C22756E7369676E6564223A66616C73657D2C7B226E616D65223A22636F6465222C2274797065223A22737472696E67222C2261726773223A5B5D2C2264656661756C74546F223A6E756C6C2C226E6F744E756C6C61626C65223A66616C73652C22756E7369676E6564223A66616C73657D2C7B226E616D65223A226465736372697074696F6E222C2274797065223A22737472696E67222C2261726773223A5B5D2C2264656661756C74546F223A6E756C6C2C226E6F744E756C6C61626C65223A66616C73652C22756E7369676E6564223A66616C73657D2C7B226E616D65223A22637265617465645F6174222C2274797065223A226461746574696D65222C2261726773223A5B7B22757365547A223A66616C73652C22707265636973696F6E223A367D5D2C2264656661756C74546F223A6E756C6C2C226E6F744E756C6C61626C65223A66616C73652C22756E7369676E6564223A66616C73657D2C7B226E616D65223A22757064617465645F6174222C2274797065223A226461746574696D65222C2261726773223A5B7B22757365547A223A66616C73652C22707265636973696F6E223A367D5D2C2264656661756C74546F223A6E756C6C2C226E6F744E756C6C61626C65223A66616C73652C22756E7369676E6564223A66616C73657D2C7B226E616D65223A227075626C69736865645F6174222C2274797065223A226461746574696D65222C2261726773223A5B7B22757365547A223A66616C73652C22707265636973696F6E223A367D5D2C2264656661756C74546F223A6E756C6C2C226E6F744E756C6C61626C65223A66616C73652C22756E7369676E6564223A66616C73657D2C7B226E616D65223A22637265617465645F62795F6964222C2274797065223A22696E7465676572222C2261726773223A5B5D2C2264656661756C74546F223A6E756C6C2C226E6F744E756C6C61626C65223A66616C73652C22756E7369676E6564223A747275657D2C7B226E616D65223A22757064617465645F62795F6964222C2274797065223A22696E7465676572222C2261726773223A5B5D2C2264656661756C74546F223A6E756C6C2C226E6F744E756C6C61626C65223A66616C73652C22756E7369676E6564223A747275657D2C7B226E616D65223A226C6F63616C65222C2274797065223A22737472696E67222C2261726773223A5B5D2C2264656661756C74546F223A6E756C6C2C226E6F744E756C6C61626C65223A66616C73652C22756E7369676E6564223A66616C73657D5D7D2C7B226E616D65223A227374726170695F6170695F746F6B656E73222C22696E6465786573223A5B7B226E616D65223A227374726170695F6170695F746F6B656E735F646F63756D656E74735F696478222C22636F6C756D6E73223A5B22646F63756D656E745F6964222C226C6F63616C65222C227075626C69736865645F6174225D7D2C7B226E616D65223A227374726170695F6170695F746F6B656E735F637265617465645F62795F69645F666B222C22636F6C756D6E73223A5B22637265617465645F62795F6964225D7D2C7B226E616D65223A227374726170695F6170695F746F6B656E735F757064617465645F62795F69645F666B222C22636F6C756D6E73223A5B22757064617465645F62795F6964225D7D5D2C22666F726569676E4B657973223A5B7B226E616D65223A227374726170695F6170695F746F6B656E735F637265617465645F62795F69645F666B222C22636F6C756D6E73223A5B22637265617465645F62795F6964225D2C227265666572656E6365645461626C65223A2261646D696E5F7573657273222C227265666572656E636564436F6C756D6E73223A5B226964225D2C226F6E44656C657465223A22534554204E554C4C227D2C7B226E616D65223A227374726170695F6170695F746F6B656E735F757064617465645F62795F69645F666B222C22636F6C756D6E73223A5B22757064617465645F62795F6964225D2C227265666572656E6365645461626C65223A2261646D696E5F7573657273222C227265666572656E636564436F6C756D6E73223A5B226964225D2C226F6E44656C657465223A22534554204E554C4C227D5D2C22636F6C756D6E73223A5B7B226E616D65223A226964222C2274797065223A22696E6372656D656E7473222C2261726773223A5B7B227072696D617279223A747275652C227072696D6172794B6579223A747275657D5D2C2264656661756C74546F223A6E756C6C2C226E6F744E756C6C61626C65223A747275652C22756E7369676E6564223A66616C73657D2C7B226E616D65223A22646F63756D656E745F6964222C2274797065223A22737472696E67222C2261726773223A5B5D2C2264656661756C74546F223A6E756C6C2C226E6F744E756C6C61626C65223A66616C73652C22756E7369676E6564223A66616C73657D2C7B226E616D65223A226E616D65222C2274797065223A22737472696E67222C2261726773223A5B5D2C2264656661756C74546F223A6E756C6C2C226E6F744E756C6C61626C65223A66616C73652C22756E7369676E6564223A66616C73657D2C7B226E616D65223A226465736372697074696F6E222C2274797065223A22737472696E67222C2261726773223A5B5D2C2264656661756C74546F223A6E756C6C2C226E6F744E756C6C61626C65223A66616C73652C22756E7369676E6564223A66616C73657D2C7B226E616D65223A2274797065222C2274797065223A22737472696E67222C2261726773223A5B5D2C2264656661756C74546F223A6E756C6C2C226E6F744E756C6C61626C65223A66616C73652C22756E7369676E6564223A66616C73657D2C7B226E616D65223A226163636573735F6B6579222C2274797065223A22737472696E67222C2261726773223A5B5D2C2264656661756C74546F223A6E756C6C2C226E6F744E756C6C61626C65223A66616C73652C22756E7369676E6564223A66616C73657D2C7B226E616D65223A226C6173745F757365645F6174222C2274797065223A226461746574696D65222C2261726773223A5B7B22757365547A223A66616C73652C22707265636973696F6E223A367D5D2C2264656661756C74546F223A6E756C6C2C226E6F744E756C6C61626C65223A66616C73652C22756E7369676E6564223A66616C73657D2C7B226E616D65223A22657870697265735F6174222C2274797065223A226461746574696D65222C2261726773223A5B7B22757365547A223A66616C73652C22707265636973696F6E223A367D5D2C2264656661756C74546F223A6E756C6C2C226E6F744E756C6C61626C65223A66616C73652C22756E7369676E6564223A66616C73657D2C7B226E616D65223A226C6966657370616E222C2274797065223A22626967496E7465676572222C2261726773223A5B5D2C2264656661756C74546F223A6E756C6C2C226E6F744E756C6C61626C65223A66616C73652C22756E7369676E6564223A66616C73657D2C7B226E616D65223A22637265617465645F6174222C2274797065223A226461746574696D65222C2261726773223A5B7B22757365547A223A66616C73652C22707265636973696F6E223A367D5D2C2264656661756C74546F223A6E756C6C2C226E6F744E756C6C61626C65223A66616C73652C22756E7369676E6564223A66616C73657D2C7B226E616D65223A22757064617465645F6174222C2274797065223A226461746574696D65222C2261726773223A5B7B22757365547A223A66616C73652C22707265636973696F6E223A367D5D2C2264656661756C74546F223A6E756C6C2C226E6F744E756C6C61626C65223A66616C73652C22756E7369676E6564223A66616C73657D2C7B226E616D65223A227075626C69736865645F6174222C2274797065223A226461746574696D65222C2261726773223A5B7B22757365547A223A66616C73652C22707265636973696F6E223A367D5D2C2264656661756C74546F223A6E756C6C2C226E6F744E756C6C61626C65223A66616C73652C22756E7369676E6564223A66616C73657D2C7B226E616D65223A22637265617465645F62795F6964222C2274797065223A22696E7465676572222C2261726773223A5B5D2C2264656661756C74546F223A6E756C6C2C226E6F744E756C6C61626C65223A66616C73652C22756E7369676E6564223A747275657D2C7B226E616D65223A22757064617465645F62795F6964222C2274797065223A22696E7465676572222C2261726773223A5B5D2C2264656661756C74546F223A6E756C6C2C226E6F744E756C6C61626C65223A66616C73652C22756E7369676E6564223A747275657D2C7B226E616D65223A226C6F63616C65222C2274797065223A22737472696E67222C2261726773223A5B5D2C2264656661756C74546F223A6E756C6C2C226E6F744E756C6C61626C65223A66616C73652C22756E7369676E6564223A66616C73657D5D7D2C7B226E616D65223A227374726170695F6170695F746F6B656E5F7065726D697373696F6E73222C22696E6465786573223A5B7B226E616D65223A227374726170695F6170695F746F6B656E5F7065726D697373696F6E735F646F63756D656E74735F696478222C22636F6C756D6E73223A5B22646F63756D656E745F6964222C226C6F63616C65222C227075626C69736865645F6174225D7D2C7B226E616D65223A227374726170695F6170695F746F6B656E5F7065726D697373696F6E735F637265617465645F62795F69645F666B222C22636F6C756D6E73223A5B22637265617465645F62795F6964225D7D2C7B226E616D65223A227374726170695F6170695F746F6B656E5F7065726D697373696F6E735F757064617465645F62795F69645F666B222C22636F6C756D6E73223A5B22757064617465645F62795F6964225D7D5D2C22666F726569676E4B657973223A5B7B226E616D65223A227374726170695F6170695F746F6B656E5F7065726D697373696F6E735F637265617465645F62795F69645F666B222C22636F6C756D6E73223A5B22637265617465645F62795F6964225D2C227265666572656E6365645461626C65223A2261646D696E5F7573657273222C227265666572656E636564436F6C756D6E73223A5B226964225D2C226F6E44656C657465223A22534554204E554C4C227D2C7B226E616D65223A227374726170695F6170695F746F6B656E5F7065726D697373696F6E735F757064617465645F62795F69645F666B222C22636F6C756D6E73223A5B22757064617465645F62795F6964225D2C227265666572656E6365645461626C65223A2261646D696E5F7573657273222C227265666572656E636564436F6C756D6E73223A5B226964225D2C226F6E44656C657465223A22534554204E554C4C227D5D2C22636F6C756D6E73223A5B7B226E616D65223A226964222C2274797065223A22696E6372656D656E7473222C2261726773223A5B7B227072696D617279223A747275652C227072696D6172794B6579223A747275657D5D2C2264656661756C74546F223A6E756C6C2C226E6F744E756C6C61626C65223A747275652C22756E7369676E6564223A66616C73657D2C7B226E616D65223A22646F63756D656E745F6964222C2274797065223A22737472696E67222C2261726773223A5B5D2C2264656661756C74546F223A6E756C6C2C226E6F744E756C6C61626C65223A66616C73652C22756E7369676E6564223A66616C73657D2C7B226E616D65223A22616374696F6E222C2274797065223A22737472696E67222C2261726773223A5B5D2C2264656661756C74546F223A6E756C6C2C226E6F744E756C6C61626C65223A66616C73652C22756E7369676E6564223A66616C73657D2C7B226E616D65223A22637265617465645F6174222C2274797065223A226461746574696D65222C2261726773223A5B7B22757365547A223A66616C73652C22707265636973696F6E223A367D5D2C2264656661756C74546F223A6E756C6C2C226E6F744E756C6C61626C65223A66616C73652C22756E7369676E6564223A66616C73657D2C7B226E616D65223A22757064617465645F6174222C2274797065223A226461746574696D65222C2261726773223A5B7B22757365547A223A66616C73652C22707265636973696F6E223A367D5D2C2264656661756C74546F223A6E756C6C2C226E6F744E756C6C61626C65223A66616C73652C22756E7369676E6564223A66616C73657D2C7B226E616D65223A227075626C69736865645F6174222C2274797065223A226461746574696D65222C2261726773223A5B7B22757365547A223A66616C73652C22707265636973696F6E223A367D5D2C2264656661756C74546F223A6E756C6C2C226E6F744E756C6C61626C65223A66616C73652C22756E7369676E6564223A66616C73657D2C7B226E616D65223A22637265617465645F62795F6964222C2274797065223A22696E7465676572222C2261726773223A5B5D2C2264656661756C74546F223A6E756C6C2C226E6F744E756C6C61626C65223A66616C73652C22756E7369676E6564223A747275657D2C7B226E616D65223A22757064617465645F62795F6964222C2274797065223A22696E7465676572222C2261726773223A5B5D2C2264656661756C74546F223A6E756C6C2C226E6F744E756C6C61626C65223A66616C73652C22756E7369676E6564223A747275657D2C7B226E616D65223A226C6F63616C65222C2274797065223A22737472696E67222C2261726773223A5B5D2C2264656661756C74546F223A6E756C6C2C226E6F744E756C6C61626C65223A66616C73652C22756E7369676E6564223A66616C73657D5D7D2C7B226E616D65223A227374726170695F7472616E736665725F746F6B656E73222C22696E6465786573223A5B7B226E616D65223A227374726170695F7472616E736665725F746F6B656E735F646F63756D656E74735F696478222C22636F6C756D6E73223A5B22646F63756D656E745F6964222C226C6F63616C65222C227075626C69736865645F6174225D7D2C7B226E616D65223A227374726170695F7472616E736665725F746F6B656E735F637265617465645F62795F69645F666B222C22636F6C756D6E73223A5B22637265617465645F62795F6964225D7D2C7B226E616D65223A227374726170695F7472616E736665725F746F6B656E735F757064617465645F62795F69645F666B222C22636F6C756D6E73223A5B22757064617465645F62795F6964225D7D5D2C22666F726569676E4B657973223A5B7B226E616D65223A227374726170695F7472616E736665725F746F6B656E735F637265617465645F62795F69645F666B222C22636F6C756D6E73223A5B22637265617465645F62795F6964225D2C227265666572656E6365645461626C65223A2261646D696E5F7573657273222C227265666572656E636564436F6C756D6E73223A5B226964225D2C226F6E44656C657465223A22534554204E554C4C227D2C7B226E616D65223A227374726170695F7472616E736665725F746F6B656E735F757064617465645F62795F69645F666B222C22636F6C756D6E73223A5B22757064617465645F62795F6964225D2C227265666572656E6365645461626C65223A2261646D696E5F7573657273222C227265666572656E636564436F6C756D6E73223A5B226964225D2C226F6E44656C657465223A22534554204E554C4C227D5D2C22636F6C756D6E73223A5B7B226E616D65223A226964222C2274797065223A22696E6372656D656E7473222C2261726773223A5B7B227072696D617279223A747275652C227072696D6172794B6579223A747275657D5D2C2264656661756C74546F223A6E756C6C2C226E6F744E756C6C61626C65223A747275652C22756E7369676E6564223A66616C73657D2C7B226E616D65223A22646F63756D656E745F6964222C2274797065223A22737472696E67222C2261726773223A5B5D2C2264656661756C74546F223A6E756C6C2C226E6F744E756C6C61626C65223A66616C73652C22756E7369676E6564223A66616C73657D2C7B226E616D65223A226E616D65222C2274797065223A22737472696E67222C2261726773223A5B5D2C2264656661756C74546F223A6E756C6C2C226E6F744E756C6C61626C65223A66616C73652C22756E7369676E6564223A66616C73657D2C7B226E616D65223A226465736372697074696F6E222C2274797065223A22737472696E67222C2261726773223A5B5D2C2264656661756C74546F223A6E756C6C2C226E6F744E756C6C61626C65223A66616C73652C22756E7369676E6564223A66616C73657D2C7B226E616D65223A226163636573735F6B6579222C2274797065223A22737472696E67222C2261726773223A5B5D2C2264656661756C74546F223A6E756C6C2C226E6F744E756C6C61626C65223A66616C73652C22756E7369676E6564223A66616C73657D2C7B226E616D65223A226C6173745F757365645F6174222C2274797065223A226461746574696D65222C2261726773223A5B7B22757365547A223A66616C73652C22707265636973696F6E223A367D5D2C2264656661756C74546F223A6E756C6C2C226E6F744E756C6C61626C65223A66616C73652C22756E7369676E6564223A66616C73657D2C7B226E616D65223A22657870697265735F6174222C2274797065223A226461746574696D65222C2261726773223A5B7B22757365547A223A66616C73652C22707265636973696F6E223A367D5D2C2264656661756C74546F223A6E756C6C2C226E6F744E756C6C61626C65223A66616C73652C22756E7369676E6564223A66616C73657D2C7B226E616D65223A226C6966657370616E222C2274797065223A22626967496E7465676572222C2261726773223A5B5D2C2264656661756C74546F223A6E756C6C2C226E6F744E756C6C61626C65223A66616C73652C22756E7369676E6564223A66616C73657D2C7B226E616D65223A22637265617465645F6174222C2274797065223A226461746574696D65222C2261726773223A5B7B22757365547A223A66616C73652C22707265636973696F6E223A367D5D2C2264656661756C74546F223A6E756C6C2C226E6F744E756C6C61626C65223A66616C73652C22756E7369676E6564223A66616C73657D2C7B226E616D65223A22757064617465645F6174222C2274797065223A226461746574696D65222C2261726773223A5B7B22757365547A223A66616C73652C22707265636973696F6E223A367D5D2C2264656661756C74546F223A6E756C6C2C226E6F744E756C6C61626C65223A66616C73652C22756E7369676E6564223A66616C73657D2C7B226E616D65223A227075626C69736865645F6174222C2274797065223A226461746574696D65222C2261726773223A5B7B22757365547A223A66616C73652C22707265636973696F6E223A367D5D2C2264656661756C74546F223A6E756C6C2C226E6F744E756C6C61626C65223A66616C73652C22756E7369676E6564223A66616C73657D2C7B226E616D65223A22637265617465645F62795F6964222C2274797065223A22696E7465676572222C2261726773223A5B5D2C2264656661756C74546F223A6E756C6C2C226E6F744E756C6C61626C65223A66616C73652C22756E7369676E6564223A747275657D2C7B226E616D65223A22757064617465645F62795F6964222C2274797065223A22696E7465676572222C2261726773223A5B5D2C2264656661756C74546F223A6E756C6C2C226E6F744E756C6C61626C65223A66616C73652C22756E7369676E6564223A747275657D2C7B226E616D65223A226C6F63616C65222C2274797065223A22737472696E67222C2261726773223A5B5D2C2264656661756C74546F223A6E756C6C2C226E6F744E756C6C61626C65223A66616C73652C22756E7369676E6564223A66616C73657D5D7D2C7B226E616D65223A227374726170695F7472616E736665725F746F6B656E5F7065726D697373696F6E73222C22696E6465786573223A5B7B226E616D65223A227374726170695F7472616E736665725F746F6B656E5F7065726D697373696F6E735F646F63756D656E74735F696478222C22636F6C756D6E73223A5B22646F63756D656E745F6964222C226C6F63616C65222C227075626C69736865645F6174225D7D2C7B226E616D65223A227374726170695F7472616E736665725F746F6B656E5F7065726D697373696F6E735F637265617465645F62795F69645F666B222C22636F6C756D6E73223A5B22637265617465645F62795F6964225D7D2C7B226E616D65223A227374726170695F7472616E736665725F746F6B656E5F7065726D697373696F6E735F757064617465645F62795F69645F666B222C22636F6C756D6E73223A5B22757064617465645F62795F6964225D7D5D2C22666F726569676E4B657973223A5B7B226E616D65223A227374726170695F7472616E736665725F746F6B656E5F7065726D697373696F6E735F637265617465645F62795F69645F666B222C22636F6C756D6E73223A5B22637265617465645F62795F6964225D2C227265666572656E6365645461626C65223A2261646D696E5F7573657273222C227265666572656E636564436F6C756D6E73223A5B226964225D2C226F6E44656C657465223A22534554204E554C4C227D2C7B226E616D65223A227374726170695F7472616E736665725F746F6B656E5F7065726D697373696F6E735F757064617465645F62795F69645F666B222C22636F6C756D6E73223A5B22757064617465645F62795F6964225D2C227265666572656E6365645461626C65223A2261646D696E5F7573657273222C227265666572656E636564436F6C756D6E73223A5B226964225D2C226F6E44656C657465223A22534554204E554C4C227D5D2C22636F6C756D6E73223A5B7B226E616D65223A226964222C2274797065223A22696E6372656D656E7473222C2261726773223A5B7B227072696D617279223A747275652C227072696D6172794B6579223A747275657D5D2C2264656661756C74546F223A6E756C6C2C226E6F744E756C6C61626C65223A747275652C22756E7369676E6564223A66616C73657D2C7B226E616D65223A22646F63756D656E745F6964222C2274797065223A22737472696E67222C2261726773223A5B5D2C2264656661756C74546F223A6E756C6C2C226E6F744E756C6C61626C65223A66616C73652C22756E7369676E6564223A66616C73657D2C7B226E616D65223A22616374696F6E222C2274797065223A22737472696E67222C2261726773223A5B5D2C2264656661756C74546F223A6E756C6C2C226E6F744E756C6C61626C65223A66616C73652C22756E7369676E6564223A66616C73657D2C7B226E616D65223A22637265617465645F6174222C2274797065223A226461746574696D65222C2261726773223A5B7B22757365547A223A66616C73652C22707265636973696F6E223A367D5D2C2264656661756C74546F223A6E756C6C2C226E6F744E756C6C61626C65223A66616C73652C22756E7369676E6564223A66616C73657D2C7B226E616D65223A22757064617465645F6174222C2274797065223A226461746574696D65222C2261726773223A5B7B22757365547A223A66616C73652C22707265636973696F6E223A367D5D2C2264656661756C74546F223A6E756C6C2C226E6F744E756C6C61626C65223A66616C73652C22756E7369676E6564223A66616C73657D2C7B226E616D65223A227075626C69736865645F6174222C2274797065223A226461746574696D65222C2261726773223A5B7B22757365547A223A66616C73652C22707265636973696F6E223A367D5D2C2264656661756C74546F223A6E756C6C2C226E6F744E756C6C61626C65223A66616C73652C22756E7369676E6564223A66616C73657D2C7B226E616D65223A22637265617465645F62795F6964222C2274797065223A22696E7465676572222C2261726773223A5B5D2C2264656661756C74546F223A6E756C6C2C226E6F744E756C6C61626C65223A66616C73652C22756E7369676E6564223A747275657D2C7B226E616D65223A22757064617465645F62795F6964222C2274797065223A22696E7465676572222C2261726773223A5B5D2C2264656661756C74546F223A6E756C6C2C226E6F744E756C6C61626C65223A66616C73652C22756E7369676E6564223A747275657D2C7B226E616D65223A226C6F63616C65222C2274797065223A22737472696E67222C2261726773223A5B5D2C2264656661756C74546F223A6E756C6C2C226E6F744E756C6C61626C65223A66616C73652C22756E7369676E6564223A66616C73657D5D7D2C7B226E616D65223A22636F6D706F6E656E74735F7368617265645F766572696669636174696F6E73222C22696E6465786573223A5B5D2C22666F726569676E4B657973223A5B5D2C22636F6C756D6E73223A5B7B226E616D65223A226964222C2274797065223A22696E6372656D656E7473222C2261726773223A5B7B227072696D617279223A747275652C227072696D6172794B6579223A747275657D5D2C2264656661756C74546F223A6E756C6C2C226E6F744E756C6C61626C65223A747275652C22756E7369676E6564223A66616C73657D2C7B226E616D65223A2270726F7065727479222C2274797065223A22737472696E67222C2261726773223A5B5D2C2264656661756C74546F223A6E756C6C2C226E6F744E756C6C61626C65223A66616C73652C22756E7369676E6564223A66616C73657D2C7B226E616D65223A2276616C7565222C2274797065223A22737472696E67222C2261726773223A5B5D2C2264656661756C74546F223A6E756C6C2C226E6F744E756C6C61626C65223A66616C73652C22756E7369676E6564223A66616C73657D5D7D2C7B226E616D65223A22636F6D706F6E656E74735F7368617265645F73656F735F636D7073222C22696E6465786573223A5B7B226E616D65223A22636F6D706F6E656E74735F7368617265645F73656F735F6669656C645F696478222C22636F6C756D6E73223A5B226669656C64225D7D2C7B226E616D65223A22636F6D706F6E656E74735F7368617265645F73656F735F636F6D706F6E656E745F747970655F696478222C22636F6C756D6E73223A5B22636F6D706F6E656E745F74797065225D7D2C7B226E616D65223A22636F6D706F6E656E74735F7368617265645F73656F735F656E746974795F666B222C22636F6C756D6E73223A5B22656E746974795F6964225D7D2C7B226E616D65223A22636F6D706F6E656E74735F7368617265645F73656F735F7571222C22636F6C756D6E73223A5B22656E746974795F6964222C22636D705F6964222C226669656C64222C22636F6D706F6E656E745F74797065225D2C2274797065223A22756E69717565227D5D2C22666F726569676E4B657973223A5B7B226E616D65223A22636F6D706F6E656E74735F7368617265645F73656F735F656E746974795F666B222C22636F6C756D6E73223A5B22656E746974795F6964225D2C227265666572656E636564436F6C756D6E73223A5B226964225D2C227265666572656E6365645461626C65223A22636F6D706F6E656E74735F7368617265645F73656F73222C226F6E44656C657465223A2243415343414445227D5D2C22636F6C756D6E73223A5B7B226E616D65223A226964222C2274797065223A22696E6372656D656E7473222C2261726773223A5B7B227072696D617279223A747275652C227072696D6172794B6579223A747275657D5D2C2264656661756C74546F223A6E756C6C2C226E6F744E756C6C61626C65223A747275652C22756E7369676E6564223A66616C73657D2C7B226E616D65223A22656E746974795F6964222C2274797065223A22696E7465676572222C2261726773223A5B5D2C2264656661756C74546F223A6E756C6C2C226E6F744E756C6C61626C65223A66616C73652C22756E7369676E6564223A747275657D2C7B226E616D65223A22636D705F6964222C2274797065223A22696E7465676572222C2261726773223A5B5D2C2264656661756C74546F223A6E756C6C2C226E6F744E756C6C61626C65223A66616C73652C22756E7369676E6564223A747275657D2C7B226E616D65223A22636F6D706F6E656E745F74797065222C2274797065223A22737472696E67222C2261726773223A5B5D2C2264656661756C74546F223A6E756C6C2C226E6F744E756C6C61626C65223A66616C73652C22756E7369676E6564223A66616C73657D2C7B226E616D65223A226669656C64222C2274797065223A22737472696E67222C2261726773223A5B5D2C2264656661756C74546F223A6E756C6C2C226E6F744E756C6C61626C65223A66616C73652C22756E7369676E6564223A66616C73657D2C7B226E616D65223A226F72646572222C2274797065223A22646F75626C65222C2261726773223A5B5D2C2264656661756C74546F223A6E756C6C2C226E6F744E756C6C61626C65223A66616C73652C22756E7369676E6564223A747275657D5D7D2C7B226E616D65223A22636F6D706F6E656E74735F7368617265645F73656F73222C22696E6465786573223A5B5D2C22666F726569676E4B657973223A5B5D2C22636F6C756D6E73223A5B7B226E616D65223A226964222C2274797065223A22696E6372656D656E7473222C2261726773223A5B7B227072696D617279223A747275652C227072696D6172794B6579223A747275657D5D2C2264656661756C74546F223A6E756C6C2C226E6F744E756C6C61626C65223A747275652C22756E7369676E6564223A66616C73657D2C7B226E616D65223A226D6574615F7469746C65222C2274797065223A22737472696E67222C2261726773223A5B5D2C2264656661756C74546F223A6E756C6C2C226E6F744E756C6C61626C65223A66616C73652C22756E7369676E6564223A66616C73657D2C7B226E616D65223A226D6574615F6465736372697074696F6E222C2274797065223A22737472696E67222C2261726773223A5B5D2C2264656661756C74546F223A6E756C6C2C226E6F744E756C6C61626C65223A66616C73652C22756E7369676E6564223A66616C73657D2C7B226E616D65223A226B6579776F726473222C2274797065223A2274657874222C2261726773223A5B226C6F6E6774657874225D2C2264656661756C74546F223A6E756C6C2C226E6F744E756C6C61626C65223A66616C73652C22756E7369676E6564223A66616C73657D2C7B226E616D65223A226D6574615F726F626F7473222C2274797065223A22737472696E67222C2261726773223A5B5D2C2264656661756C74546F223A6E756C6C2C226E6F744E756C6C61626C65223A66616C73652C22756E7369676E6564223A66616C73657D2C7B226E616D65223A226D6574615F76696577706F7274222C2274797065223A22737472696E67222C2261726773223A5B5D2C2264656661756C74546F223A6E756C6C2C226E6F744E756C6C61626C65223A66616C73652C22756E7369676E6564223A66616C73657D2C7B226E616D65223A2263616E6F6E6963616C5F75726C222C2274797065223A22737472696E67222C2261726773223A5B5D2C2264656661756C74546F223A6E756C6C2C226E6F744E756C6C61626C65223A66616C73652C22756E7369676E6564223A66616C73657D2C7B226E616D65223A22737472756374757265645F64617461222C2274797065223A226A736F6E62222C2261726773223A5B5D2C2264656661756C74546F223A6E756C6C2C226E6F744E756C6C61626C65223A66616C73652C22756E7369676E6564223A66616C73657D5D7D2C7B226E616D65223A22636F6D706F6E656E74735F7368617265645F726F626F7473222C22696E6465786573223A5B5D2C22666F726569676E4B657973223A5B5D2C22636F6C756D6E73223A5B7B226E616D65223A226964222C2274797065223A22696E6372656D656E7473222C2261726773223A5B7B227072696D617279223A747275652C227072696D6172794B6579223A747275657D5D2C2264656661756C74546F223A6E756C6C2C226E6F744E756C6C61626C65223A747275652C22756E7369676E6564223A66616C73657D2C7B226E616D65223A22696E646578222C2274797065223A22626F6F6C65616E222C2261726773223A5B5D2C2264656661756C74546F223A6E756C6C2C226E6F744E756C6C61626C65223A66616C73652C22756E7369676E6564223A66616C73657D2C7B226E616D65223A22666F6C6C6F77222C2274797065223A22626F6F6C65616E222C2261726773223A5B5D2C2264656661756C74546F223A6E756C6C2C226E6F744E756C6C61626C65223A66616C73652C22756E7369676E6564223A66616C73657D2C7B226E616D65223A226E6F6361636865222C2274797065223A22626F6F6C65616E222C2261726773223A5B5D2C2264656661756C74546F223A6E756C6C2C226E6F744E756C6C61626C65223A66616C73652C22756E7369676E6564223A66616C73657D2C7B226E616D65223A226E6F696D616765696E646578222C2274797065223A22626F6F6C65616E222C2261726773223A5B5D2C2264656661756C74546F223A6E756C6C2C226E6F744E756C6C61626C65223A66616C73652C22756E7369676E6564223A66616C73657D5D7D2C7B226E616D65223A22636F6D706F6E656E74735F7368617265645F6F70656E5F677261706873222C22696E6465786573223A5B5D2C22666F726569676E4B657973223A5B5D2C22636F6C756D6E73223A5B7B226E616D65223A226964222C2274797065223A22696E6372656D656E7473222C2261726773223A5B7B227072696D617279223A747275652C227072696D6172794B6579223A747275657D5D2C2264656661756C74546F223A6E756C6C2C226E6F744E756C6C61626C65223A747275652C22756E7369676E6564223A66616C73657D2C7B226E616D65223A226F675F7469746C65222C2274797065223A22737472696E67222C2261726773223A5B5D2C2264656661756C74546F223A6E756C6C2C226E6F744E756C6C61626C65223A66616C73652C22756E7369676E6564223A66616C73657D2C7B226E616D65223A226F675F6465736372697074696F6E222C2274797065223A22737472696E67222C2261726773223A5B5D2C2264656661756C74546F223A6E756C6C2C226E6F744E756C6C61626C65223A66616C73652C22756E7369676E6564223A66616C73657D2C7B226E616D65223A226F675F75726C222C2274797065223A22737472696E67222C2261726773223A5B5D2C2264656661756C74546F223A6E756C6C2C226E6F744E756C6C61626C65223A66616C73652C22756E7369676E6564223A66616C73657D2C7B226E616D65223A226F675F74797065222C2274797065223A22737472696E67222C2261726773223A5B5D2C2264656661756C74546F223A6E756C6C2C226E6F744E756C6C61626C65223A66616C73652C22756E7369676E6564223A66616C73657D5D7D2C7B226E616D65223A22636F6D706F6E656E74735F7368617265645F617574686F7273222C22696E6465786573223A5B5D2C22666F726569676E4B657973223A5B5D2C22636F6C756D6E73223A5B7B226E616D65223A226964222C2274797065223A22696E6372656D656E7473222C2261726773223A5B7B227072696D617279223A747275652C227072696D6172794B6579223A747275657D5D2C2264656661756C74546F223A6E756C6C2C226E6F744E756C6C61626C65223A747275652C22756E7369676E6564223A66616C73657D2C7B226E616D65223A226E616D65222C2274797065223A22737472696E67222C2261726773223A5B5D2C2264656661756C74546F223A6E756C6C2C226E6F744E756C6C61626C65223A66616C73652C22756E7369676E6564223A66616C73657D2C7B226E616D65223A2275726C222C2274797065223A22737472696E67222C2261726773223A5B5D2C2264656661756C74546F223A6E756C6C2C226E6F744E756C6C61626C65223A66616C73652C22756E7369676E6564223A66616C73657D5D7D2C7B226E616D65223A227374726170695F636F72655F73746F72655F73657474696E6773222C22696E6465786573223A5B5D2C22666F726569676E4B657973223A5B5D2C22636F6C756D6E73223A5B7B226E616D65223A226964222C2274797065223A22696E6372656D656E7473222C2261726773223A5B7B227072696D617279223A747275652C227072696D6172794B6579223A747275657D5D2C2264656661756C74546F223A6E756C6C2C226E6F744E756C6C61626C65223A747275652C22756E7369676E6564223A66616C73657D2C7B226E616D65223A226B6579222C2274797065223A22737472696E67222C2261726773223A5B5D2C2264656661756C74546F223A6E756C6C2C226E6F744E756C6C61626C65223A66616C73652C22756E7369676E6564223A66616C73657D2C7B226E616D65223A2276616C7565222C2274797065223A2274657874222C2261726773223A5B226C6F6E6774657874225D2C2264656661756C74546F223A6E756C6C2C226E6F744E756C6C61626C65223A66616C73652C22756E7369676E6564223A66616C73657D2C7B226E616D65223A2274797065222C2274797065223A22737472696E67222C2261726773223A5B5D2C2264656661756C74546F223A6E756C6C2C226E6F744E756C6C61626C65223A66616C73652C22756E7369676E6564223A66616C73657D2C7B226E616D65223A22656E7669726F6E6D656E74222C2274797065223A22737472696E67222C2261726773223A5B5D2C2264656661756C74546F223A6E756C6C2C226E6F744E756C6C61626C65223A66616C73652C22756E7369676E6564223A66616C73657D2C7B226E616D65223A22746167222C2274797065223A22737472696E67222C2261726773223A5B5D2C2264656661756C74546F223A6E756C6C2C226E6F744E756C6C61626C65223A66616C73652C22756E7369676E6564223A66616C73657D5D7D2C7B226E616D65223A227374726170695F776562686F6F6B73222C22696E6465786573223A5B5D2C22666F726569676E4B657973223A5B5D2C22636F6C756D6E73223A5B7B226E616D65223A226964222C2274797065223A22696E6372656D656E7473222C2261726773223A5B7B227072696D617279223A747275652C227072696D6172794B6579223A747275657D5D2C2264656661756C74546F223A6E756C6C2C226E6F744E756C6C61626C65223A747275652C22756E7369676E6564223A66616C73657D2C7B226E616D65223A226E616D65222C2274797065223A22737472696E67222C2261726773223A5B5D2C2264656661756C74546F223A6E756C6C2C226E6F744E756C6C61626C65223A66616C73652C22756E7369676E6564223A66616C73657D2C7B226E616D65223A2275726C222C2274797065223A2274657874222C2261726773223A5B226C6F6E6774657874225D2C2264656661756C74546F223A6E756C6C2C226E6F744E756C6C61626C65223A66616C73652C22756E7369676E6564223A66616C73657D2C7B226E616D65223A2268656164657273222C2274797065223A226A736F6E62222C2261726773223A5B5D2C2264656661756C74546F223A6E756C6C2C226E6F744E756C6C61626C65223A66616C73652C22756E7369676E6564223A66616C73657D2C7B226E616D65223A226576656E7473222C2274797065223A226A736F6E62222C2261726773223A5B5D2C2264656661756C74546F223A6E756C6C2C226E6F744E756C6C61626C65223A66616C73652C22756E7369676E6564223A66616C73657D2C7B226E616D65223A22656E61626C6564222C2274797065223A22626F6F6C65616E222C2261726773223A5B5D2C2264656661756C74546F223A6E756C6C2C226E6F744E756C6C61626C65223A66616C73652C22756E7369676E6564223A66616C73657D5D7D2C7B226E616D65223A227374726170695F686973746F72795F76657273696F6E73222C22696E6465786573223A5B7B226E616D65223A227374726170695F686973746F72795F76657273696F6E735F637265617465645F62795F69645F666B222C22636F6C756D6E73223A5B22637265617465645F62795F6964225D7D5D2C22666F726569676E4B657973223A5B7B226E616D65223A227374726170695F686973746F72795F76657273696F6E735F637265617465645F62795F69645F666B222C22636F6C756D6E73223A5B22637265617465645F62795F6964225D2C227265666572656E6365645461626C65223A2261646D696E5F7573657273222C227265666572656E636564436F6C756D6E73223A5B226964225D2C226F6E44656C657465223A22534554204E554C4C227D5D2C22636F6C756D6E73223A5B7B226E616D65223A226964222C2274797065223A22696E6372656D656E7473222C2261726773223A5B7B227072696D617279223A747275652C227072696D6172794B6579223A747275657D5D2C2264656661756C74546F223A6E756C6C2C226E6F744E756C6C61626C65223A747275652C22756E7369676E6564223A66616C73657D2C7B226E616D65223A22636F6E74656E745F74797065222C2274797065223A22737472696E67222C2261726773223A5B5D2C2264656661756C74546F223A6E756C6C2C226E6F744E756C6C61626C65223A747275652C22756E7369676E6564223A66616C73657D2C7B226E616D65223A2272656C617465645F646F63756D656E745F6964222C2274797065223A22737472696E67222C2261726773223A5B5D2C2264656661756C74546F223A6E756C6C2C226E6F744E756C6C61626C65223A66616C73652C22756E7369676E6564223A66616C73657D2C7B226E616D65223A226C6F63616C65222C2274797065223A22737472696E67222C2261726773223A5B5D2C2264656661756C74546F223A6E756C6C2C226E6F744E756C6C61626C65223A66616C73652C22756E7369676E6564223A66616C73657D2C7B226E616D65223A22737461747573222C2274797065223A22737472696E67222C2261726773223A5B5D2C2264656661756C74546F223A6E756C6C2C226E6F744E756C6C61626C65223A66616C73652C22756E7369676E6564223A66616C73657D2C7B226E616D65223A2264617461222C2274797065223A226A736F6E62222C2261726773223A5B5D2C2264656661756C74546F223A6E756C6C2C226E6F744E756C6C61626C65223A66616C73652C22756E7369676E6564223A66616C73657D2C7B226E616D65223A22736368656D61222C2274797065223A226A736F6E62222C2261726773223A5B5D2C2264656661756C74546F223A6E756C6C2C226E6F744E756C6C61626C65223A66616C73652C22756E7369676E6564223A66616C73657D2C7B226E616D65223A22637265617465645F6174222C2274797065223A226461746574696D65222C2261726773223A5B7B22757365547A223A66616C73652C22707265636973696F6E223A367D5D2C2264656661756C74546F223A6E756C6C2C226E6F744E756C6C61626C65223A66616C73652C22756E7369676E6564223A66616C73657D2C7B226E616D65223A22637265617465645F62795F6964222C2274797065223A22696E7465676572222C2261726773223A5B5D2C2264656661756C74546F223A6E756C6C2C226E6F744E756C6C61626C65223A66616C73652C22756E7369676E6564223A747275657D5D7D2C7B226E616D65223A2266696C65735F72656C617465645F6D7068222C22696E6465786573223A5B7B226E616D65223A2266696C65735F72656C617465645F6D70685F666B222C22636F6C756D6E73223A5B2266696C655F6964225D7D2C7B226E616D65223A2266696C65735F72656C617465645F6D70685F6F696478222C22636F6C756D6E73223A5B226F72646572225D7D2C7B226E616D65223A2266696C65735F72656C617465645F6D70685F69646978222C22636F6C756D6E73223A5B2272656C617465645F6964225D7D5D2C22666F726569676E4B657973223A5B7B226E616D65223A2266696C65735F72656C617465645F6D70685F666B222C22636F6C756D6E73223A5B2266696C655F6964225D2C227265666572656E636564436F6C756D6E73223A5B226964225D2C227265666572656E6365645461626C65223A2266696C6573222C226F6E44656C657465223A2243415343414445227D5D2C22636F6C756D6E73223A5B7B226E616D65223A226964222C2274797065223A22696E6372656D656E7473222C2261726773223A5B7B227072696D617279223A747275652C227072696D6172794B6579223A747275657D5D2C2264656661756C74546F223A6E756C6C2C226E6F744E756C6C61626C65223A747275652C22756E7369676E6564223A66616C73657D2C7B226E616D65223A2266696C655F6964222C2274797065223A22696E7465676572222C2261726773223A5B5D2C2264656661756C74546F223A6E756C6C2C226E6F744E756C6C61626C65223A66616C73652C22756E7369676E6564223A747275657D2C7B226E616D65223A2272656C617465645F6964222C2274797065223A22696E7465676572222C2261726773223A5B5D2C2264656661756C74546F223A6E756C6C2C226E6F744E756C6C61626C65223A66616C73652C22756E7369676E6564223A747275657D2C7B226E616D65223A2272656C617465645F74797065222C2274797065223A22737472696E67222C2261726773223A5B5D2C2264656661756C74546F223A6E756C6C2C226E6F744E756C6C61626C65223A66616C73652C22756E7369676E6564223A66616C73657D2C7B226E616D65223A226669656C64222C2274797065223A22737472696E67222C2261726773223A5B5D2C2264656661756C74546F223A6E756C6C2C226E6F744E756C6C61626C65223A66616C73652C22756E7369676E6564223A66616C73657D2C7B226E616D65223A226F72646572222C2274797065223A22646F75626C65222C2261726773223A5B5D2C2264656661756C74546F223A6E756C6C2C226E6F744E756C6C61626C65223A66616C73652C22756E7369676E6564223A747275657D5D7D2C7B226E616D65223A2266696C65735F666F6C6465725F6C6E6B222C22696E6465786573223A5B7B226E616D65223A2266696C65735F666F6C6465725F6C6E6B5F666B222C22636F6C756D6E73223A5B2266696C655F6964225D7D2C7B226E616D65223A2266696C65735F666F6C6465725F6C6E6B5F69666B222C22636F6C756D6E73223A5B22666F6C6465725F6964225D7D2C7B226E616D65223A2266696C65735F666F6C6465725F6C6E6B5F7571222C22636F6C756D6E73223A5B2266696C655F6964222C22666F6C6465725F6964225D2C2274797065223A22756E69717565227D2C7B226E616D65223A2266696C65735F666F6C6465725F6C6E6B5F6F69666B222C22636F6C756D6E73223A5B2266696C655F6F7264225D7D5D2C22666F726569676E4B657973223A5B7B226E616D65223A2266696C65735F666F6C6465725F6C6E6B5F666B222C22636F6C756D6E73223A5B2266696C655F6964225D2C227265666572656E636564436F6C756D6E73223A5B226964225D2C227265666572656E6365645461626C65223A2266696C6573222C226F6E44656C657465223A2243415343414445227D2C7B226E616D65223A2266696C65735F666F6C6465725F6C6E6B5F69666B222C22636F6C756D6E73223A5B22666F6C6465725F6964225D2C227265666572656E636564436F6C756D6E73223A5B226964225D2C227265666572656E6365645461626C65223A2275706C6F61645F666F6C64657273222C226F6E44656C657465223A2243415343414445227D5D2C22636F6C756D6E73223A5B7B226E616D65223A226964222C2274797065223A22696E6372656D656E7473222C2261726773223A5B7B227072696D617279223A747275652C227072696D6172794B6579223A747275657D5D2C2264656661756C74546F223A6E756C6C2C226E6F744E756C6C61626C65223A747275652C22756E7369676E6564223A66616C73657D2C7B226E616D65223A2266696C655F6964222C2274797065223A22696E7465676572222C2261726773223A5B5D2C2264656661756C74546F223A6E756C6C2C226E6F744E756C6C61626C65223A66616C73652C22756E7369676E6564223A747275657D2C7B226E616D65223A22666F6C6465725F6964222C2274797065223A22696E7465676572222C2261726773223A5B5D2C2264656661756C74546F223A6E756C6C2C226E6F744E756C6C61626C65223A66616C73652C22756E7369676E6564223A747275657D2C7B226E616D65223A2266696C655F6F7264222C2274797065223A22646F75626C65222C2261726773223A5B5D2C2264656661756C74546F223A6E756C6C2C226E6F744E756C6C61626C65223A66616C73652C22756E7369676E6564223A747275657D5D7D2C7B226E616D65223A2275706C6F61645F666F6C646572735F706172656E745F6C6E6B222C22696E6465786573223A5B7B226E616D65223A2275706C6F61645F666F6C646572735F706172656E745F6C6E6B5F666B222C22636F6C756D6E73223A5B22666F6C6465725F6964225D7D2C7B226E616D65223A2275706C6F61645F666F6C646572735F706172656E745F6C6E6B5F69666B222C22636F6C756D6E73223A5B22696E765F666F6C6465725F6964225D7D2C7B226E616D65223A2275706C6F61645F666F6C646572735F706172656E745F6C6E6B5F7571222C22636F6C756D6E73223A5B22666F6C6465725F6964222C22696E765F666F6C6465725F6964225D2C2274797065223A22756E69717565227D2C7B226E616D65223A2275706C6F61645F666F6C646572735F706172656E745F6C6E6B5F6F69666B222C22636F6C756D6E73223A5B22666F6C6465725F6F7264225D7D5D2C22666F726569676E4B657973223A5B7B226E616D65223A2275706C6F61645F666F6C646572735F706172656E745F6C6E6B5F666B222C22636F6C756D6E73223A5B22666F6C6465725F6964225D2C227265666572656E636564436F6C756D6E73223A5B226964225D2C227265666572656E6365645461626C65223A2275706C6F61645F666F6C64657273222C226F6E44656C657465223A2243415343414445227D2C7B226E616D65223A2275706C6F61645F666F6C646572735F706172656E745F6C6E6B5F69666B222C22636F6C756D6E73223A5B22696E765F666F6C6465725F6964225D2C227265666572656E636564436F6C756D6E73223A5B226964225D2C227265666572656E6365645461626C65223A2275706C6F61645F666F6C64657273222C226F6E44656C657465223A2243415343414445227D5D2C22636F6C756D6E73223A5B7B226E616D65223A226964222C2274797065223A22696E6372656D656E7473222C2261726773223A5B7B227072696D617279223A747275652C227072696D6172794B6579223A747275657D5D2C2264656661756C74546F223A6E756C6C2C226E6F744E756C6C61626C65223A747275652C22756E7369676E6564223A66616C73657D2C7B226E616D65223A22666F6C6465725F6964222C2274797065223A22696E7465676572222C2261726773223A5B5D2C2264656661756C74546F223A6E756C6C2C226E6F744E756C6C61626C65223A66616C73652C22756E7369676E6564223A747275657D2C7B226E616D65223A22696E765F666F6C6465725F6964222C2274797065223A22696E7465676572222C2261726773223A5B5D2C2264656661756C74546F223A6E756C6C2C226E6F744E756C6C61626C65223A66616C73652C22756E7369676E6564223A747275657D2C7B226E616D65223A22666F6C6465725F6F7264222C2274797065223A22646F75626C65222C2261726773223A5B5D2C2264656661756C74546F223A6E756C6C2C226E6F744E756C6C61626C65223A66616C73652C22756E7369676E6564223A747275657D5D7D2C7B226E616D65223A227374726170695F72656C656173655F616374696F6E735F72656C656173655F6C6E6B222C22696E6465786573223A5B7B226E616D65223A227374726170695F72656C656173655F616374696F6E735F72656C656173655F6C6E6B5F666B222C22636F6C756D6E73223A5B2272656C656173655F616374696F6E5F6964225D7D2C7B226E616D65223A227374726170695F72656C656173655F616374696F6E735F72656C656173655F6C6E6B5F69666B222C22636F6C756D6E73223A5B2272656C656173655F6964225D7D2C7B226E616D65223A227374726170695F72656C656173655F616374696F6E735F72656C656173655F6C6E6B5F7571222C22636F6C756D6E73223A5B2272656C656173655F616374696F6E5F6964222C2272656C656173655F6964225D2C2274797065223A22756E69717565227D2C7B226E616D65223A227374726170695F72656C656173655F616374696F6E735F72656C656173655F6C6E6B5F6F69666B222C22636F6C756D6E73223A5B2272656C656173655F616374696F6E5F6F7264225D7D5D2C22666F726569676E4B657973223A5B7B226E616D65223A227374726170695F72656C656173655F616374696F6E735F72656C656173655F6C6E6B5F666B222C22636F6C756D6E73223A5B2272656C656173655F616374696F6E5F6964225D2C227265666572656E636564436F6C756D6E73223A5B226964225D2C227265666572656E6365645461626C65223A227374726170695F72656C656173655F616374696F6E73222C226F6E44656C657465223A2243415343414445227D2C7B226E616D65223A227374726170695F72656C656173655F616374696F6E735F72656C656173655F6C6E6B5F69666B222C22636F6C756D6E73223A5B2272656C656173655F6964225D2C227265666572656E636564436F6C756D6E73223A5B226964225D2C227265666572656E6365645461626C65223A227374726170695F72656C6561736573222C226F6E44656C657465223A2243415343414445227D5D2C22636F6C756D6E73223A5B7B226E616D65223A226964222C2274797065223A22696E6372656D656E7473222C2261726773223A5B7B227072696D617279223A747275652C227072696D6172794B6579223A747275657D5D2C2264656661756C74546F223A6E756C6C2C226E6F744E756C6C61626C65223A747275652C22756E7369676E6564223A66616C73657D2C7B226E616D65223A2272656C656173655F616374696F6E5F6964222C2274797065223A22696E7465676572222C2261726773223A5B5D2C2264656661756C74546F223A6E756C6C2C226E6F744E756C6C61626C65223A66616C73652C22756E7369676E6564223A747275657D2C7B226E616D65223A2272656C656173655F6964222C2274797065223A22696E7465676572222C2261726773223A5B5D2C2264656661756C74546F223A6E756C6C2C226E6F744E756C6C61626C65223A66616C73652C22756E7369676E6564223A747275657D2C7B226E616D65223A2272656C656173655F616374696F6E5F6F7264222C2274797065223A22646F75626C65222C2261726773223A5B5D2C2264656661756C74546F223A6E756C6C2C226E6F744E756C6C61626C65223A66616C73652C22756E7369676E6564223A747275657D5D7D2C7B226E616D65223A227374726170695F776F726B666C6F77735F73746167655F72657175697265645F746F5F7075626C6973685F6C6E6B222C22696E6465786573223A5B7B226E616D65223A227374726170695F776F726B666C6F77735F73746167655F72657175697265645F746F5F7075626C6973685F6C6E6B5F666B222C22636F6C756D6E73223A5B22776F726B666C6F775F6964225D7D2C7B226E616D65223A227374726170695F776F726B666C6F77735F73746167655F72657175697265645F746F5F7075626C6973685F6C6E6B5F69666B222C22636F6C756D6E73223A5B22776F726B666C6F775F73746167655F6964225D7D2C7B226E616D65223A227374726170695F776F726B666C6F77735F73746167655F72657175697265645F746F5F7075626C6973685F6C6E6B5F7571222C22636F6C756D6E73223A5B22776F726B666C6F775F6964222C22776F726B666C6F775F73746167655F6964225D2C2274797065223A22756E69717565227D5D2C22666F726569676E4B657973223A5B7B226E616D65223A227374726170695F776F726B666C6F77735F73746167655F72657175697265645F746F5F7075626C6973685F6C6E6B5F666B222C22636F6C756D6E73223A5B22776F726B666C6F775F6964225D2C227265666572656E636564436F6C756D6E73223A5B226964225D2C227265666572656E6365645461626C65223A227374726170695F776F726B666C6F7773222C226F6E44656C657465223A2243415343414445227D2C7B226E616D65223A227374726170695F776F726B666C6F77735F73746167655F72657175697265645F746F5F7075626C6973685F6C6E6B5F69666B222C22636F6C756D6E73223A5B22776F726B666C6F775F73746167655F6964225D2C227265666572656E636564436F6C756D6E73223A5B226964225D2C227265666572656E6365645461626C65223A227374726170695F776F726B666C6F77735F737461676573222C226F6E44656C657465223A2243415343414445227D5D2C22636F6C756D6E73223A5B7B226E616D65223A226964222C2274797065223A22696E6372656D656E7473222C2261726773223A5B7B227072696D617279223A747275652C227072696D6172794B6579223A747275657D5D2C2264656661756C74546F223A6E756C6C2C226E6F744E756C6C61626C65223A747275652C22756E7369676E6564223A66616C73657D2C7B226E616D65223A22776F726B666C6F775F6964222C2274797065223A22696E7465676572222C2261726773223A5B5D2C2264656661756C74546F223A6E756C6C2C226E6F744E756C6C61626C65223A66616C73652C22756E7369676E6564223A747275657D2C7B226E616D65223A22776F726B666C6F775F73746167655F6964222C2274797065223A22696E7465676572222C2261726773223A5B5D2C2264656661756C74546F223A6E756C6C2C226E6F744E756C6C61626C65223A66616C73652C22756E7369676E6564223A747275657D5D7D2C7B226E616D65223A227374726170695F776F726B666C6F77735F7374616765735F776F726B666C6F775F6C6E6B222C22696E6465786573223A5B7B226E616D65223A227374726170695F776F726B666C6F77735F7374616765735F776F726B666C6F775F6C6E6B5F666B222C22636F6C756D6E73223A5B22776F726B666C6F775F73746167655F6964225D7D2C7B226E616D65223A227374726170695F776F726B666C6F77735F7374616765735F776F726B666C6F775F6C6E6B5F69666B222C22636F6C756D6E73223A5B22776F726B666C6F775F6964225D7D2C7B226E616D65223A227374726170695F776F726B666C6F77735F7374616765735F776F726B666C6F775F6C6E6B5F7571222C22636F6C756D6E73223A5B22776F726B666C6F775F73746167655F6964222C22776F726B666C6F775F6964225D2C2274797065223A22756E69717565227D2C7B226E616D65223A227374726170695F776F726B666C6F77735F7374616765735F776F726B666C6F775F6C6E6B5F6F69666B222C22636F6C756D6E73223A5B22776F726B666C6F775F73746167655F6F7264225D7D5D2C22666F726569676E4B657973223A5B7B226E616D65223A227374726170695F776F726B666C6F77735F7374616765735F776F726B666C6F775F6C6E6B5F666B222C22636F6C756D6E73223A5B22776F726B666C6F775F73746167655F6964225D2C227265666572656E636564436F6C756D6E73223A5B226964225D2C227265666572656E6365645461626C65223A227374726170695F776F726B666C6F77735F737461676573222C226F6E44656C657465223A2243415343414445227D2C7B226E616D65223A227374726170695F776F726B666C6F77735F7374616765735F776F726B666C6F775F6C6E6B5F69666B222C22636F6C756D6E73223A5B22776F726B666C6F775F6964225D2C227265666572656E636564436F6C756D6E73223A5B226964225D2C227265666572656E6365645461626C65223A227374726170695F776F726B666C6F7773222C226F6E44656C657465223A2243415343414445227D5D2C22636F6C756D6E73223A5B7B226E616D65223A226964222C2274797065223A22696E6372656D656E7473222C2261726773223A5B7B227072696D617279223A747275652C227072696D6172794B6579223A747275657D5D2C2264656661756C74546F223A6E756C6C2C226E6F744E756C6C61626C65223A747275652C22756E7369676E6564223A66616C73657D2C7B226E616D65223A22776F726B666C6F775F73746167655F6964222C2274797065223A22696E7465676572222C2261726773223A5B5D2C2264656661756C74546F223A6E756C6C2C226E6F744E756C6C61626C65223A66616C73652C22756E7369676E6564223A747275657D2C7B226E616D65223A22776F726B666C6F775F6964222C2274797065223A22696E7465676572222C2261726773223A5B5D2C2264656661756C74546F223A6E756C6C2C226E6F744E756C6C61626C65223A66616C73652C22756E7369676E6564223A747275657D2C7B226E616D65223A22776F726B666C6F775F73746167655F6F7264222C2274797065223A22646F75626C65222C2261726773223A5B5D2C2264656661756C74546F223A6E756C6C2C226E6F744E756C6C61626C65223A66616C73652C22756E7369676E6564223A747275657D5D7D2C7B226E616D65223A227374726170695F776F726B666C6F77735F7374616765735F7065726D697373696F6E735F6C6E6B222C22696E6465786573223A5B7B226E616D65223A227374726170695F776F726B666C6F77735F7374616765735F7065726D697373696F6E735F6C6E6B5F666B222C22636F6C756D6E73223A5B22776F726B666C6F775F73746167655F6964225D7D2C7B226E616D65223A227374726170695F776F726B666C6F77735F7374616765735F7065726D697373696F6E735F6C6E6B5F69666B222C22636F6C756D6E73223A5B227065726D697373696F6E5F6964225D7D2C7B226E616D65223A227374726170695F776F726B666C6F77735F7374616765735F7065726D697373696F6E735F6C6E6B5F7571222C22636F6C756D6E73223A5B22776F726B666C6F775F73746167655F6964222C227065726D697373696F6E5F6964225D2C2274797065223A22756E69717565227D2C7B226E616D65223A227374726170695F776F726B666C6F77735F7374616765735F7065726D697373696F6E735F6C6E6B5F6F666B222C22636F6C756D6E73223A5B227065726D697373696F6E5F6F7264225D7D5D2C22666F726569676E4B657973223A5B7B226E616D65223A227374726170695F776F726B666C6F77735F7374616765735F7065726D697373696F6E735F6C6E6B5F666B222C22636F6C756D6E73223A5B22776F726B666C6F775F73746167655F6964225D2C227265666572656E636564436F6C756D6E73223A5B226964225D2C227265666572656E6365645461626C65223A227374726170695F776F726B666C6F77735F737461676573222C226F6E44656C657465223A2243415343414445227D2C7B226E616D65223A227374726170695F776F726B666C6F77735F7374616765735F7065726D697373696F6E735F6C6E6B5F69666B222C22636F6C756D6E73223A5B227065726D697373696F6E5F6964225D2C227265666572656E636564436F6C756D6E73223A5B226964225D2C227265666572656E6365645461626C65223A2261646D696E5F7065726D697373696F6E73222C226F6E44656C657465223A2243415343414445227D5D2C22636F6C756D6E73223A5B7B226E616D65223A226964222C2274797065223A22696E6372656D656E7473222C2261726773223A5B7B227072696D617279223A747275652C227072696D6172794B6579223A747275657D5D2C2264656661756C74546F223A6E756C6C2C226E6F744E756C6C61626C65223A747275652C22756E7369676E6564223A66616C73657D2C7B226E616D65223A22776F726B666C6F775F73746167655F6964222C2274797065223A22696E7465676572222C2261726773223A5B5D2C2264656661756C74546F223A6E756C6C2C226E6F744E756C6C61626C65223A66616C73652C22756E7369676E6564223A747275657D2C7B226E616D65223A227065726D697373696F6E5F6964222C2274797065223A22696E7465676572222C2261726773223A5B5D2C2264656661756C74546F223A6E756C6C2C226E6F744E756C6C61626C65223A66616C73652C22756E7369676E6564223A747275657D2C7B226E616D65223A227065726D697373696F6E5F6F7264222C2274797065223A22646F75626C65222C2261726773223A5B5D2C2264656661756C74546F223A6E756C6C2C226E6F744E756C6C61626C65223A66616C73652C22756E7369676E6564223A747275657D5D7D2C7B226E616D65223A2275705F7065726D697373696F6E735F726F6C655F6C6E6B222C22696E6465786573223A5B7B226E616D65223A2275705F7065726D697373696F6E735F726F6C655F6C6E6B5F666B222C22636F6C756D6E73223A5B227065726D697373696F6E5F6964225D7D2C7B226E616D65223A2275705F7065726D697373696F6E735F726F6C655F6C6E6B5F69666B222C22636F6C756D6E73223A5B22726F6C655F6964225D7D2C7B226E616D65223A2275705F7065726D697373696F6E735F726F6C655F6C6E6B5F7571222C22636F6C756D6E73223A5B227065726D697373696F6E5F6964222C22726F6C655F6964225D2C2274797065223A22756E69717565227D2C7B226E616D65223A2275705F7065726D697373696F6E735F726F6C655F6C6E6B5F6F69666B222C22636F6C756D6E73223A5B227065726D697373696F6E5F6F7264225D7D5D2C22666F726569676E4B657973223A5B7B226E616D65223A2275705F7065726D697373696F6E735F726F6C655F6C6E6B5F666B222C22636F6C756D6E73223A5B227065726D697373696F6E5F6964225D2C227265666572656E636564436F6C756D6E73223A5B226964225D2C227265666572656E6365645461626C65223A2275705F7065726D697373696F6E73222C226F6E44656C657465223A2243415343414445227D2C7B226E616D65223A2275705F7065726D697373696F6E735F726F6C655F6C6E6B5F69666B222C22636F6C756D6E73223A5B22726F6C655F6964225D2C227265666572656E636564436F6C756D6E73223A5B226964225D2C227265666572656E6365645461626C65223A2275705F726F6C6573222C226F6E44656C657465223A2243415343414445227D5D2C22636F6C756D6E73223A5B7B226E616D65223A226964222C2274797065223A22696E6372656D656E7473222C2261726773223A5B7B227072696D617279223A747275652C227072696D6172794B6579223A747275657D5D2C2264656661756C74546F223A6E756C6C2C226E6F744E756C6C61626C65223A747275652C22756E7369676E6564223A66616C73657D2C7B226E616D65223A227065726D697373696F6E5F6964222C2274797065223A22696E7465676572222C2261726773223A5B5D2C2264656661756C74546F223A6E756C6C2C226E6F744E756C6C61626C65223A66616C73652C22756E7369676E6564223A747275657D2C7B226E616D65223A22726F6C655F6964222C2274797065223A22696E7465676572222C2261726773223A5B5D2C2264656661756C74546F223A6E756C6C2C226E6F744E756C6C61626C65223A66616C73652C22756E7369676E6564223A747275657D2C7B226E616D65223A227065726D697373696F6E5F6F7264222C2274797065223A22646F75626C65222C2261726773223A5B5D2C2264656661756C74546F223A6E756C6C2C226E6F744E756C6C61626C65223A66616C73652C22756E7369676E6564223A747275657D5D7D2C7B226E616D65223A2275705F75736572735F726F6C655F6C6E6B222C22696E6465786573223A5B7B226E616D65223A2275705F75736572735F726F6C655F6C6E6B5F666B222C22636F6C756D6E73223A5B22757365725F6964225D7D2C7B226E616D65223A2275705F75736572735F726F6C655F6C6E6B5F69666B222C22636F6C756D6E73223A5B22726F6C655F6964225D7D2C7B226E616D65223A2275705F75736572735F726F6C655F6C6E6B5F7571222C22636F6C756D6E73223A5B22757365725F6964222C22726F6C655F6964225D2C2274797065223A22756E69717565227D2C7B226E616D65223A2275705F75736572735F726F6C655F6C6E6B5F6F69666B222C22636F6C756D6E73223A5B22757365725F6F7264225D7D5D2C22666F726569676E4B657973223A5B7B226E616D65223A2275705F75736572735F726F6C655F6C6E6B5F666B222C22636F6C756D6E73223A5B22757365725F6964225D2C227265666572656E636564436F6C756D6E73223A5B226964225D2C227265666572656E6365645461626C65223A2275705F7573657273222C226F6E44656C657465223A2243415343414445227D2C7B226E616D65223A2275705F75736572735F726F6C655F6C6E6B5F69666B222C22636F6C756D6E73223A5B22726F6C655F6964225D2C227265666572656E636564436F6C756D6E73223A5B226964225D2C227265666572656E6365645461626C65223A2275705F726F6C6573222C226F6E44656C657465223A2243415343414445227D5D2C22636F6C756D6E73223A5B7B226E616D65223A226964222C2274797065223A22696E6372656D656E7473222C2261726773223A5B7B227072696D617279223A747275652C227072696D6172794B6579223A747275657D5D2C2264656661756C74546F223A6E756C6C2C226E6F744E756C6C61626C65223A747275652C22756E7369676E6564223A66616C73657D2C7B226E616D65223A22757365725F6964222C2274797065223A22696E7465676572222C2261726773223A5B5D2C2264656661756C74546F223A6E756C6C2C226E6F744E756C6C61626C65223A66616C73652C22756E7369676E6564223A747275657D2C7B226E616D65223A22726F6C655F6964222C2274797065223A22696E7465676572222C2261726773223A5B5D2C2264656661756C74546F223A6E756C6C2C226E6F744E756C6C61626C65223A66616C73652C22756E7369676E6564223A747275657D2C7B226E616D65223A22757365725F6F7264222C2274797065223A22646F75626C65222C2261726773223A5B5D2C2264656661756C74546F223A6E756C6C2C226E6F744E756C6C61626C65223A66616C73652C22756E7369676E6564223A747275657D5D7D2C7B226E616D65223A2261646D696E5F7065726D697373696F6E735F726F6C655F6C6E6B222C22696E6465786573223A5B7B226E616D65223A2261646D696E5F7065726D697373696F6E735F726F6C655F6C6E6B5F666B222C22636F6C756D6E73223A5B227065726D697373696F6E5F6964225D7D2C7B226E616D65223A2261646D696E5F7065726D697373696F6E735F726F6C655F6C6E6B5F69666B222C22636F6C756D6E73223A5B22726F6C655F6964225D7D2C7B226E616D65223A2261646D696E5F7065726D697373696F6E735F726F6C655F6C6E6B5F7571222C22636F6C756D6E73223A5B227065726D697373696F6E5F6964222C22726F6C655F6964225D2C2274797065223A22756E69717565227D2C7B226E616D65223A2261646D696E5F7065726D697373696F6E735F726F6C655F6C6E6B5F6F69666B222C22636F6C756D6E73223A5B227065726D697373696F6E5F6F7264225D7D5D2C22666F726569676E4B657973223A5B7B226E616D65223A2261646D696E5F7065726D697373696F6E735F726F6C655F6C6E6B5F666B222C22636F6C756D6E73223A5B227065726D697373696F6E5F6964225D2C227265666572656E636564436F6C756D6E73223A5B226964225D2C227265666572656E6365645461626C65223A2261646D696E5F7065726D697373696F6E73222C226F6E44656C657465223A2243415343414445227D2C7B226E616D65223A2261646D696E5F7065726D697373696F6E735F726F6C655F6C6E6B5F69666B222C22636F6C756D6E73223A5B22726F6C655F6964225D2C227265666572656E636564436F6C756D6E73223A5B226964225D2C227265666572656E6365645461626C65223A2261646D696E5F726F6C6573222C226F6E44656C657465223A2243415343414445227D5D2C22636F6C756D6E73223A5B7B226E616D65223A226964222C2274797065223A22696E6372656D656E7473222C2261726773223A5B7B227072696D617279223A747275652C227072696D6172794B6579223A747275657D5D2C2264656661756C74546F223A6E756C6C2C226E6F744E756C6C61626C65223A747275652C22756E7369676E6564223A66616C73657D2C7B226E616D65223A227065726D697373696F6E5F6964222C2274797065223A22696E7465676572222C2261726773223A5B5D2C2264656661756C74546F223A6E756C6C2C226E6F744E756C6C61626C65223A66616C73652C22756E7369676E6564223A747275657D2C7B226E616D65223A22726F6C655F6964222C2274797065223A22696E7465676572222C2261726773223A5B5D2C2264656661756C74546F223A6E756C6C2C226E6F744E756C6C61626C65223A66616C73652C22756E7369676E6564223A747275657D2C7B226E616D65223A227065726D697373696F6E5F6F7264222C2274797065223A22646F75626C65222C2261726773223A5B5D2C2264656661756C74546F223A6E756C6C2C226E6F744E756C6C61626C65223A66616C73652C22756E7369676E6564223A747275657D5D7D2C7B226E616D65223A2261646D696E5F75736572735F726F6C65735F6C6E6B222C22696E6465786573223A5B7B226E616D65223A2261646D696E5F75736572735F726F6C65735F6C6E6B5F666B222C22636F6C756D6E73223A5B22757365725F6964225D7D2C7B226E616D65223A2261646D696E5F75736572735F726F6C65735F6C6E6B5F69666B222C22636F6C756D6E73223A5B22726F6C655F6964225D7D2C7B226E616D65223A2261646D696E5F75736572735F726F6C65735F6C6E6B5F7571222C22636F6C756D6E73223A5B22757365725F6964222C22726F6C655F6964225D2C2274797065223A22756E69717565227D2C7B226E616D65223A2261646D696E5F75736572735F726F6C65735F6C6E6B5F6F666B222C22636F6C756D6E73223A5B22726F6C655F6F7264225D7D2C7B226E616D65223A2261646D696E5F75736572735F726F6C65735F6C6E6B5F6F69666B222C22636F6C756D6E73223A5B22757365725F6F7264225D7D5D2C22666F726569676E4B657973223A5B7B226E616D65223A2261646D696E5F75736572735F726F6C65735F6C6E6B5F666B222C22636F6C756D6E73223A5B22757365725F6964225D2C227265666572656E636564436F6C756D6E73223A5B226964225D2C227265666572656E6365645461626C65223A2261646D696E5F7573657273222C226F6E44656C657465223A2243415343414445227D2C7B226E616D65223A2261646D696E5F75736572735F726F6C65735F6C6E6B5F69666B222C22636F6C756D6E73223A5B22726F6C655F6964225D2C227265666572656E636564436F6C756D6E73223A5B226964225D2C227265666572656E6365645461626C65223A2261646D696E5F726F6C6573222C226F6E44656C657465223A2243415343414445227D5D2C22636F6C756D6E73223A5B7B226E616D65223A226964222C2274797065223A22696E6372656D656E7473222C2261726773223A5B7B227072696D617279223A747275652C227072696D6172794B6579223A747275657D5D2C2264656661756C74546F223A6E756C6C2C226E6F744E756C6C61626C65223A747275652C22756E7369676E6564223A66616C73657D2C7B226E616D65223A22757365725F6964222C2274797065223A22696E7465676572222C2261726773223A5B5D2C2264656661756C74546F223A6E756C6C2C226E6F744E756C6C61626C65223A66616C73652C22756E7369676E6564223A747275657D2C7B226E616D65223A22726F6C655F6964222C2274797065223A22696E7465676572222C2261726773223A5B5D2C2264656661756C74546F223A6E756C6C2C226E6F744E756C6C61626C65223A66616C73652C22756E7369676E6564223A747275657D2C7B226E616D65223A22726F6C655F6F7264222C2274797065223A22646F75626C65222C2261726773223A5B5D2C2264656661756C74546F223A6E756C6C2C226E6F744E756C6C61626C65223A66616C73652C22756E7369676E6564223A747275657D2C7B226E616D65223A22757365725F6F7264222C2274797065223A22646F75626C65222C2261726773223A5B5D2C2264656661756C74546F223A6E756C6C2C226E6F744E756C6C61626C65223A66616C73652C22756E7369676E6564223A747275657D5D7D2C7B226E616D65223A227374726170695F6170695F746F6B656E5F7065726D697373696F6E735F746F6B656E5F6C6E6B222C22696E6465786573223A5B7B226E616D65223A227374726170695F6170695F746F6B656E5F7065726D697373696F6E735F746F6B656E5F6C6E6B5F666B222C22636F6C756D6E73223A5B226170695F746F6B656E5F7065726D697373696F6E5F6964225D7D2C7B226E616D65223A227374726170695F6170695F746F6B656E5F7065726D697373696F6E735F746F6B656E5F6C6E6B5F69666B222C22636F6C756D6E73223A5B226170695F746F6B656E5F6964225D7D2C7B226E616D65223A227374726170695F6170695F746F6B656E5F7065726D697373696F6E735F746F6B656E5F6C6E6B5F7571222C22636F6C756D6E73223A5B226170695F746F6B656E5F7065726D697373696F6E5F6964222C226170695F746F6B656E5F6964225D2C2274797065223A22756E69717565227D2C7B226E616D65223A227374726170695F6170695F746F6B656E5F7065726D697373696F6E735F746F6B656E5F6C6E6B5F6F69666B222C22636F6C756D6E73223A5B226170695F746F6B656E5F7065726D697373696F6E5F6F7264225D7D5D2C22666F726569676E4B657973223A5B7B226E616D65223A227374726170695F6170695F746F6B656E5F7065726D697373696F6E735F746F6B656E5F6C6E6B5F666B222C22636F6C756D6E73223A5B226170695F746F6B656E5F7065726D697373696F6E5F6964225D2C227265666572656E636564436F6C756D6E73223A5B226964225D2C227265666572656E6365645461626C65223A227374726170695F6170695F746F6B656E5F7065726D697373696F6E73222C226F6E44656C657465223A2243415343414445227D2C7B226E616D65223A227374726170695F6170695F746F6B656E5F7065726D697373696F6E735F746F6B656E5F6C6E6B5F69666B222C22636F6C756D6E73223A5B226170695F746F6B656E5F6964225D2C227265666572656E636564436F6C756D6E73223A5B226964225D2C227265666572656E6365645461626C65223A227374726170695F6170695F746F6B656E73222C226F6E44656C657465223A2243415343414445227D5D2C22636F6C756D6E73223A5B7B226E616D65223A226964222C2274797065223A22696E6372656D656E7473222C2261726773223A5B7B227072696D617279223A747275652C227072696D6172794B6579223A747275657D5D2C2264656661756C74546F223A6E756C6C2C226E6F744E756C6C61626C65223A747275652C22756E7369676E6564223A66616C73657D2C7B226E616D65223A226170695F746F6B656E5F7065726D697373696F6E5F6964222C2274797065223A22696E7465676572222C2261726773223A5B5D2C2264656661756C74546F223A6E756C6C2C226E6F744E756C6C61626C65223A66616C73652C22756E7369676E6564223A747275657D2C7B226E616D65223A226170695F746F6B656E5F6964222C2274797065223A22696E7465676572222C2261726773223A5B5D2C2264656661756C74546F223A6E756C6C2C226E6F744E756C6C61626C65223A66616C73652C22756E7369676E6564223A747275657D2C7B226E616D65223A226170695F746F6B656E5F7065726D697373696F6E5F6F7264222C2274797065223A22646F75626C65222C2261726773223A5B5D2C2264656661756C74546F223A6E756C6C2C226E6F744E756C6C61626C65223A66616C73652C22756E7369676E6564223A747275657D5D7D2C7B226E616D65223A227374726170695F7472616E736665725F746F6B656E5F7065726D697373696F6E735F746F6B656E5F6C6E6B222C22696E6465786573223A5B7B226E616D65223A227374726170695F7472616E736665725F746F6B656E5F7065726D697373696F6E735F746F6B656E5F6C6E6B5F666B222C22636F6C756D6E73223A5B227472616E736665725F746F6B656E5F7065726D697373696F6E5F6964225D7D2C7B226E616D65223A227374726170695F7472616E736665725F746F6B656E5F7065726D697373696F6E735F746F6B656E5F6C6E6B5F69666B222C22636F6C756D6E73223A5B227472616E736665725F746F6B656E5F6964225D7D2C7B226E616D65223A227374726170695F7472616E736665725F746F6B656E5F7065726D697373696F6E735F746F6B656E5F6C6E6B5F7571222C22636F6C756D6E73223A5B227472616E736665725F746F6B656E5F7065726D697373696F6E5F6964222C227472616E736665725F746F6B656E5F6964225D2C2274797065223A22756E69717565227D2C7B226E616D65223A227374726170695F7472616E736665725F746F6B656E5F7065726D697373696F6E735F746F6B656E5F6C6E6B5F6F69666B222C22636F6C756D6E73223A5B227472616E736665725F746F6B656E5F7065726D697373696F6E5F6F7264225D7D5D2C22666F726569676E4B657973223A5B7B226E616D65223A227374726170695F7472616E736665725F746F6B656E5F7065726D697373696F6E735F746F6B656E5F6C6E6B5F666B222C22636F6C756D6E73223A5B227472616E736665725F746F6B656E5F7065726D697373696F6E5F6964225D2C227265666572656E636564436F6C756D6E73223A5B226964225D2C227265666572656E6365645461626C65223A227374726170695F7472616E736665725F746F6B656E5F7065726D697373696F6E73222C226F6E44656C657465223A2243415343414445227D2C7B226E616D65223A227374726170695F7472616E736665725F746F6B656E5F7065726D697373696F6E735F746F6B656E5F6C6E6B5F69666B222C22636F6C756D6E73223A5B227472616E736665725F746F6B656E5F6964225D2C227265666572656E636564436F6C756D6E73223A5B226964225D2C227265666572656E6365645461626C65223A227374726170695F7472616E736665725F746F6B656E73222C226F6E44656C657465223A2243415343414445227D5D2C22636F6C756D6E73223A5B7B226E616D65223A226964222C2274797065223A22696E6372656D656E7473222C2261726773223A5B7B227072696D617279223A747275652C227072696D6172794B6579223A747275657D5D2C2264656661756C74546F223A6E756C6C2C226E6F744E756C6C61626C65223A747275652C22756E7369676E6564223A66616C73657D2C7B226E616D65223A227472616E736665725F746F6B656E5F7065726D697373696F6E5F6964222C2274797065223A22696E7465676572222C2261726773223A5B5D2C2264656661756C74546F223A6E756C6C2C226E6F744E756C6C61626C65223A66616C73652C22756E7369676E6564223A747275657D2C7B226E616D65223A227472616E736665725F746F6B656E5F6964222C2274797065223A22696E7465676572222C2261726773223A5B5D2C2264656661756C74546F223A6E756C6C2C226E6F744E756C6C61626C65223A66616C73652C22756E7369676E6564223A747275657D2C7B226E616D65223A227472616E736665725F746F6B656E5F7065726D697373696F6E5F6F7264222C2274797065223A22646F75626C65222C2261726773223A5B5D2C2264656661756C74546F223A6E756C6C2C226E6F744E756C6C61626C65223A66616C73652C22756E7369676E6564223A747275657D5D7D5D7D','2026-01-18 01:32:50','261fb1e4c55d6d035e746da9d230a417');

/*!40000 ALTER TABLE `strapi_database_schema` ENABLE KEYS */;
UNLOCK TABLES;


# Dump of table strapi_history_versions
# ------------------------------------------------------------

DROP TABLE IF EXISTS `strapi_history_versions`;

CREATE TABLE `strapi_history_versions` (
  `id` int(10) unsigned NOT NULL AUTO_INCREMENT,
  `content_type` varchar(255) NOT NULL,
  `related_document_id` varchar(255) DEFAULT NULL,
  `locale` varchar(255) DEFAULT NULL,
  `status` varchar(255) DEFAULT NULL,
  `data` longtext CHARACTER SET utf8mb4 COLLATE utf8mb4_bin DEFAULT NULL CHECK (json_valid(`data`)),
  `schema` longtext CHARACTER SET utf8mb4 COLLATE utf8mb4_bin DEFAULT NULL CHECK (json_valid(`schema`)),
  `created_at` datetime(6) DEFAULT NULL,
  `created_by_id` int(10) unsigned DEFAULT NULL,
  PRIMARY KEY (`id`),
  KEY `strapi_history_versions_created_by_id_fk` (`created_by_id`),
  CONSTRAINT `strapi_history_versions_created_by_id_fk` FOREIGN KEY (`created_by_id`) REFERENCES `admin_users` (`id`) ON DELETE SET NULL
) ENGINE=InnoDB DEFAULT CHARSET=utf8mb4 COLLATE=utf8mb4_uca1400_ai_ci;



# Dump of table strapi_migrations
# ------------------------------------------------------------

DROP TABLE IF EXISTS `strapi_migrations`;

CREATE TABLE `strapi_migrations` (
  `id` int(10) unsigned NOT NULL AUTO_INCREMENT,
  `name` varchar(255) DEFAULT NULL,
  `time` datetime DEFAULT NULL,
  PRIMARY KEY (`id`)
) ENGINE=InnoDB DEFAULT CHARSET=utf8mb4 COLLATE=utf8mb4_uca1400_ai_ci;



# Dump of table strapi_migrations_internal
# ------------------------------------------------------------

DROP TABLE IF EXISTS `strapi_migrations_internal`;

CREATE TABLE `strapi_migrations_internal` (
  `id` int(10) unsigned NOT NULL AUTO_INCREMENT,
  `name` varchar(255) DEFAULT NULL,
  `time` datetime DEFAULT NULL,
  PRIMARY KEY (`id`)
) ENGINE=InnoDB DEFAULT CHARSET=utf8mb4 COLLATE=utf8mb4_uca1400_ai_ci;

LOCK TABLES `strapi_migrations_internal` WRITE;
/*!40000 ALTER TABLE `strapi_migrations_internal` DISABLE KEYS */;

INSERT INTO `strapi_migrations_internal` (`id`, `name`, `time`)
VALUES
	(1,'5.0.0-rename-identifiers-longer-than-max-length','2025-10-21 18:18:01'),
	(2,'5.0.0-02-created-document-id','2025-10-21 18:18:01'),
	(3,'5.0.0-03-created-locale','2025-10-21 18:18:01'),
	(4,'5.0.0-04-created-published-at','2025-10-21 18:18:01'),
	(5,'5.0.0-05-drop-slug-fields-index','2025-10-21 18:18:01'),
	(6,'core::5.0.0-discard-drafts','2025-10-21 18:18:01');

/*!40000 ALTER TABLE `strapi_migrations_internal` ENABLE KEYS */;
UNLOCK TABLES;


# Dump of table strapi_release_actions
# ------------------------------------------------------------

DROP TABLE IF EXISTS `strapi_release_actions`;

CREATE TABLE `strapi_release_actions` (
  `id` int(10) unsigned NOT NULL AUTO_INCREMENT,
  `document_id` varchar(255) DEFAULT NULL,
  `type` varchar(255) DEFAULT NULL,
  `content_type` varchar(255) DEFAULT NULL,
  `entry_document_id` varchar(255) DEFAULT NULL,
  `locale` varchar(255) DEFAULT NULL,
  `is_entry_valid` tinyint(1) DEFAULT NULL,
  `created_at` datetime(6) DEFAULT NULL,
  `updated_at` datetime(6) DEFAULT NULL,
  `published_at` datetime(6) DEFAULT NULL,
  `created_by_id` int(10) unsigned DEFAULT NULL,
  `updated_by_id` int(10) unsigned DEFAULT NULL,
  PRIMARY KEY (`id`),
  KEY `strapi_release_actions_documents_idx` (`document_id`,`locale`,`published_at`),
  KEY `strapi_release_actions_created_by_id_fk` (`created_by_id`),
  KEY `strapi_release_actions_updated_by_id_fk` (`updated_by_id`),
  CONSTRAINT `strapi_release_actions_created_by_id_fk` FOREIGN KEY (`created_by_id`) REFERENCES `admin_users` (`id`) ON DELETE SET NULL,
  CONSTRAINT `strapi_release_actions_updated_by_id_fk` FOREIGN KEY (`updated_by_id`) REFERENCES `admin_users` (`id`) ON DELETE SET NULL
) ENGINE=InnoDB DEFAULT CHARSET=utf8mb4 COLLATE=utf8mb4_uca1400_ai_ci;



# Dump of table strapi_release_actions_release_lnk
# ------------------------------------------------------------

DROP TABLE IF EXISTS `strapi_release_actions_release_lnk`;

CREATE TABLE `strapi_release_actions_release_lnk` (
  `id` int(10) unsigned NOT NULL AUTO_INCREMENT,
  `release_action_id` int(10) unsigned DEFAULT NULL,
  `release_id` int(10) unsigned DEFAULT NULL,
  `release_action_ord` double unsigned DEFAULT NULL,
  PRIMARY KEY (`id`),
  UNIQUE KEY `strapi_release_actions_release_lnk_uq` (`release_action_id`,`release_id`),
  KEY `strapi_release_actions_release_lnk_fk` (`release_action_id`),
  KEY `strapi_release_actions_release_lnk_ifk` (`release_id`),
  KEY `strapi_release_actions_release_lnk_oifk` (`release_action_ord`),
  CONSTRAINT `strapi_release_actions_release_lnk_fk` FOREIGN KEY (`release_action_id`) REFERENCES `strapi_release_actions` (`id`) ON DELETE CASCADE,
  CONSTRAINT `strapi_release_actions_release_lnk_ifk` FOREIGN KEY (`release_id`) REFERENCES `strapi_releases` (`id`) ON DELETE CASCADE
) ENGINE=InnoDB DEFAULT CHARSET=utf8mb4 COLLATE=utf8mb4_uca1400_ai_ci;



# Dump of table strapi_releases
# ------------------------------------------------------------

DROP TABLE IF EXISTS `strapi_releases`;

CREATE TABLE `strapi_releases` (
  `id` int(10) unsigned NOT NULL AUTO_INCREMENT,
  `document_id` varchar(255) DEFAULT NULL,
  `name` varchar(255) DEFAULT NULL,
  `released_at` datetime(6) DEFAULT NULL,
  `scheduled_at` datetime(6) DEFAULT NULL,
  `timezone` varchar(255) DEFAULT NULL,
  `status` varchar(255) DEFAULT NULL,
  `created_at` datetime(6) DEFAULT NULL,
  `updated_at` datetime(6) DEFAULT NULL,
  `published_at` datetime(6) DEFAULT NULL,
  `created_by_id` int(10) unsigned DEFAULT NULL,
  `updated_by_id` int(10) unsigned DEFAULT NULL,
  `locale` varchar(255) DEFAULT NULL,
  PRIMARY KEY (`id`),
  KEY `strapi_releases_documents_idx` (`document_id`,`locale`,`published_at`),
  KEY `strapi_releases_created_by_id_fk` (`created_by_id`),
  KEY `strapi_releases_updated_by_id_fk` (`updated_by_id`),
  CONSTRAINT `strapi_releases_created_by_id_fk` FOREIGN KEY (`created_by_id`) REFERENCES `admin_users` (`id`) ON DELETE SET NULL,
  CONSTRAINT `strapi_releases_updated_by_id_fk` FOREIGN KEY (`updated_by_id`) REFERENCES `admin_users` (`id`) ON DELETE SET NULL
) ENGINE=InnoDB DEFAULT CHARSET=utf8mb4 COLLATE=utf8mb4_uca1400_ai_ci;



# Dump of table strapi_transfer_token_permissions
# ------------------------------------------------------------

DROP TABLE IF EXISTS `strapi_transfer_token_permissions`;

CREATE TABLE `strapi_transfer_token_permissions` (
  `id` int(10) unsigned NOT NULL AUTO_INCREMENT,
  `document_id` varchar(255) DEFAULT NULL,
  `action` varchar(255) DEFAULT NULL,
  `created_at` datetime(6) DEFAULT NULL,
  `updated_at` datetime(6) DEFAULT NULL,
  `published_at` datetime(6) DEFAULT NULL,
  `created_by_id` int(10) unsigned DEFAULT NULL,
  `updated_by_id` int(10) unsigned DEFAULT NULL,
  `locale` varchar(255) DEFAULT NULL,
  PRIMARY KEY (`id`),
  KEY `strapi_transfer_token_permissions_documents_idx` (`document_id`,`locale`,`published_at`),
  KEY `strapi_transfer_token_permissions_created_by_id_fk` (`created_by_id`),
  KEY `strapi_transfer_token_permissions_updated_by_id_fk` (`updated_by_id`),
  CONSTRAINT `strapi_transfer_token_permissions_created_by_id_fk` FOREIGN KEY (`created_by_id`) REFERENCES `admin_users` (`id`) ON DELETE SET NULL,
  CONSTRAINT `strapi_transfer_token_permissions_updated_by_id_fk` FOREIGN KEY (`updated_by_id`) REFERENCES `admin_users` (`id`) ON DELETE SET NULL
) ENGINE=InnoDB DEFAULT CHARSET=utf8mb4 COLLATE=utf8mb4_uca1400_ai_ci;



# Dump of table strapi_transfer_token_permissions_token_lnk
# ------------------------------------------------------------

DROP TABLE IF EXISTS `strapi_transfer_token_permissions_token_lnk`;

CREATE TABLE `strapi_transfer_token_permissions_token_lnk` (
  `id` int(10) unsigned NOT NULL AUTO_INCREMENT,
  `transfer_token_permission_id` int(10) unsigned DEFAULT NULL,
  `transfer_token_id` int(10) unsigned DEFAULT NULL,
  `transfer_token_permission_ord` double unsigned DEFAULT NULL,
  PRIMARY KEY (`id`),
  UNIQUE KEY `strapi_transfer_token_permissions_token_lnk_uq` (`transfer_token_permission_id`,`transfer_token_id`),
  KEY `strapi_transfer_token_permissions_token_lnk_fk` (`transfer_token_permission_id`),
  KEY `strapi_transfer_token_permissions_token_lnk_ifk` (`transfer_token_id`),
  KEY `strapi_transfer_token_permissions_token_lnk_oifk` (`transfer_token_permission_ord`),
  CONSTRAINT `strapi_transfer_token_permissions_token_lnk_fk` FOREIGN KEY (`transfer_token_permission_id`) REFERENCES `strapi_transfer_token_permissions` (`id`) ON DELETE CASCADE,
  CONSTRAINT `strapi_transfer_token_permissions_token_lnk_ifk` FOREIGN KEY (`transfer_token_id`) REFERENCES `strapi_transfer_tokens` (`id`) ON DELETE CASCADE
) ENGINE=InnoDB DEFAULT CHARSET=utf8mb4 COLLATE=utf8mb4_uca1400_ai_ci;



# Dump of table strapi_transfer_tokens
# ------------------------------------------------------------

DROP TABLE IF EXISTS `strapi_transfer_tokens`;

CREATE TABLE `strapi_transfer_tokens` (
  `id` int(10) unsigned NOT NULL AUTO_INCREMENT,
  `document_id` varchar(255) DEFAULT NULL,
  `name` varchar(255) DEFAULT NULL,
  `description` varchar(255) DEFAULT NULL,
  `access_key` varchar(255) DEFAULT NULL,
  `last_used_at` datetime(6) DEFAULT NULL,
  `expires_at` datetime(6) DEFAULT NULL,
  `lifespan` bigint(20) DEFAULT NULL,
  `created_at` datetime(6) DEFAULT NULL,
  `updated_at` datetime(6) DEFAULT NULL,
  `published_at` datetime(6) DEFAULT NULL,
  `created_by_id` int(10) unsigned DEFAULT NULL,
  `updated_by_id` int(10) unsigned DEFAULT NULL,
  `locale` varchar(255) DEFAULT NULL,
  PRIMARY KEY (`id`),
  KEY `strapi_transfer_tokens_documents_idx` (`document_id`,`locale`,`published_at`),
  KEY `strapi_transfer_tokens_created_by_id_fk` (`created_by_id`),
  KEY `strapi_transfer_tokens_updated_by_id_fk` (`updated_by_id`),
  CONSTRAINT `strapi_transfer_tokens_created_by_id_fk` FOREIGN KEY (`created_by_id`) REFERENCES `admin_users` (`id`) ON DELETE SET NULL,
  CONSTRAINT `strapi_transfer_tokens_updated_by_id_fk` FOREIGN KEY (`updated_by_id`) REFERENCES `admin_users` (`id`) ON DELETE SET NULL
) ENGINE=InnoDB DEFAULT CHARSET=utf8mb4 COLLATE=utf8mb4_uca1400_ai_ci;



# Dump of table strapi_webhooks
# ------------------------------------------------------------

DROP TABLE IF EXISTS `strapi_webhooks`;

CREATE TABLE `strapi_webhooks` (
  `id` int(10) unsigned NOT NULL AUTO_INCREMENT,
  `name` varchar(255) DEFAULT NULL,
  `url` longtext DEFAULT NULL,
  `headers` longtext CHARACTER SET utf8mb4 COLLATE utf8mb4_bin DEFAULT NULL CHECK (json_valid(`headers`)),
  `events` longtext CHARACTER SET utf8mb4 COLLATE utf8mb4_bin DEFAULT NULL CHECK (json_valid(`events`)),
  `enabled` tinyint(1) DEFAULT NULL,
  PRIMARY KEY (`id`)
) ENGINE=InnoDB DEFAULT CHARSET=utf8mb4 COLLATE=utf8mb4_uca1400_ai_ci;



# Dump of table strapi_workflows
# ------------------------------------------------------------

DROP TABLE IF EXISTS `strapi_workflows`;

CREATE TABLE `strapi_workflows` (
  `id` int(10) unsigned NOT NULL AUTO_INCREMENT,
  `document_id` varchar(255) DEFAULT NULL,
  `name` varchar(255) DEFAULT NULL,
  `content_types` longtext CHARACTER SET utf8mb4 COLLATE utf8mb4_bin DEFAULT NULL CHECK (json_valid(`content_types`)),
  `created_at` datetime(6) DEFAULT NULL,
  `updated_at` datetime(6) DEFAULT NULL,
  `published_at` datetime(6) DEFAULT NULL,
  `created_by_id` int(10) unsigned DEFAULT NULL,
  `updated_by_id` int(10) unsigned DEFAULT NULL,
  `locale` varchar(255) DEFAULT NULL,
  PRIMARY KEY (`id`),
  KEY `strapi_workflows_documents_idx` (`document_id`,`locale`,`published_at`),
  KEY `strapi_workflows_created_by_id_fk` (`created_by_id`),
  KEY `strapi_workflows_updated_by_id_fk` (`updated_by_id`),
  CONSTRAINT `strapi_workflows_created_by_id_fk` FOREIGN KEY (`created_by_id`) REFERENCES `admin_users` (`id`) ON DELETE SET NULL,
  CONSTRAINT `strapi_workflows_updated_by_id_fk` FOREIGN KEY (`updated_by_id`) REFERENCES `admin_users` (`id`) ON DELETE SET NULL
) ENGINE=InnoDB DEFAULT CHARSET=utf8mb4 COLLATE=utf8mb4_uca1400_ai_ci;



# Dump of table strapi_workflows_stage_required_to_publish_lnk
# ------------------------------------------------------------

DROP TABLE IF EXISTS `strapi_workflows_stage_required_to_publish_lnk`;

CREATE TABLE `strapi_workflows_stage_required_to_publish_lnk` (
  `id` int(10) unsigned NOT NULL AUTO_INCREMENT,
  `workflow_id` int(10) unsigned DEFAULT NULL,
  `workflow_stage_id` int(10) unsigned DEFAULT NULL,
  PRIMARY KEY (`id`),
  UNIQUE KEY `strapi_workflows_stage_required_to_publish_lnk_uq` (`workflow_id`,`workflow_stage_id`),
  KEY `strapi_workflows_stage_required_to_publish_lnk_fk` (`workflow_id`),
  KEY `strapi_workflows_stage_required_to_publish_lnk_ifk` (`workflow_stage_id`),
  CONSTRAINT `strapi_workflows_stage_required_to_publish_lnk_fk` FOREIGN KEY (`workflow_id`) REFERENCES `strapi_workflows` (`id`) ON DELETE CASCADE,
  CONSTRAINT `strapi_workflows_stage_required_to_publish_lnk_ifk` FOREIGN KEY (`workflow_stage_id`) REFERENCES `strapi_workflows_stages` (`id`) ON DELETE CASCADE
) ENGINE=InnoDB DEFAULT CHARSET=utf8mb4 COLLATE=utf8mb4_uca1400_ai_ci;



# Dump of table strapi_workflows_stages
# ------------------------------------------------------------

DROP TABLE IF EXISTS `strapi_workflows_stages`;

CREATE TABLE `strapi_workflows_stages` (
  `id` int(10) unsigned NOT NULL AUTO_INCREMENT,
  `document_id` varchar(255) DEFAULT NULL,
  `name` varchar(255) DEFAULT NULL,
  `color` varchar(255) DEFAULT NULL,
  `created_at` datetime(6) DEFAULT NULL,
  `updated_at` datetime(6) DEFAULT NULL,
  `published_at` datetime(6) DEFAULT NULL,
  `created_by_id` int(10) unsigned DEFAULT NULL,
  `updated_by_id` int(10) unsigned DEFAULT NULL,
  `locale` varchar(255) DEFAULT NULL,
  PRIMARY KEY (`id`),
  KEY `strapi_workflows_stages_documents_idx` (`document_id`,`locale`,`published_at`),
  KEY `strapi_workflows_stages_created_by_id_fk` (`created_by_id`),
  KEY `strapi_workflows_stages_updated_by_id_fk` (`updated_by_id`),
  CONSTRAINT `strapi_workflows_stages_created_by_id_fk` FOREIGN KEY (`created_by_id`) REFERENCES `admin_users` (`id`) ON DELETE SET NULL,
  CONSTRAINT `strapi_workflows_stages_updated_by_id_fk` FOREIGN KEY (`updated_by_id`) REFERENCES `admin_users` (`id`) ON DELETE SET NULL
) ENGINE=InnoDB DEFAULT CHARSET=utf8mb4 COLLATE=utf8mb4_uca1400_ai_ci;



# Dump of table strapi_workflows_stages_permissions_lnk
# ------------------------------------------------------------

DROP TABLE IF EXISTS `strapi_workflows_stages_permissions_lnk`;

CREATE TABLE `strapi_workflows_stages_permissions_lnk` (
  `id` int(10) unsigned NOT NULL AUTO_INCREMENT,
  `workflow_stage_id` int(10) unsigned DEFAULT NULL,
  `permission_id` int(10) unsigned DEFAULT NULL,
  `permission_ord` double unsigned DEFAULT NULL,
  PRIMARY KEY (`id`),
  UNIQUE KEY `strapi_workflows_stages_permissions_lnk_uq` (`workflow_stage_id`,`permission_id`),
  KEY `strapi_workflows_stages_permissions_lnk_fk` (`workflow_stage_id`),
  KEY `strapi_workflows_stages_permissions_lnk_ifk` (`permission_id`),
  KEY `strapi_workflows_stages_permissions_lnk_ofk` (`permission_ord`),
  CONSTRAINT `strapi_workflows_stages_permissions_lnk_fk` FOREIGN KEY (`workflow_stage_id`) REFERENCES `strapi_workflows_stages` (`id`) ON DELETE CASCADE,
  CONSTRAINT `strapi_workflows_stages_permissions_lnk_ifk` FOREIGN KEY (`permission_id`) REFERENCES `admin_permissions` (`id`) ON DELETE CASCADE
) ENGINE=InnoDB DEFAULT CHARSET=utf8mb4 COLLATE=utf8mb4_uca1400_ai_ci;



# Dump of table strapi_workflows_stages_workflow_lnk
# ------------------------------------------------------------

DROP TABLE IF EXISTS `strapi_workflows_stages_workflow_lnk`;

CREATE TABLE `strapi_workflows_stages_workflow_lnk` (
  `id` int(10) unsigned NOT NULL AUTO_INCREMENT,
  `workflow_stage_id` int(10) unsigned DEFAULT NULL,
  `workflow_id` int(10) unsigned DEFAULT NULL,
  `workflow_stage_ord` double unsigned DEFAULT NULL,
  PRIMARY KEY (`id`),
  UNIQUE KEY `strapi_workflows_stages_workflow_lnk_uq` (`workflow_stage_id`,`workflow_id`),
  KEY `strapi_workflows_stages_workflow_lnk_fk` (`workflow_stage_id`),
  KEY `strapi_workflows_stages_workflow_lnk_ifk` (`workflow_id`),
  KEY `strapi_workflows_stages_workflow_lnk_oifk` (`workflow_stage_ord`),
  CONSTRAINT `strapi_workflows_stages_workflow_lnk_fk` FOREIGN KEY (`workflow_stage_id`) REFERENCES `strapi_workflows_stages` (`id`) ON DELETE CASCADE,
  CONSTRAINT `strapi_workflows_stages_workflow_lnk_ifk` FOREIGN KEY (`workflow_id`) REFERENCES `strapi_workflows` (`id`) ON DELETE CASCADE
) ENGINE=InnoDB DEFAULT CHARSET=utf8mb4 COLLATE=utf8mb4_uca1400_ai_ci;



# Dump of table up_permissions
# ------------------------------------------------------------

DROP TABLE IF EXISTS `up_permissions`;

CREATE TABLE `up_permissions` (
  `id` int(10) unsigned NOT NULL AUTO_INCREMENT,
  `document_id` varchar(255) DEFAULT NULL,
  `action` varchar(255) DEFAULT NULL,
  `created_at` datetime(6) DEFAULT NULL,
  `updated_at` datetime(6) DEFAULT NULL,
  `published_at` datetime(6) DEFAULT NULL,
  `created_by_id` int(10) unsigned DEFAULT NULL,
  `updated_by_id` int(10) unsigned DEFAULT NULL,
  `locale` varchar(255) DEFAULT NULL,
  PRIMARY KEY (`id`),
  KEY `up_permissions_documents_idx` (`document_id`,`locale`,`published_at`),
  KEY `up_permissions_created_by_id_fk` (`created_by_id`),
  KEY `up_permissions_updated_by_id_fk` (`updated_by_id`),
  CONSTRAINT `up_permissions_created_by_id_fk` FOREIGN KEY (`created_by_id`) REFERENCES `admin_users` (`id`) ON DELETE SET NULL,
  CONSTRAINT `up_permissions_updated_by_id_fk` FOREIGN KEY (`updated_by_id`) REFERENCES `admin_users` (`id`) ON DELETE SET NULL
) ENGINE=InnoDB DEFAULT CHARSET=utf8mb4 COLLATE=utf8mb4_uca1400_ai_ci;

LOCK TABLES `up_permissions` WRITE;
/*!40000 ALTER TABLE `up_permissions` DISABLE KEYS */;

INSERT INTO `up_permissions` (`id`, `document_id`, `action`, `created_at`, `updated_at`, `published_at`, `created_by_id`, `updated_by_id`, `locale`)
VALUES
	(1,'iuwe0myvrf4xxo402wxvprip','plugin::users-permissions.auth.changePassword','2025-10-21 18:18:02.904000','2025-10-21 18:18:02.904000','2025-10-21 18:18:02.904000',NULL,NULL,NULL),
	(2,'fcgi082ir7p1oa1i5obglfrf','plugin::users-permissions.user.me','2025-10-21 18:18:02.904000','2025-10-21 18:18:02.904000','2025-10-21 18:18:02.904000',NULL,NULL,NULL),
	(3,'hzsi5bd1o3dd3l9xu27mj59s','plugin::users-permissions.auth.connect','2025-10-21 18:18:02.909000','2025-10-21 18:18:02.909000','2025-10-21 18:18:02.909000',NULL,NULL,NULL),
	(4,'ugozyy27o1fzov59cwrm0blq','plugin::users-permissions.auth.callback','2025-10-21 18:18:02.909000','2025-10-21 18:18:02.909000','2025-10-21 18:18:02.909000',NULL,NULL,NULL),
	(5,'mvxc6bg7kh4czrw832fakix2','plugin::users-permissions.auth.forgotPassword','2025-10-21 18:18:02.909000','2025-10-21 18:18:02.909000','2025-10-21 18:18:02.909000',NULL,NULL,NULL),
	(6,'i6x72bx4de1gapvwx7ukbkrz','plugin::users-permissions.auth.emailConfirmation','2025-10-21 18:18:02.909000','2025-10-21 18:18:02.909000','2025-10-21 18:18:02.909000',NULL,NULL,NULL),
	(7,'zserr3xf5fjqbqwtn4fhjt34','plugin::users-permissions.auth.sendEmailConfirmation','2025-10-21 18:18:02.909000','2025-10-21 18:18:02.909000','2025-10-21 18:18:02.909000',NULL,NULL,NULL),
	(8,'l10p7czma59zxj6nz4v8zvp1','plugin::users-permissions.auth.resetPassword','2025-10-21 18:18:02.909000','2025-10-21 18:18:02.909000','2025-10-21 18:18:02.909000',NULL,NULL,NULL),
	(9,'s0sdozlfwwzg6vsq21uz0d3t','plugin::users-permissions.auth.register','2025-10-21 18:18:02.909000','2025-10-21 18:18:02.909000','2025-10-21 18:18:02.909000',NULL,NULL,NULL);

/*!40000 ALTER TABLE `up_permissions` ENABLE KEYS */;
UNLOCK TABLES;


# Dump of table up_permissions_role_lnk
# ------------------------------------------------------------

DROP TABLE IF EXISTS `up_permissions_role_lnk`;

CREATE TABLE `up_permissions_role_lnk` (
  `id` int(10) unsigned NOT NULL AUTO_INCREMENT,
  `permission_id` int(10) unsigned DEFAULT NULL,
  `role_id` int(10) unsigned DEFAULT NULL,
  `permission_ord` double unsigned DEFAULT NULL,
  PRIMARY KEY (`id`),
  UNIQUE KEY `up_permissions_role_lnk_uq` (`permission_id`,`role_id`),
  KEY `up_permissions_role_lnk_fk` (`permission_id`),
  KEY `up_permissions_role_lnk_ifk` (`role_id`),
  KEY `up_permissions_role_lnk_oifk` (`permission_ord`),
  CONSTRAINT `up_permissions_role_lnk_fk` FOREIGN KEY (`permission_id`) REFERENCES `up_permissions` (`id`) ON DELETE CASCADE,
  CONSTRAINT `up_permissions_role_lnk_ifk` FOREIGN KEY (`role_id`) REFERENCES `up_roles` (`id`) ON DELETE CASCADE
) ENGINE=InnoDB DEFAULT CHARSET=utf8mb4 COLLATE=utf8mb4_uca1400_ai_ci;

LOCK TABLES `up_permissions_role_lnk` WRITE;
/*!40000 ALTER TABLE `up_permissions_role_lnk` DISABLE KEYS */;

INSERT INTO `up_permissions_role_lnk` (`id`, `permission_id`, `role_id`, `permission_ord`)
VALUES
	(1,1,1,1),
	(2,2,1,1),
	(3,3,2,1),
	(4,5,2,2),
	(5,8,2,2),
	(6,6,2,2),
	(7,4,2,2),
	(8,7,2,2),
	(9,9,2,2);

/*!40000 ALTER TABLE `up_permissions_role_lnk` ENABLE KEYS */;
UNLOCK TABLES;


# Dump of table up_roles
# ------------------------------------------------------------

DROP TABLE IF EXISTS `up_roles`;

CREATE TABLE `up_roles` (
  `id` int(10) unsigned NOT NULL AUTO_INCREMENT,
  `document_id` varchar(255) DEFAULT NULL,
  `name` varchar(255) DEFAULT NULL,
  `description` varchar(255) DEFAULT NULL,
  `type` varchar(255) DEFAULT NULL,
  `created_at` datetime(6) DEFAULT NULL,
  `updated_at` datetime(6) DEFAULT NULL,
  `published_at` datetime(6) DEFAULT NULL,
  `created_by_id` int(10) unsigned DEFAULT NULL,
  `updated_by_id` int(10) unsigned DEFAULT NULL,
  `locale` varchar(255) DEFAULT NULL,
  PRIMARY KEY (`id`),
  KEY `up_roles_documents_idx` (`document_id`,`locale`,`published_at`),
  KEY `up_roles_created_by_id_fk` (`created_by_id`),
  KEY `up_roles_updated_by_id_fk` (`updated_by_id`),
  CONSTRAINT `up_roles_created_by_id_fk` FOREIGN KEY (`created_by_id`) REFERENCES `admin_users` (`id`) ON DELETE SET NULL,
  CONSTRAINT `up_roles_updated_by_id_fk` FOREIGN KEY (`updated_by_id`) REFERENCES `admin_users` (`id`) ON DELETE SET NULL
) ENGINE=InnoDB DEFAULT CHARSET=utf8mb4 COLLATE=utf8mb4_uca1400_ai_ci;

LOCK TABLES `up_roles` WRITE;
/*!40000 ALTER TABLE `up_roles` DISABLE KEYS */;

INSERT INTO `up_roles` (`id`, `document_id`, `name`, `description`, `type`, `created_at`, `updated_at`, `published_at`, `created_by_id`, `updated_by_id`, `locale`)
VALUES
	(1,'g404qrsjh1clejtnwhn0kg2n','Authenticated','Default role given to authenticated user.','authenticated','2025-10-21 18:18:02.898000','2025-10-21 18:18:02.898000','2025-10-21 18:18:02.898000',NULL,NULL,NULL),
	(2,'za8d9b8hj1bofeshu5jx2f6f','Public','Default role given to unauthenticated user.','public','2025-10-21 18:18:02.900000','2025-10-21 18:18:02.900000','2025-10-21 18:18:02.900000',NULL,NULL,NULL);

/*!40000 ALTER TABLE `up_roles` ENABLE KEYS */;
UNLOCK TABLES;


# Dump of table up_users
# ------------------------------------------------------------

DROP TABLE IF EXISTS `up_users`;

CREATE TABLE `up_users` (
  `id` int(10) unsigned NOT NULL AUTO_INCREMENT,
  `document_id` varchar(255) DEFAULT NULL,
  `username` varchar(255) DEFAULT NULL,
  `email` varchar(255) DEFAULT NULL,
  `provider` varchar(255) DEFAULT NULL,
  `password` varchar(255) DEFAULT NULL,
  `reset_password_token` varchar(255) DEFAULT NULL,
  `confirmation_token` varchar(255) DEFAULT NULL,
  `confirmed` tinyint(1) DEFAULT NULL,
  `blocked` tinyint(1) DEFAULT NULL,
  `created_at` datetime(6) DEFAULT NULL,
  `updated_at` datetime(6) DEFAULT NULL,
  `published_at` datetime(6) DEFAULT NULL,
  `created_by_id` int(10) unsigned DEFAULT NULL,
  `updated_by_id` int(10) unsigned DEFAULT NULL,
  `locale` varchar(255) DEFAULT NULL,
  PRIMARY KEY (`id`),
  KEY `up_users_documents_idx` (`document_id`,`locale`,`published_at`),
  KEY `up_users_created_by_id_fk` (`created_by_id`),
  KEY `up_users_updated_by_id_fk` (`updated_by_id`),
  CONSTRAINT `up_users_created_by_id_fk` FOREIGN KEY (`created_by_id`) REFERENCES `admin_users` (`id`) ON DELETE SET NULL,
  CONSTRAINT `up_users_updated_by_id_fk` FOREIGN KEY (`updated_by_id`) REFERENCES `admin_users` (`id`) ON DELETE SET NULL
) ENGINE=InnoDB DEFAULT CHARSET=utf8mb4 COLLATE=utf8mb4_uca1400_ai_ci;



# Dump of table up_users_role_lnk
# ------------------------------------------------------------

DROP TABLE IF EXISTS `up_users_role_lnk`;

CREATE TABLE `up_users_role_lnk` (
  `id` int(10) unsigned NOT NULL AUTO_INCREMENT,
  `user_id` int(10) unsigned DEFAULT NULL,
  `role_id` int(10) unsigned DEFAULT NULL,
  `user_ord` double unsigned DEFAULT NULL,
  PRIMARY KEY (`id`),
  UNIQUE KEY `up_users_role_lnk_uq` (`user_id`,`role_id`),
  KEY `up_users_role_lnk_fk` (`user_id`),
  KEY `up_users_role_lnk_ifk` (`role_id`),
  KEY `up_users_role_lnk_oifk` (`user_ord`),
  CONSTRAINT `up_users_role_lnk_fk` FOREIGN KEY (`user_id`) REFERENCES `up_users` (`id`) ON DELETE CASCADE,
  CONSTRAINT `up_users_role_lnk_ifk` FOREIGN KEY (`role_id`) REFERENCES `up_roles` (`id`) ON DELETE CASCADE
) ENGINE=InnoDB DEFAULT CHARSET=utf8mb4 COLLATE=utf8mb4_uca1400_ai_ci;



# Dump of table upload_folders
# ------------------------------------------------------------

DROP TABLE IF EXISTS `upload_folders`;

CREATE TABLE `upload_folders` (
  `id` int(10) unsigned NOT NULL AUTO_INCREMENT,
  `document_id` varchar(255) DEFAULT NULL,
  `name` varchar(255) DEFAULT NULL,
  `path_id` int(11) DEFAULT NULL,
  `path` varchar(255) DEFAULT NULL,
  `created_at` datetime(6) DEFAULT NULL,
  `updated_at` datetime(6) DEFAULT NULL,
  `published_at` datetime(6) DEFAULT NULL,
  `created_by_id` int(10) unsigned DEFAULT NULL,
  `updated_by_id` int(10) unsigned DEFAULT NULL,
  `locale` varchar(255) DEFAULT NULL,
  PRIMARY KEY (`id`),
  UNIQUE KEY `upload_folders_path_id_index` (`path_id`),
  UNIQUE KEY `upload_folders_path_index` (`path`),
  KEY `upload_folders_documents_idx` (`document_id`,`locale`,`published_at`),
  KEY `upload_folders_created_by_id_fk` (`created_by_id`),
  KEY `upload_folders_updated_by_id_fk` (`updated_by_id`),
  CONSTRAINT `upload_folders_created_by_id_fk` FOREIGN KEY (`created_by_id`) REFERENCES `admin_users` (`id`) ON DELETE SET NULL,
  CONSTRAINT `upload_folders_updated_by_id_fk` FOREIGN KEY (`updated_by_id`) REFERENCES `admin_users` (`id`) ON DELETE SET NULL
) ENGINE=InnoDB DEFAULT CHARSET=utf8mb4 COLLATE=utf8mb4_uca1400_ai_ci;



# Dump of table upload_folders_parent_lnk
# ------------------------------------------------------------

DROP TABLE IF EXISTS `upload_folders_parent_lnk`;

CREATE TABLE `upload_folders_parent_lnk` (
  `id` int(10) unsigned NOT NULL AUTO_INCREMENT,
  `folder_id` int(10) unsigned DEFAULT NULL,
  `inv_folder_id` int(10) unsigned DEFAULT NULL,
  `folder_ord` double unsigned DEFAULT NULL,
  PRIMARY KEY (`id`),
  UNIQUE KEY `upload_folders_parent_lnk_uq` (`folder_id`,`inv_folder_id`),
  KEY `upload_folders_parent_lnk_fk` (`folder_id`),
  KEY `upload_folders_parent_lnk_ifk` (`inv_folder_id`),
  KEY `upload_folders_parent_lnk_oifk` (`folder_ord`),
  CONSTRAINT `upload_folders_parent_lnk_fk` FOREIGN KEY (`folder_id`) REFERENCES `upload_folders` (`id`) ON DELETE CASCADE,
  CONSTRAINT `upload_folders_parent_lnk_ifk` FOREIGN KEY (`inv_folder_id`) REFERENCES `upload_folders` (`id`) ON DELETE CASCADE
) ENGINE=InnoDB DEFAULT CHARSET=utf8mb4 COLLATE=utf8mb4_uca1400_ai_ci;




/*!40111 SET SQL_NOTES=@OLD_SQL_NOTES */;
/*!40101 SET SQL_MODE=@OLD_SQL_MODE */;
/*!40014 SET FOREIGN_KEY_CHECKS=@OLD_FOREIGN_KEY_CHECKS */;
/*!40101 SET CHARACTER_SET_CLIENT=@OLD_CHARACTER_SET_CLIENT */;
/*!40101 SET CHARACTER_SET_RESULTS=@OLD_CHARACTER_SET_RESULTS */;
/*!40101 SET COLLATION_CONNECTION=@OLD_COLLATION_CONNECTION */;
